-- --------------------------------------------------------
-- Host:                         127.0.0.1
-- Server version:               8.4.3 - MySQL Community Server - GPL
-- Server OS:                    Win64
-- HeidiSQL Version:             12.8.0.6908
-- --------------------------------------------------------

/*!40101 SET @OLD_CHARACTER_SET_CLIENT=@@CHARACTER_SET_CLIENT */;
/*!40101 SET NAMES utf8 */;
/*!50503 SET NAMES utf8mb4 */;
/*!40103 SET @OLD_TIME_ZONE=@@TIME_ZONE */;
/*!40103 SET TIME_ZONE='+00:00' */;
/*!40014 SET @OLD_FOREIGN_KEY_CHECKS=@@FOREIGN_KEY_CHECKS, FOREIGN_KEY_CHECKS=0 */;
/*!40101 SET @OLD_SQL_MODE=@@SQL_MODE, SQL_MODE='NO_AUTO_VALUE_ON_ZERO' */;
/*!40111 SET @OLD_SQL_NOTES=@@SQL_NOTES, SQL_NOTES=0 */;


-- Dumping database structure for just_speak

-- Dumping structure for table just_speak.accounts
DROP TABLE IF EXISTS `accounts`;
CREATE TABLE IF NOT EXISTS `accounts` (
  `id` bigint unsigned NOT NULL AUTO_INCREMENT,
  `code` varchar(255) COLLATE utf8mb4_unicode_ci NOT NULL,
  `name` varchar(255) COLLATE utf8mb4_unicode_ci NOT NULL,
  `type` varchar(255) COLLATE utf8mb4_unicode_ci NOT NULL,
  `created_at` timestamp NULL DEFAULT NULL,
  `updated_at` timestamp NULL DEFAULT NULL,
  PRIMARY KEY (`id`),
  UNIQUE KEY `accounts_code_unique` (`code`)
) ENGINE=InnoDB AUTO_INCREMENT=110 DEFAULT CHARSET=utf8mb4 COLLATE=utf8mb4_unicode_ci;

-- Dumping data for table just_speak.accounts: ~109 rows (approximately)
INSERT INTO `accounts` (`id`, `code`, `name`, `type`, `created_at`, `updated_at`) VALUES
	(1, '1001', 'Kas di Tangan', 'Asset', '2026-05-11 22:06:58', '2026-05-11 22:06:58'),
	(2, '1002', 'Kas di Bank', 'Asset', '2026-05-11 22:06:58', '2026-05-11 22:06:58'),
	(3, '1003', 'Piutang Usaha', 'Asset', '2026-05-11 22:06:58', '2026-05-11 22:06:58'),
	(4, '1003a', 'Penyisihan Piutang Tak Tertagih', 'Asset', '2026-05-11 22:06:58', '2026-05-11 22:06:58'),
	(5, '1004', 'Perlengkapan', 'Asset', '2026-05-11 22:06:58', '2026-05-11 22:06:58'),
	(6, '1005', 'Sewa Dibayar di Muka', 'Asset', '2026-05-11 22:06:58', '2026-05-11 22:06:58'),
	(7, '1006', 'Akumulasi Penyusutan Peralatan', 'Asset', '2026-05-11 22:06:58', '2026-05-11 22:06:58'),
	(8, '1007', 'Persediaan', 'Asset', '2026-05-11 22:06:58', '2026-05-11 22:06:58'),
	(9, '1008', 'Uang Muka / Deposit', 'Asset', '2026-05-11 22:06:58', '2026-05-11 22:06:58'),
	(10, '1009', 'Piutang Refund', 'Asset', '2026-05-11 22:06:58', '2026-05-11 22:06:58'),
	(11, '1101', 'Peralatan', 'Asset', '2026-05-11 22:06:58', '2026-05-11 22:06:58'),
	(12, '1102', 'Aset Tidak Berwujud', 'Asset', '2026-05-11 22:06:58', '2026-05-11 22:06:58'),
	(13, '2001', 'Utang Usaha', 'Liability', '2026-05-11 22:06:58', '2026-05-11 22:06:58'),
	(14, '2002', 'Pendapatan Diterima di Muka', 'Liability', '2026-05-11 22:06:58', '2026-05-11 22:06:58'),
	(15, '2003', 'Utang Gaji & Tunjangan', 'Liability', '2026-05-11 22:06:58', '2026-05-11 22:06:58'),
	(16, '2004', 'Biaya Yang Masih Harus Dibayar', 'Liability', '2026-05-11 22:06:58', '2026-05-11 22:06:58'),
	(17, '2005', 'Utang Pajak', 'Liability', '2026-05-11 22:06:58', '2026-05-11 22:06:58'),
	(18, '3001', 'Modal', 'Equity', '2026-05-11 22:06:58', '2026-05-11 22:06:58'),
	(19, '3002', 'Prive / Dividen', 'Equity', '2026-05-11 22:06:58', '2026-05-11 22:06:58'),
	(20, '3003', 'Saldo Laba Ditahan', 'Equity', '2026-05-11 22:06:58', '2026-05-11 22:06:58'),
	(21, '4000b', 'Pendapatan VIP', 'Revenue', '2026-05-11 22:06:58', '2026-05-11 22:06:58'),
	(22, '4010', 'Pendapatan ESP (NC)', 'Revenue', '2026-05-11 22:06:58', '2026-05-11 22:06:58'),
	(23, '4011', 'Pendapatan ESP (RP)', 'Revenue', '2026-05-11 22:06:58', '2026-05-11 22:06:58'),
	(24, '4020', 'Pendapatan Reguler EDC (NC)', 'Revenue', '2026-05-11 22:06:58', '2026-05-11 22:06:58'),
	(25, '4021', 'Pendapatan Reguler EDC (RP)', 'Revenue', '2026-05-11 22:06:58', '2026-05-11 22:06:58'),
	(26, '4030', 'Pendapatan Jasa Interpreter', 'Revenue', '2026-05-11 22:06:58', '2026-05-11 22:06:58'),
	(27, '4031', 'Pendapatan Reguler EFJ & EFK (RP)', 'Revenue', '2026-05-11 22:06:58', '2026-05-11 22:06:58'),
	(28, '4040', 'Pendapatan Reguler IELTS / Scholarship', 'Revenue', '2026-05-11 22:06:58', '2026-05-11 22:06:58'),
	(29, '4041', 'Pendapatan Biaya Pendaftaran', 'Revenue', '2026-05-11 22:06:58', '2026-05-11 22:06:58'),
	(30, '4050', 'Pendapatan Online Class Reguler (NC)', 'Revenue', '2026-05-11 22:06:58', '2026-05-11 22:06:58'),
	(31, '4051', 'Pendapatan Online Class Reguler (RP)', 'Revenue', '2026-05-11 22:06:58', '2026-05-11 22:06:58'),
	(32, '4060', 'Pendapatan Online Class ESP (NC)', 'Revenue', '2026-05-11 22:06:58', '2026-05-11 22:06:58'),
	(33, '4061', 'Pendapatan Online Class ESP (RP)', 'Revenue', '2026-05-11 22:06:58', '2026-05-11 22:06:58'),
	(34, '4070', 'Pendapatan TOEFL & IELTS Test', 'Revenue', '2026-05-11 22:06:58', '2026-05-11 22:06:58'),
	(35, '4080', 'Pendapatan Speedy English', 'Revenue', '2026-05-11 22:06:58', '2026-05-11 22:06:58'),
	(36, '4081', 'Pendapatan INASA Scrabble', 'Revenue', '2026-05-11 22:06:58', '2026-05-11 22:06:58'),
	(37, '4090', 'Pendapatan Buku & Merchandise', 'Revenue', '2026-05-11 22:06:58', '2026-05-11 22:06:58'),
	(38, '4101', 'Pendapatan B2B (Class)', 'Revenue', '2026-05-11 22:06:58', '2026-05-11 22:06:58'),
	(39, '4102', 'Pendapatan B2B (Project)', 'Revenue', '2026-05-11 22:06:58', '2026-05-11 22:06:58'),
	(40, '4111', 'Diskon Penjualan', 'Revenue', '2026-05-11 22:06:58', '2026-05-11 22:06:58'),
	(41, '4200', 'Pendapatan Lain-lain', 'Revenue', '2026-05-11 22:06:58', '2026-05-11 22:06:58'),
	(42, '4201', 'Pendapatan Bunga Bank', 'Revenue', '2026-05-11 22:06:58', '2026-05-11 22:06:58'),
	(43, '4202', 'Pendapatan Hangus (Forfeiture)', 'Revenue', '2026-05-11 22:06:58', '2026-05-11 22:06:58'),
	(44, '4203', 'Pendapatan Penarikan Dini', 'Revenue', '2026-05-11 22:06:58', '2026-05-11 22:06:58'),
	(45, '4901', 'Pendapatan VIP', 'Revenue', '2026-05-11 22:06:59', '2026-05-11 22:06:59'),
	(46, '4902', 'Pendapatan VIP IELTS', 'Revenue', '2026-05-11 22:06:59', '2026-05-11 22:06:59'),
	(47, '4903', 'Pendapatan Speaking Express Online', 'Revenue', '2026-05-11 22:06:59', '2026-05-11 22:06:59'),
	(48, '4911', 'Pendapatan ESP Flash', 'Revenue', '2026-05-11 22:06:59', '2026-05-11 22:06:59'),
	(49, '4912', 'Pendapatan ESP Plus', 'Revenue', '2026-05-11 22:06:59', '2026-05-11 22:06:59'),
	(50, '4913', 'Pendapatan ESP Premium', 'Revenue', '2026-05-11 22:06:59', '2026-05-11 22:06:59'),
	(51, '4921', 'Pendapatan IELTS Flash', 'Revenue', '2026-05-11 22:06:59', '2026-05-11 22:06:59'),
	(52, '4922', 'Pendapatan IELTS Plus', 'Revenue', '2026-05-11 22:06:59', '2026-05-11 22:06:59'),
	(53, '4923', 'Pendapatan IELTS Premium', 'Revenue', '2026-05-11 22:06:59', '2026-05-11 22:06:59'),
	(54, '4931', 'Pendapatan Scholarship Flash', 'Revenue', '2026-05-11 22:06:59', '2026-05-11 22:06:59'),
	(55, '4932', 'Pendapatan Scholarship Plus', 'Revenue', '2026-05-11 22:06:59', '2026-05-11 22:06:59'),
	(56, '4933', 'Pendapatan Scholarship Premium', 'Revenue', '2026-05-11 22:06:59', '2026-05-11 22:06:59'),
	(57, '4941', 'Pendapatan Student Exchange Offline 12x', 'Revenue', '2026-05-11 22:06:59', '2026-05-11 22:06:59'),
	(58, '4942', 'Pendapatan Student Exchange Offline 24x', 'Revenue', '2026-05-11 22:06:59', '2026-05-11 22:06:59'),
	(59, '4943', 'Pendapatan Student Exchange Online 12x', 'Revenue', '2026-05-11 22:06:59', '2026-05-11 22:06:59'),
	(60, '4944', 'Pendapatan Student Exchange Online 24x', 'Revenue', '2026-05-11 22:06:59', '2026-05-11 22:06:59'),
	(61, '4951', 'Pendapatan ESP 2 Person Flash', 'Revenue', '2026-05-11 22:06:59', '2026-05-11 22:06:59'),
	(62, '4952', 'Pendapatan ESP 3 Person Flash', 'Revenue', '2026-05-11 22:06:59', '2026-05-11 22:06:59'),
	(63, '4953', 'Pendapatan ESP 4 Person Flash', 'Revenue', '2026-05-11 22:06:59', '2026-05-11 22:06:59'),
	(64, '4961', 'Pendapatan ESP 2 Person Plus', 'Revenue', '2026-05-11 22:06:59', '2026-05-11 22:06:59'),
	(65, '4962', 'Pendapatan ESP 3 Person Plus', 'Revenue', '2026-05-11 22:06:59', '2026-05-11 22:06:59'),
	(66, '4963', 'Pendapatan ESP 4 Person Plus', 'Revenue', '2026-05-11 22:06:59', '2026-05-11 22:06:59'),
	(67, '4971', 'Pendapatan ESP 2 Person Premium', 'Revenue', '2026-05-11 22:06:59', '2026-05-11 22:06:59'),
	(68, '4972', 'Pendapatan ESP 3 Person Premium', 'Revenue', '2026-05-11 22:06:59', '2026-05-11 22:06:59'),
	(69, '4973', 'Pendapatan ESP 4 Person Premium', 'Revenue', '2026-05-11 22:06:59', '2026-05-11 22:06:59'),
	(70, '4981', 'Pendapatan IELTS 2 Person Flash', 'Revenue', '2026-05-11 22:06:59', '2026-05-11 22:06:59'),
	(71, '4982', 'Pendapatan IELTS 2 Person Plus', 'Revenue', '2026-05-11 22:06:59', '2026-05-11 22:06:59'),
	(72, '4983', 'Pendapatan IELTS 2 Person Premium', 'Revenue', '2026-05-11 22:06:59', '2026-05-11 22:06:59'),
	(73, '4990', 'Pendapatan EDC', 'Revenue', '2026-05-11 22:06:59', '2026-05-11 22:06:59'),
	(74, '4991', 'Pendapatan Speedy English', 'Revenue', '2026-05-11 22:06:59', '2026-05-11 22:06:59'),
	(75, '4992', 'Pendapatan B2B Class', 'Revenue', '2026-05-11 22:06:59', '2026-05-11 22:06:59'),
	(76, '4993', 'Pendapatan B2B English Camp', 'Revenue', '2026-05-11 22:06:59', '2026-05-11 22:06:59'),
	(77, '4994', 'Pendapatan One Day With Just Speak', 'Revenue', '2026-05-11 22:06:59', '2026-05-11 22:06:59'),
	(78, '5000b', 'Tunjangan dan Bonus CEO', 'Expense', '2026-05-11 22:06:59', '2026-05-11 22:06:59'),
	(79, '5001', 'Beban Gaji Tutor', 'Expense', '2026-05-11 22:06:59', '2026-05-11 22:06:59'),
	(80, '5002', 'Beban Gaji Karyawan', 'Expense', '2026-05-11 22:06:59', '2026-05-11 22:06:59'),
	(81, '5003', 'Beban Reward', 'Expense', '2026-05-11 22:06:59', '2026-05-11 22:06:59'),
	(82, '5004', 'Beban Training & Development', 'Expense', '2026-05-11 22:06:59', '2026-05-11 22:06:59'),
	(83, '5005', 'Beban SDM Lainnya', 'Expense', '2026-05-11 22:06:59', '2026-05-11 22:06:59'),
	(84, '5006', 'Beban BPJS Ketenagakerjaan / Kesehatan', 'Expense', '2026-05-11 22:06:59', '2026-05-11 22:06:59'),
	(85, '5101', 'Beban Utilitas', 'Expense', '2026-05-11 22:06:59', '2026-05-11 22:06:59'),
	(86, '5102', 'Beban Perlengkapan Kantor', 'Expense', '2026-05-11 22:06:59', '2026-05-11 22:06:59'),
	(87, '5103', 'Beban Konsumsi', 'Expense', '2026-05-11 22:06:59', '2026-05-11 22:06:59'),
	(88, '5104', 'Beban Kegiatan', 'Expense', '2026-05-11 22:06:59', '2026-05-11 22:06:59'),
	(89, '5105', 'Beban Sewa', 'Expense', '2026-05-11 22:06:59', '2026-05-11 22:06:59'),
	(90, '5106', 'Beban Operasional Project', 'Expense', '2026-05-11 22:06:59', '2026-05-11 22:06:59'),
	(91, '5107', 'Beban Perbaikan dan Perawatan', 'Expense', '2026-05-11 22:06:59', '2026-05-11 22:06:59'),
	(92, '5108', 'Beban Penyusutan', 'Expense', '2026-05-11 22:06:59', '2026-05-11 22:06:59'),
	(93, '5109', 'Beban Operasional Umum', 'Expense', '2026-05-11 22:06:59', '2026-05-11 22:06:59'),
	(94, '5110', 'Beban Amortisasi', 'Expense', '2026-05-11 22:06:59', '2026-05-11 22:06:59'),
	(95, '5201', 'Beban Iklan dan Promosi', 'Expense', '2026-05-11 22:06:59', '2026-05-11 22:06:59'),
	(96, '5202', 'Beban Sponsorship & Event', 'Expense', '2026-05-11 22:06:59', '2026-05-11 22:06:59'),
	(97, '5203', 'Beban Produksi Materi Promosi', 'Expense', '2026-05-11 22:06:59', '2026-05-11 22:06:59'),
	(98, '5204', 'Beban Partnership', 'Expense', '2026-05-11 22:06:59', '2026-05-11 22:06:59'),
	(99, '5205', 'Beban Transportasi', 'Expense', '2026-05-11 22:06:59', '2026-05-11 22:06:59'),
	(100, '5206', 'Beban Affiliate', 'Expense', '2026-05-11 22:06:59', '2026-05-11 22:06:59'),
	(101, '5207', 'Beban Marketing Lain-lain', 'Expense', '2026-05-11 22:06:59', '2026-05-11 22:06:59'),
	(102, '5301', 'Beban Admin Bank & Transfer', 'Expense', '2026-05-11 22:06:59', '2026-05-11 22:06:59'),
	(103, '5302', 'Beban Pajak', 'Expense', '2026-05-11 22:06:59', '2026-05-11 22:06:59'),
	(104, '5303', 'Beban Bunga Pinjaman', 'Expense', '2026-05-11 22:06:59', '2026-05-11 22:06:59'),
	(105, '5401', 'Beban Pengembangan Produk', 'Expense', '2026-05-11 22:06:59', '2026-05-11 22:06:59'),
	(106, '5402', 'HPP Produk', 'Expense', '2026-05-11 22:06:59', '2026-05-11 22:06:59'),
	(107, '5403', 'Beban Modul & Materi Ajar', 'Expense', '2026-05-11 22:06:59', '2026-05-11 22:06:59'),
	(108, '5501', 'Beban Lain-lain', 'Expense', '2026-05-11 22:06:59', '2026-05-11 22:06:59'),
	(109, '5502', 'Beban Piutang Tak Tertagih', 'Expense', '2026-05-11 22:06:59', '2026-05-11 22:06:59');

-- Dumping structure for table just_speak.attendance
DROP TABLE IF EXISTS `attendance`;
CREATE TABLE IF NOT EXISTS `attendance` (
  `id` bigint unsigned NOT NULL AUTO_INCREMENT,
  `date` date NOT NULL,
  `time_block` varchar(255) COLLATE utf8mb4_unicode_ci NOT NULL,
  `classroom_id` bigint unsigned NOT NULL,
  `marked_by` bigint unsigned NOT NULL,
  `created_at` timestamp NULL DEFAULT NULL,
  `updated_at` timestamp NULL DEFAULT NULL,
  `class_session_id` bigint unsigned DEFAULT NULL,
  `status` enum('scheduled','ongoing','finished','skipped','postponed') COLLATE utf8mb4_unicode_ci NOT NULL DEFAULT 'scheduled',
  `notes` text COLLATE utf8mb4_unicode_ci,
  `deleted_at` timestamp NULL DEFAULT NULL,
  PRIMARY KEY (`id`),
  KEY `attendance_classroom_id_foreign` (`classroom_id`),
  KEY `attendance_marked_by_foreign` (`marked_by`),
  KEY `attendance_class_session_id_foreign` (`class_session_id`),
  KEY `attendance_date_index` (`date`),
  CONSTRAINT `attendance_class_session_id_foreign` FOREIGN KEY (`class_session_id`) REFERENCES `class_sessions` (`id`) ON DELETE SET NULL,
  CONSTRAINT `attendance_classroom_id_foreign` FOREIGN KEY (`classroom_id`) REFERENCES `classrooms` (`id`),
  CONSTRAINT `attendance_marked_by_foreign` FOREIGN KEY (`marked_by`) REFERENCES `users` (`id`)
) ENGINE=InnoDB DEFAULT CHARSET=utf8mb4 COLLATE=utf8mb4_unicode_ci;

-- Dumping data for table just_speak.attendance: ~0 rows (approximately)

-- Dumping structure for table just_speak.attendance_student
DROP TABLE IF EXISTS `attendance_student`;
CREATE TABLE IF NOT EXISTS `attendance_student` (
  `id` bigint unsigned NOT NULL AUTO_INCREMENT,
  `attendance_id` bigint unsigned NOT NULL,
  `enrollment_id` bigint unsigned NOT NULL,
  `is_present` tinyint(1) NOT NULL DEFAULT '1',
  `notes` text COLLATE utf8mb4_unicode_ci,
  `created_at` timestamp NULL DEFAULT NULL,
  `updated_at` timestamp NULL DEFAULT NULL,
  PRIMARY KEY (`id`),
  UNIQUE KEY `attendance_student_attendance_id_enrollment_id_unique` (`attendance_id`,`enrollment_id`),
  KEY `attendance_student_enrollment_id_foreign` (`enrollment_id`),
  CONSTRAINT `attendance_student_attendance_id_foreign` FOREIGN KEY (`attendance_id`) REFERENCES `attendance` (`id`) ON DELETE CASCADE,
  CONSTRAINT `attendance_student_enrollment_id_foreign` FOREIGN KEY (`enrollment_id`) REFERENCES `enrollments` (`id`) ON DELETE CASCADE
) ENGINE=InnoDB DEFAULT CHARSET=utf8mb4 COLLATE=utf8mb4_unicode_ci;

-- Dumping data for table just_speak.attendance_student: ~0 rows (approximately)

-- Dumping structure for table just_speak.attendance_tutor
DROP TABLE IF EXISTS `attendance_tutor`;
CREATE TABLE IF NOT EXISTS `attendance_tutor` (
  `id` bigint unsigned NOT NULL AUTO_INCREMENT,
  `attendance_id` bigint unsigned NOT NULL,
  `tutor_id` bigint unsigned NOT NULL,
  `payable_amount` decimal(15,2) NOT NULL,
  `pending_rate` tinyint(1) NOT NULL DEFAULT '0',
  `journal_id` bigint unsigned DEFAULT NULL,
  `created_at` timestamp NULL DEFAULT NULL,
  `updated_at` timestamp NULL DEFAULT NULL,
  `paid_at` timestamp NULL DEFAULT NULL,
  PRIMARY KEY (`id`),
  KEY `attendance_tutor_attendance_id_foreign` (`attendance_id`),
  KEY `attendance_tutor_tutor_id_foreign` (`tutor_id`),
  KEY `attendance_tutor_journal_id_foreign` (`journal_id`),
  CONSTRAINT `attendance_tutor_attendance_id_foreign` FOREIGN KEY (`attendance_id`) REFERENCES `attendance` (`id`) ON DELETE CASCADE,
  CONSTRAINT `attendance_tutor_journal_id_foreign` FOREIGN KEY (`journal_id`) REFERENCES `journals` (`id`),
  CONSTRAINT `attendance_tutor_tutor_id_foreign` FOREIGN KEY (`tutor_id`) REFERENCES `tutors` (`id`)
) ENGINE=InnoDB DEFAULT CHARSET=utf8mb4 COLLATE=utf8mb4_unicode_ci;

-- Dumping data for table just_speak.attendance_tutor: ~0 rows (approximately)

-- Dumping structure for table just_speak.cache
DROP TABLE IF EXISTS `cache`;
CREATE TABLE IF NOT EXISTS `cache` (
  `key` varchar(255) COLLATE utf8mb4_unicode_ci NOT NULL,
  `value` mediumtext COLLATE utf8mb4_unicode_ci NOT NULL,
  `expiration` bigint NOT NULL,
  PRIMARY KEY (`key`),
  KEY `cache_expiration_index` (`expiration`)
) ENGINE=InnoDB DEFAULT CHARSET=utf8mb4 COLLATE=utf8mb4_unicode_ci;

-- Dumping data for table just_speak.cache: ~2 rows (approximately)
INSERT INTO `cache` (`key`, `value`, `expiration`) VALUES
	('just-speak-system-cache-novita.anistiya@justspeak.co.id|127.0.0.1', 'i:2;', 1778923436),
	('just-speak-system-cache-novita.anistiya@justspeak.co.id|127.0.0.1:timer', 'i:1778923435;', 1778923435);

-- Dumping structure for table just_speak.cache_locks
DROP TABLE IF EXISTS `cache_locks`;
CREATE TABLE IF NOT EXISTS `cache_locks` (
  `key` varchar(255) COLLATE utf8mb4_unicode_ci NOT NULL,
  `owner` varchar(255) COLLATE utf8mb4_unicode_ci NOT NULL,
  `expiration` bigint NOT NULL,
  PRIMARY KEY (`key`),
  KEY `cache_locks_expiration_index` (`expiration`)
) ENGINE=InnoDB DEFAULT CHARSET=utf8mb4 COLLATE=utf8mb4_unicode_ci;

-- Dumping data for table just_speak.cache_locks: ~0 rows (approximately)

-- Dumping structure for table just_speak.classrooms
DROP TABLE IF EXISTS `classrooms`;
CREATE TABLE IF NOT EXISTS `classrooms` (
  `id` bigint unsigned NOT NULL AUTO_INCREMENT,
  `name` varchar(255) COLLATE utf8mb4_unicode_ci NOT NULL,
  `capacity` int NOT NULL,
  `created_at` timestamp NULL DEFAULT NULL,
  `updated_at` timestamp NULL DEFAULT NULL,
  PRIMARY KEY (`id`)
) ENGINE=InnoDB AUTO_INCREMENT=9 DEFAULT CHARSET=utf8mb4 COLLATE=utf8mb4_unicode_ci;

-- Dumping data for table just_speak.classrooms: ~6 rows (approximately)
INSERT INTO `classrooms` (`id`, `name`, `capacity`, `created_at`, `updated_at`) VALUES
	(2, 'Harvard', 12, '2026-05-11 22:51:40', '2026-05-11 22:51:40'),
	(3, 'Stanford', 12, '2026-05-11 22:51:52', '2026-05-11 22:51:52'),
	(4, 'Cambridge', 12, '2026-05-11 22:52:02', '2026-05-11 22:52:02'),
	(5, 'Sydney', 3, '2026-05-11 22:52:14', '2026-05-11 22:52:14'),
	(6, 'Melbourne', 3, '2026-05-11 22:52:23', '2026-05-11 22:52:23'),
	(7, 'Boston', 3, '2026-05-11 22:52:33', '2026-05-11 22:52:33'),
	(8, 'Queensland', 10, '2026-05-11 22:52:48', '2026-05-11 22:52:48');

-- Dumping structure for table just_speak.class_sessions
DROP TABLE IF EXISTS `class_sessions`;
CREATE TABLE IF NOT EXISTS `class_sessions` (
  `id` bigint unsigned NOT NULL AUTO_INCREMENT,
  `name` varchar(255) COLLATE utf8mb4_unicode_ci NOT NULL,
  `program_id` bigint unsigned NOT NULL,
  `status` enum('active','inactive') COLLATE utf8mb4_unicode_ci NOT NULL DEFAULT 'active',
  `created_at` timestamp NULL DEFAULT NULL,
  `updated_at` timestamp NULL DEFAULT NULL,
  PRIMARY KEY (`id`),
  UNIQUE KEY `class_sessions_name_unique` (`name`),
  KEY `class_sessions_program_id_foreign` (`program_id`),
  CONSTRAINT `class_sessions_program_id_foreign` FOREIGN KEY (`program_id`) REFERENCES `programs` (`id`)
) ENGINE=InnoDB DEFAULT CHARSET=utf8mb4 COLLATE=utf8mb4_unicode_ci;

-- Dumping data for table just_speak.class_sessions: ~0 rows (approximately)

-- Dumping structure for table just_speak.class_session_tutor
DROP TABLE IF EXISTS `class_session_tutor`;
CREATE TABLE IF NOT EXISTS `class_session_tutor` (
  `id` bigint unsigned NOT NULL AUTO_INCREMENT,
  `class_session_id` bigint unsigned NOT NULL,
  `tutor_id` bigint unsigned NOT NULL,
  `status` varchar(255) COLLATE utf8mb4_unicode_ci NOT NULL DEFAULT 'pending',
  `created_at` timestamp NULL DEFAULT NULL,
  `updated_at` timestamp NULL DEFAULT NULL,
  PRIMARY KEY (`id`),
  UNIQUE KEY `class_session_tutor_class_session_id_tutor_id_unique` (`class_session_id`,`tutor_id`),
  KEY `class_session_tutor_tutor_id_foreign` (`tutor_id`),
  CONSTRAINT `class_session_tutor_class_session_id_foreign` FOREIGN KEY (`class_session_id`) REFERENCES `class_sessions` (`id`) ON DELETE CASCADE,
  CONSTRAINT `class_session_tutor_tutor_id_foreign` FOREIGN KEY (`tutor_id`) REFERENCES `tutors` (`id`) ON DELETE CASCADE
) ENGINE=InnoDB DEFAULT CHARSET=utf8mb4 COLLATE=utf8mb4_unicode_ci;

-- Dumping data for table just_speak.class_session_tutor: ~0 rows (approximately)

-- Dumping structure for table just_speak.enrollments
DROP TABLE IF EXISTS `enrollments`;
CREATE TABLE IF NOT EXISTS `enrollments` (
  `id` bigint unsigned NOT NULL AUTO_INCREMENT,
  `student_id` bigint unsigned NOT NULL,
  `program_id` bigint unsigned NOT NULL,
  `enrollment_date` date NOT NULL,
  `expiry_date` date NOT NULL,
  `payment_method` varchar(255) COLLATE utf8mb4_unicode_ci NOT NULL,
  `total_amount` decimal(15,2) NOT NULL,
  `payment_status` varchar(255) COLLATE utf8mb4_unicode_ci NOT NULL DEFAULT 'pending',
  `status` enum('active','waitlist','expired','graduate') COLLATE utf8mb4_unicode_ci NOT NULL DEFAULT 'active',
  `remaining_meetings` int NOT NULL,
  `created_at` timestamp NULL DEFAULT NULL,
  `updated_at` timestamp NULL DEFAULT NULL,
  `class_session_id` bigint unsigned DEFAULT NULL,
  PRIMARY KEY (`id`),
  KEY `enrollments_program_id_foreign` (`program_id`),
  KEY `enrollments_class_session_id_foreign` (`class_session_id`),
  KEY `enrollments_status_index` (`status`),
  KEY `enrollments_payment_status_index` (`payment_status`),
  KEY `enrollments_expiry_date_index` (`expiry_date`),
  KEY `enrollments_student_id_status_index` (`student_id`,`status`),
  CONSTRAINT `enrollments_class_session_id_foreign` FOREIGN KEY (`class_session_id`) REFERENCES `class_sessions` (`id`) ON DELETE SET NULL,
  CONSTRAINT `enrollments_program_id_foreign` FOREIGN KEY (`program_id`) REFERENCES `programs` (`id`),
  CONSTRAINT `enrollments_student_id_foreign` FOREIGN KEY (`student_id`) REFERENCES `students` (`id`) ON DELETE CASCADE
) ENGINE=InnoDB DEFAULT CHARSET=utf8mb4 COLLATE=utf8mb4_unicode_ci;

-- Dumping data for table just_speak.enrollments: ~0 rows (approximately)

-- Dumping structure for table just_speak.enrollment_tutor
DROP TABLE IF EXISTS `enrollment_tutor`;
CREATE TABLE IF NOT EXISTS `enrollment_tutor` (
  `id` bigint unsigned NOT NULL AUTO_INCREMENT,
  `enrollment_id` bigint unsigned NOT NULL,
  `tutor_id` bigint unsigned NOT NULL,
  `status` varchar(255) COLLATE utf8mb4_unicode_ci NOT NULL DEFAULT 'pending',
  `created_at` timestamp NULL DEFAULT NULL,
  `updated_at` timestamp NULL DEFAULT NULL,
  PRIMARY KEY (`id`),
  KEY `enrollment_tutor_enrollment_id_foreign` (`enrollment_id`),
  KEY `enrollment_tutor_tutor_id_foreign` (`tutor_id`),
  CONSTRAINT `enrollment_tutor_enrollment_id_foreign` FOREIGN KEY (`enrollment_id`) REFERENCES `enrollments` (`id`) ON DELETE CASCADE,
  CONSTRAINT `enrollment_tutor_tutor_id_foreign` FOREIGN KEY (`tutor_id`) REFERENCES `tutors` (`id`)
) ENGINE=InnoDB DEFAULT CHARSET=utf8mb4 COLLATE=utf8mb4_unicode_ci;

-- Dumping data for table just_speak.enrollment_tutor: ~0 rows (approximately)

-- Dumping structure for table just_speak.failed_jobs
DROP TABLE IF EXISTS `failed_jobs`;
CREATE TABLE IF NOT EXISTS `failed_jobs` (
  `id` bigint unsigned NOT NULL AUTO_INCREMENT,
  `uuid` varchar(255) COLLATE utf8mb4_unicode_ci NOT NULL,
  `connection` text COLLATE utf8mb4_unicode_ci NOT NULL,
  `queue` text COLLATE utf8mb4_unicode_ci NOT NULL,
  `payload` longtext COLLATE utf8mb4_unicode_ci NOT NULL,
  `exception` longtext COLLATE utf8mb4_unicode_ci NOT NULL,
  `failed_at` timestamp NOT NULL DEFAULT CURRENT_TIMESTAMP,
  PRIMARY KEY (`id`),
  UNIQUE KEY `failed_jobs_uuid_unique` (`uuid`)
) ENGINE=InnoDB DEFAULT CHARSET=utf8mb4 COLLATE=utf8mb4_unicode_ci;

-- Dumping data for table just_speak.failed_jobs: ~0 rows (approximately)

-- Dumping structure for table just_speak.installments
DROP TABLE IF EXISTS `installments`;
CREATE TABLE IF NOT EXISTS `installments` (
  `id` bigint unsigned NOT NULL AUTO_INCREMENT,
  `enrollment_id` bigint unsigned NOT NULL,
  `amount` decimal(15,2) NOT NULL,
  `due_date` date NOT NULL,
  `paid_at` date DEFAULT NULL,
  `created_at` timestamp NULL DEFAULT NULL,
  `updated_at` timestamp NULL DEFAULT NULL,
  PRIMARY KEY (`id`),
  KEY `installments_enrollment_id_foreign` (`enrollment_id`),
  KEY `installments_due_date_index` (`due_date`),
  KEY `installments_paid_at_index` (`paid_at`),
  CONSTRAINT `installments_enrollment_id_foreign` FOREIGN KEY (`enrollment_id`) REFERENCES `enrollments` (`id`) ON DELETE CASCADE
) ENGINE=InnoDB DEFAULT CHARSET=utf8mb4 COLLATE=utf8mb4_unicode_ci;

-- Dumping data for table just_speak.installments: ~0 rows (approximately)

-- Dumping structure for table just_speak.jobs
DROP TABLE IF EXISTS `jobs`;
CREATE TABLE IF NOT EXISTS `jobs` (
  `id` bigint unsigned NOT NULL AUTO_INCREMENT,
  `queue` varchar(255) COLLATE utf8mb4_unicode_ci NOT NULL,
  `payload` longtext COLLATE utf8mb4_unicode_ci NOT NULL,
  `attempts` smallint unsigned NOT NULL,
  `reserved_at` int unsigned DEFAULT NULL,
  `available_at` int unsigned NOT NULL,
  `created_at` int unsigned NOT NULL,
  PRIMARY KEY (`id`),
  KEY `jobs_queue_index` (`queue`)
) ENGINE=InnoDB DEFAULT CHARSET=utf8mb4 COLLATE=utf8mb4_unicode_ci;

-- Dumping data for table just_speak.jobs: ~0 rows (approximately)

-- Dumping structure for table just_speak.job_batches
DROP TABLE IF EXISTS `job_batches`;
CREATE TABLE IF NOT EXISTS `job_batches` (
  `id` varchar(255) COLLATE utf8mb4_unicode_ci NOT NULL,
  `name` varchar(255) COLLATE utf8mb4_unicode_ci NOT NULL,
  `total_jobs` int NOT NULL,
  `pending_jobs` int NOT NULL,
  `failed_jobs` int NOT NULL,
  `failed_job_ids` longtext COLLATE utf8mb4_unicode_ci NOT NULL,
  `options` mediumtext COLLATE utf8mb4_unicode_ci,
  `cancelled_at` int DEFAULT NULL,
  `created_at` int NOT NULL,
  `finished_at` int DEFAULT NULL,
  PRIMARY KEY (`id`)
) ENGINE=InnoDB DEFAULT CHARSET=utf8mb4 COLLATE=utf8mb4_unicode_ci;

-- Dumping data for table just_speak.job_batches: ~0 rows (approximately)

-- Dumping structure for table just_speak.journals
DROP TABLE IF EXISTS `journals`;
CREATE TABLE IF NOT EXISTS `journals` (
  `id` bigint unsigned NOT NULL AUTO_INCREMENT,
  `date` date NOT NULL,
  `description` varchar(255) COLLATE utf8mb4_unicode_ci NOT NULL,
  `reference` varchar(255) COLLATE utf8mb4_unicode_ci NOT NULL,
  `type` varchar(255) COLLATE utf8mb4_unicode_ci DEFAULT NULL,
  `total_amount` decimal(15,2) NOT NULL,
  `approved_by` bigint unsigned DEFAULT NULL,
  `created_at` timestamp NULL DEFAULT NULL,
  `updated_at` timestamp NULL DEFAULT NULL,
  PRIMARY KEY (`id`),
  UNIQUE KEY `journals_reference_unique` (`reference`),
  KEY `journals_approved_by_foreign` (`approved_by`),
  KEY `journals_date_index` (`date`),
  CONSTRAINT `journals_approved_by_foreign` FOREIGN KEY (`approved_by`) REFERENCES `users` (`id`)
) ENGINE=InnoDB AUTO_INCREMENT=26 DEFAULT CHARSET=utf8mb4 COLLATE=utf8mb4_unicode_ci;

-- Dumping data for table just_speak.journals: ~0 rows (approximately)

-- Dumping structure for table just_speak.journal_items
DROP TABLE IF EXISTS `journal_items`;
CREATE TABLE IF NOT EXISTS `journal_items` (
  `id` bigint unsigned NOT NULL AUTO_INCREMENT,
  `journal_id` bigint unsigned NOT NULL,
  `account_id` bigint unsigned NOT NULL,
  `debit` decimal(15,2) NOT NULL DEFAULT '0.00',
  `credit` decimal(15,2) NOT NULL DEFAULT '0.00',
  `created_at` timestamp NULL DEFAULT NULL,
  `updated_at` timestamp NULL DEFAULT NULL,
  `program_id` bigint unsigned DEFAULT NULL,
  PRIMARY KEY (`id`),
  KEY `journal_items_account_id_index` (`account_id`),
  KEY `journal_items_journal_id_index` (`journal_id`),
  KEY `journal_items_program_id_foreign` (`program_id`),
  CONSTRAINT `journal_items_account_id_foreign` FOREIGN KEY (`account_id`) REFERENCES `accounts` (`id`),
  CONSTRAINT `journal_items_journal_id_foreign` FOREIGN KEY (`journal_id`) REFERENCES `journals` (`id`) ON DELETE CASCADE,
  CONSTRAINT `journal_items_program_id_foreign` FOREIGN KEY (`program_id`) REFERENCES `programs` (`id`) ON DELETE SET NULL
) ENGINE=InnoDB DEFAULT CHARSET=utf8mb4 COLLATE=utf8mb4_unicode_ci;

-- Dumping data for table just_speak.journal_items: ~0 rows (approximately)

-- Dumping structure for table just_speak.migrations
DROP TABLE IF EXISTS `migrations`;
CREATE TABLE IF NOT EXISTS `migrations` (
  `id` int unsigned NOT NULL AUTO_INCREMENT,
  `migration` varchar(255) COLLATE utf8mb4_unicode_ci NOT NULL,
  `batch` int NOT NULL,
  PRIMARY KEY (`id`)
) ENGINE=InnoDB AUTO_INCREMENT=40 DEFAULT CHARSET=utf8mb4 COLLATE=utf8mb4_unicode_ci;

-- Dumping data for table just_speak.migrations: ~28 rows (approximately)
INSERT INTO `migrations` (`id`, `migration`, `batch`) VALUES
	(1, '0001_01_01_000000_create_users_table', 1),
	(2, '0001_01_01_000001_create_cache_table', 1),
	(3, '0001_01_01_000002_create_jobs_table', 1),
	(4, '2026_05_08_003522_create_accounts_table', 1),
	(5, '2026_05_08_003522_create_journals_table', 1),
	(6, '2026_05_08_003523_create_journal_items_table', 1),
	(7, '2026_05_08_003524_create_classrooms_table', 1),
	(8, '2026_05_08_003524_create_programs_table', 1),
	(9, '2026_05_08_003524_create_tutors_table', 1),
	(10, '2026_05_08_003525_create_tutor_rates_table', 1),
	(11, '2026_05_08_003526_create_students_table', 1),
	(12, '2026_05_08_003527_create_enrollments_table', 1),
	(13, '2026_05_08_003528_create_enrollment_tutor_table', 1),
	(14, '2026_05_08_003528_create_tutor_availability_table', 1),
	(15, '2026_05_08_003529_create_schedules_table', 1),
	(16, '2026_05_08_003530_create_attendance_table', 1),
	(17, '2026_05_08_003531_create_attendance_tutor_table', 1),
	(18, '2026_05_08_003531_create_installments_table', 1),
	(19, '2026_05_08_010048_add_paid_at_to_attendance_tutor_table', 1),
	(20, '2026_05_08_020000_create_refund_requests_table', 1),
	(21, '2026_05_08_020001_create_payroll_runs_table', 1),
	(22, '2026_05_08_061655_add_role_to_users_table', 1),
	(23, '2026_05_08_085032_add_status_to_tutor_availability_table', 2),
	(24, '2026_05_08_092546_create_class_sessions_table', 3),
	(25, '2026_05_08_092548_add_class_session_id_to_enrollments_table', 3),
	(26, '2026_05_08_092549_create_attendance_student_table', 3),
	(27, '2026_05_08_093520_update_attendance_table_for_class_sessions', 4),
	(28, '2026_05_08_094202_add_pending_rate_to_attendance_tutor_table', 5),
	(29, '2026_05_09_033909_add_waitlist_to_enrollments_status', 6),
	(30, '2026_05_09_063145_add_status_and_notes_to_attendance_table', 7),
	(31, '2026_05_11_065759_add_phone_to_users_table', 8),
	(32, '2026_05_12_031127_add_soft_deletes_to_attendance_table', 9),
	(33, '2026_05_12_041947_add_indexes_to_journals_and_journal_items', 10),
	(34, '2026_05_12_043004_add_indexes_to_core_tables', 11),
	(35, '2026_05_13_062428_create_tracker_tables', 12),
	(36, '2026_05_13_073549_create_class_session_tutor_table', 13),
	(37, '2026_05_13_100938_create_room_bookings_table', 14),
	(38, '2026_05_16_094429_add_type_to_journals_table', 15),
	(39, '2026_05_16_102048_add_program_id_to_journal_items_table', 16);

-- Dumping structure for table just_speak.password_reset_tokens
DROP TABLE IF EXISTS `password_reset_tokens`;
CREATE TABLE IF NOT EXISTS `password_reset_tokens` (
  `email` varchar(255) COLLATE utf8mb4_unicode_ci NOT NULL,
  `token` varchar(255) COLLATE utf8mb4_unicode_ci NOT NULL,
  `created_at` timestamp NULL DEFAULT NULL,
  PRIMARY KEY (`email`)
) ENGINE=InnoDB DEFAULT CHARSET=utf8mb4 COLLATE=utf8mb4_unicode_ci;

-- Dumping data for table just_speak.password_reset_tokens: ~0 rows (approximately)

-- Dumping structure for table just_speak.payroll_runs
DROP TABLE IF EXISTS `payroll_runs`;
CREATE TABLE IF NOT EXISTS `payroll_runs` (
  `id` bigint unsigned NOT NULL AUTO_INCREMENT,
  `month` date NOT NULL,
  `status` varchar(255) COLLATE utf8mb4_unicode_ci NOT NULL DEFAULT 'pending',
  `approved_by` bigint unsigned DEFAULT NULL,
  `created_at` timestamp NULL DEFAULT NULL,
  `updated_at` timestamp NULL DEFAULT NULL,
  PRIMARY KEY (`id`),
  KEY `payroll_runs_approved_by_foreign` (`approved_by`),
  CONSTRAINT `payroll_runs_approved_by_foreign` FOREIGN KEY (`approved_by`) REFERENCES `users` (`id`)
) ENGINE=InnoDB DEFAULT CHARSET=utf8mb4 COLLATE=utf8mb4_unicode_ci;

-- Dumping data for table just_speak.payroll_runs: ~0 rows (approximately)

-- Dumping structure for table just_speak.programs
DROP TABLE IF EXISTS `programs`;
CREATE TABLE IF NOT EXISTS `programs` (
  `id` bigint unsigned NOT NULL AUTO_INCREMENT,
  `name` varchar(255) COLLATE utf8mb4_unicode_ci NOT NULL,
  `type` varchar(255) COLLATE utf8mb4_unicode_ci NOT NULL,
  `price` decimal(15,2) NOT NULL,
  `total_meetings` int NOT NULL,
  `min_quota` int NOT NULL DEFAULT '1',
  `created_at` timestamp NULL DEFAULT NULL,
  `updated_at` timestamp NULL DEFAULT NULL,
  PRIMARY KEY (`id`)
) ENGINE=InnoDB AUTO_INCREMENT=34 DEFAULT CHARSET=utf8mb4 COLLATE=utf8mb4_unicode_ci;

-- Dumping data for table just_speak.programs: ~33 rows (approximately)
INSERT INTO `programs` (`id`, `name`, `type`, `price`, `total_meetings`, `min_quota`, `created_at`, `updated_at`) VALUES
	(1, 'ESP Flash', 'Private', 1500000.00, 6, 1, '2026-05-11 23:02:00', '2026-05-11 23:02:00'),
	(2, 'ESP Plus', 'Private', 2000000.00, 10, 1, '2026-05-11 23:02:00', '2026-05-11 23:02:00'),
	(3, 'ESP Premium', 'Private', 3600000.00, 20, 1, '2026-05-11 23:02:00', '2026-05-11 23:02:00'),
	(4, 'IELTS Flash', 'Private', 1800000.00, 6, 1, '2026-05-11 23:02:00', '2026-05-11 23:02:00'),
	(5, 'IELTS Plus', 'Private', 2450000.00, 10, 1, '2026-05-11 23:02:00', '2026-05-11 23:02:00'),
	(6, 'IELTS Premium', 'Private', 4450000.00, 20, 1, '2026-05-11 23:02:00', '2026-05-11 23:02:00'),
	(7, 'Scholarship Flash', 'Private', 2799000.00, 6, 1, '2026-05-11 23:02:00', '2026-05-11 23:02:00'),
	(8, 'Scholarship Plus', 'Private', 3599000.00, 10, 1, '2026-05-11 23:02:00', '2026-05-11 23:02:00'),
	(9, 'Scholarship Premium', 'Private', 5999000.00, 20, 1, '2026-05-11 23:02:00', '2026-05-11 23:02:00'),
	(10, 'Student Exchange Offline 12x', 'Private', 2799000.00, 12, 1, '2026-05-11 23:02:00', '2026-05-11 23:02:00'),
	(11, 'Student Exchange Offline 24x', 'Private', 4999000.00, 24, 1, '2026-05-11 23:02:00', '2026-05-11 23:02:00'),
	(12, 'Student Exchange Online 12x', 'Private', 2599000.00, 12, 1, '2026-05-11 23:02:00', '2026-05-11 23:02:00'),
	(13, 'Student Exchange Online 24x', 'Private', 4799000.00, 24, 1, '2026-05-11 23:02:00', '2026-05-11 23:02:00'),
	(14, 'VIP', 'Private', 23000000.00, 80, 1, '2026-05-11 23:02:00', '2026-05-11 23:02:00'),
	(15, 'VIP IELTS', 'Private', 27000000.00, 80, 1, '2026-05-11 23:02:00', '2026-05-11 23:02:00'),
	(16, 'Speaking Express Online', 'Private', 100000.00, 1, 1, '2026-05-11 23:02:00', '2026-05-11 23:02:00'),
	(17, 'ESP 2 Person Flash', 'Semi Private', 1000000.00, 6, 1, '2026-05-11 23:02:00', '2026-05-11 23:02:00'),
	(18, 'ESP 3 Person Flash', 'Semi Private', 750000.00, 6, 1, '2026-05-11 23:02:00', '2026-05-11 23:02:00'),
	(19, 'ESP 4 Person Flash', 'Semi Private', 650000.00, 6, 1, '2026-05-11 23:02:00', '2026-05-11 23:02:00'),
	(20, 'ESP 2 Person Plus', 'Semi Private', 1400000.00, 10, 1, '2026-05-11 23:02:00', '2026-05-11 23:02:00'),
	(21, 'ESP 3 Person Plus', 'Semi Private', 1000000.00, 10, 1, '2026-05-11 23:02:00', '2026-05-11 23:02:00'),
	(22, 'ESP 4 Person Plus', 'Semi Private', 800000.00, 10, 1, '2026-05-11 23:02:00', '2026-05-11 23:02:00'),
	(23, 'ESP 2 Person Premium', 'Semi Private', 2400000.00, 20, 1, '2026-05-11 23:02:00', '2026-05-11 23:02:00'),
	(24, 'ESP 3 Person Premium', 'Semi Private', 1800000.00, 20, 1, '2026-05-11 23:02:00', '2026-05-11 23:02:00'),
	(25, 'ESP 4 Person Premium', 'Semi Private', 1500000.00, 20, 1, '2026-05-11 23:02:00', '2026-05-11 23:02:00'),
	(26, 'IELTS 2 Person Flash', 'Semi Private', 1300000.00, 6, 1, '2026-05-11 23:02:00', '2026-05-11 23:02:00'),
	(27, 'IELTS 2 Person Plus', 'Semi Private', 1800000.00, 10, 1, '2026-05-11 23:02:00', '2026-05-11 23:02:00'),
	(28, 'IELTS 2 Person Premium', 'Semi Private', 3500000.00, 20, 1, '2026-05-11 23:02:00', '2026-05-11 23:02:00'),
	(29, 'EDC - English For Daily Conversation', 'Group Class', 1200000.00, 24, 1, '2026-05-11 23:02:00', '2026-05-11 23:02:00'),
	(30, 'Speedy English', 'Group Class', 699000.00, 20, 1, '2026-05-11 23:02:00', '2026-05-11 23:02:00'),
	(31, 'B2B Class', 'Group Class', 0.00, 1, 1, '2026-05-11 23:02:00', '2026-05-11 23:02:00'),
	(32, 'B2B English Camp', 'Group Class', 0.00, 1, 1, '2026-05-11 23:02:00', '2026-05-11 23:02:00'),
	(33, 'One Day With Just Speak', 'Group Class', 0.00, 1, 1, '2026-05-11 23:02:00', '2026-05-11 23:02:00');

-- Dumping structure for table just_speak.refund_requests
DROP TABLE IF EXISTS `refund_requests`;
CREATE TABLE IF NOT EXISTS `refund_requests` (
  `id` bigint unsigned NOT NULL AUTO_INCREMENT,
  `enrollment_id` bigint unsigned NOT NULL,
  `amount` decimal(15,2) NOT NULL,
  `status` varchar(255) COLLATE utf8mb4_unicode_ci NOT NULL DEFAULT 'pending',
  `requested_by` bigint unsigned NOT NULL,
  `approved_by` bigint unsigned DEFAULT NULL,
  `created_at` timestamp NULL DEFAULT NULL,
  `updated_at` timestamp NULL DEFAULT NULL,
  PRIMARY KEY (`id`),
  KEY `refund_requests_enrollment_id_foreign` (`enrollment_id`),
  KEY `refund_requests_requested_by_foreign` (`requested_by`),
  KEY `refund_requests_approved_by_foreign` (`approved_by`),
  CONSTRAINT `refund_requests_approved_by_foreign` FOREIGN KEY (`approved_by`) REFERENCES `users` (`id`),
  CONSTRAINT `refund_requests_enrollment_id_foreign` FOREIGN KEY (`enrollment_id`) REFERENCES `enrollments` (`id`) ON DELETE CASCADE,
  CONSTRAINT `refund_requests_requested_by_foreign` FOREIGN KEY (`requested_by`) REFERENCES `users` (`id`)
) ENGINE=InnoDB DEFAULT CHARSET=utf8mb4 COLLATE=utf8mb4_unicode_ci;

-- Dumping data for table just_speak.refund_requests: ~0 rows (approximately)

-- Dumping structure for table just_speak.room_bookings
DROP TABLE IF EXISTS `room_bookings`;
CREATE TABLE IF NOT EXISTS `room_bookings` (
  `id` bigint unsigned NOT NULL AUTO_INCREMENT,
  `classroom_id` bigint unsigned NOT NULL,
  `date` date NOT NULL,
  `time_block` varchar(255) COLLATE utf8mb4_unicode_ci NOT NULL,
  `type` enum('regular_skip','temporary') COLLATE utf8mb4_unicode_ci NOT NULL,
  `enrollment_id` bigint unsigned DEFAULT NULL,
  `tutor_id` bigint unsigned DEFAULT NULL,
  `notes` varchar(255) COLLATE utf8mb4_unicode_ci DEFAULT NULL,
  `created_at` timestamp NULL DEFAULT NULL,
  `updated_at` timestamp NULL DEFAULT NULL,
  PRIMARY KEY (`id`),
  KEY `room_bookings_classroom_id_foreign` (`classroom_id`),
  KEY `room_bookings_enrollment_id_foreign` (`enrollment_id`),
  KEY `room_bookings_tutor_id_foreign` (`tutor_id`),
  CONSTRAINT `room_bookings_classroom_id_foreign` FOREIGN KEY (`classroom_id`) REFERENCES `classrooms` (`id`) ON DELETE CASCADE,
  CONSTRAINT `room_bookings_enrollment_id_foreign` FOREIGN KEY (`enrollment_id`) REFERENCES `enrollments` (`id`) ON DELETE SET NULL,
  CONSTRAINT `room_bookings_tutor_id_foreign` FOREIGN KEY (`tutor_id`) REFERENCES `tutors` (`id`) ON DELETE SET NULL
) ENGINE=InnoDB DEFAULT CHARSET=utf8mb4 COLLATE=utf8mb4_unicode_ci;

-- Dumping data for table just_speak.room_bookings: ~0 rows (approximately)

-- Dumping structure for table just_speak.schedules
DROP TABLE IF EXISTS `schedules`;
CREATE TABLE IF NOT EXISTS `schedules` (
  `id` bigint unsigned NOT NULL AUTO_INCREMENT,
  `enrollment_id` bigint unsigned NOT NULL,
  `classroom_id` bigint unsigned NOT NULL,
  `day` varchar(255) COLLATE utf8mb4_unicode_ci NOT NULL,
  `time_block` varchar(255) COLLATE utf8mb4_unicode_ci NOT NULL,
  `created_at` timestamp NULL DEFAULT NULL,
  `updated_at` timestamp NULL DEFAULT NULL,
  PRIMARY KEY (`id`),
  KEY `schedules_enrollment_id_foreign` (`enrollment_id`),
  KEY `schedules_classroom_id_foreign` (`classroom_id`),
  CONSTRAINT `schedules_classroom_id_foreign` FOREIGN KEY (`classroom_id`) REFERENCES `classrooms` (`id`),
  CONSTRAINT `schedules_enrollment_id_foreign` FOREIGN KEY (`enrollment_id`) REFERENCES `enrollments` (`id`) ON DELETE CASCADE
) ENGINE=InnoDB DEFAULT CHARSET=utf8mb4 COLLATE=utf8mb4_unicode_ci;

-- Dumping data for table just_speak.schedules: ~0 rows (approximately)

-- Dumping structure for table just_speak.sessions
DROP TABLE IF EXISTS `sessions`;
CREATE TABLE IF NOT EXISTS `sessions` (
  `id` varchar(255) COLLATE utf8mb4_unicode_ci NOT NULL,
  `user_id` bigint unsigned DEFAULT NULL,
  `ip_address` varchar(45) COLLATE utf8mb4_unicode_ci DEFAULT NULL,
  `user_agent` text COLLATE utf8mb4_unicode_ci,
  `payload` longtext COLLATE utf8mb4_unicode_ci NOT NULL,
  `last_activity` int NOT NULL,
  PRIMARY KEY (`id`),
  KEY `sessions_user_id_index` (`user_id`),
  KEY `sessions_last_activity_index` (`last_activity`)
) ENGINE=InnoDB DEFAULT CHARSET=utf8mb4 COLLATE=utf8mb4_unicode_ci;

-- Dumping data for table just_speak.sessions: ~2 rows (approximately)
INSERT INTO `sessions` (`id`, `user_id`, `ip_address`, `user_agent`, `payload`, `last_activity`) VALUES
	('jrOj1eBDQgNhmYTIrn7fdFZc04DrMiGjWMeGo4MO', 3, '127.0.0.1', 'Mozilla/5.0 (Windows NT 10.0; Win64; x64; rv:150.0) Gecko/20100101 Firefox/150.0', 'eyJfdG9rZW4iOiIwT1d3RnRoZzR0VUJKdTBhbHh5NFBEeUJxR09FUnBMN1g4QkIxZllJIiwiX2ZsYXNoIjp7Im9sZCI6W10sIm5ldyI6W119LCJfcHJldmlvdXMiOnsidXJsIjoiaHR0cDpcL1wvanVzdC1zcGVhay50ZXN0XC9hZG1pblwvZGFzaGJvYXJkIiwicm91dGUiOiJhZG1pbi5kYXNoYm9hcmQifSwibG9naW5fd2ViXzU5YmEzNmFkZGMyYjJmOTQwMTU4MGYwMTRjN2Y1OGVhNGUzMDk4OWQiOjN9', 1779087380),
	('uEjlzbOMo0NBJtoci0ZjSCeqOh8nrBZw0FlB5vMA', NULL, '127.0.0.1', 'Mozilla/5.0 (Windows NT 10.0; Win64; x64; rv:150.0) Gecko/20100101 Firefox/150.0', 'eyJfdG9rZW4iOiJEbG9wbGowNFhqVW04Wnlyd3huZTQ5WERYSzlBYjZzelBZbkVzcjluIiwidXJsIjp7ImludGVuZGVkIjoiaHR0cDpcL1wvanVzdC1zcGVhay50ZXN0XC9maW5hbmNlIn0sIl9wcmV2aW91cyI6eyJ1cmwiOiJodHRwOlwvXC9qdXN0LXNwZWFrLnRlc3RcL2ZpbmFuY2UiLCJyb3V0ZSI6ImZpbmFuY2UuaW5kZXgifSwiX2ZsYXNoIjp7Im9sZCI6W10sIm5ldyI6W119fQ==', 1779081098);

-- Dumping structure for table just_speak.students
DROP TABLE IF EXISTS `students`;
CREATE TABLE IF NOT EXISTS `students` (
  `id` bigint unsigned NOT NULL AUTO_INCREMENT,
  `user_id` bigint unsigned NOT NULL,
  `notes` text COLLATE utf8mb4_unicode_ci,
  `created_at` timestamp NULL DEFAULT NULL,
  `updated_at` timestamp NULL DEFAULT NULL,
  PRIMARY KEY (`id`),
  KEY `students_user_id_foreign` (`user_id`),
  CONSTRAINT `students_user_id_foreign` FOREIGN KEY (`user_id`) REFERENCES `users` (`id`) ON DELETE CASCADE
) ENGINE=InnoDB AUTO_INCREMENT=3 DEFAULT CHARSET=utf8mb4 COLLATE=utf8mb4_unicode_ci;

-- Dumping data for table just_speak.students: ~1 rows (approximately)
INSERT INTO `students` (`id`, `user_id`, `notes`, `created_at`, `updated_at`) VALUES
	(2, 5, NULL, '2026-05-11 02:26:43', '2026-05-11 02:26:43');

-- Dumping structure for table just_speak.tracker_columns
DROP TABLE IF EXISTS `tracker_columns`;
CREATE TABLE IF NOT EXISTS `tracker_columns` (
  `id` bigint unsigned NOT NULL AUTO_INCREMENT,
  `name` varchar(255) COLLATE utf8mb4_unicode_ci NOT NULL,
  `order` int NOT NULL DEFAULT '0',
  `created_at` timestamp NULL DEFAULT NULL,
  `updated_at` timestamp NULL DEFAULT NULL,
  PRIMARY KEY (`id`)
) ENGINE=InnoDB AUTO_INCREMENT=7 DEFAULT CHARSET=utf8mb4 COLLATE=utf8mb4_unicode_ci;

-- Dumping data for table just_speak.tracker_columns: ~3 rows (approximately)
INSERT INTO `tracker_columns` (`id`, `name`, `order`, `created_at`, `updated_at`) VALUES
	(4, 'bayar pendaftaran', 1, '2026-05-17 22:42:17', '2026-05-17 22:42:17'),
	(5, 'masuk kelas', 2, '2026-05-17 22:42:26', '2026-05-17 22:42:26'),
	(6, 'bikin grup wa', 3, '2026-05-17 22:42:34', '2026-05-17 22:42:34');

-- Dumping structure for table just_speak.tracker_entries
DROP TABLE IF EXISTS `tracker_entries`;
CREATE TABLE IF NOT EXISTS `tracker_entries` (
  `id` bigint unsigned NOT NULL AUTO_INCREMENT,
  `student_id` bigint unsigned NOT NULL,
  `tracker_column_id` bigint unsigned NOT NULL,
  `is_done` tinyint(1) NOT NULL DEFAULT '0',
  `created_at` timestamp NULL DEFAULT NULL,
  `updated_at` timestamp NULL DEFAULT NULL,
  PRIMARY KEY (`id`),
  KEY `tracker_entries_student_id_foreign` (`student_id`),
  KEY `tracker_entries_tracker_column_id_foreign` (`tracker_column_id`),
  CONSTRAINT `tracker_entries_student_id_foreign` FOREIGN KEY (`student_id`) REFERENCES `students` (`id`) ON DELETE CASCADE,
  CONSTRAINT `tracker_entries_tracker_column_id_foreign` FOREIGN KEY (`tracker_column_id`) REFERENCES `tracker_columns` (`id`) ON DELETE CASCADE
) ENGINE=InnoDB AUTO_INCREMENT=7 DEFAULT CHARSET=utf8mb4 COLLATE=utf8mb4_unicode_ci;

-- Dumping data for table just_speak.tracker_entries: ~3 rows (approximately)
INSERT INTO `tracker_entries` (`id`, `student_id`, `tracker_column_id`, `is_done`, `created_at`, `updated_at`) VALUES
	(4, 2, 4, 1, '2026-05-17 22:42:18', '2026-05-17 22:43:04'),
	(5, 2, 5, 1, '2026-05-17 22:42:27', '2026-05-17 22:51:54'),
	(6, 2, 6, 1, '2026-05-17 22:42:35', '2026-05-17 22:51:55');

-- Dumping structure for table just_speak.tutors
DROP TABLE IF EXISTS `tutors`;
CREATE TABLE IF NOT EXISTS `tutors` (
  `id` bigint unsigned NOT NULL AUTO_INCREMENT,
  `user_id` bigint unsigned NOT NULL,
  `persona` varchar(255) COLLATE utf8mb4_unicode_ci NOT NULL,
  `created_at` timestamp NULL DEFAULT NULL,
  `updated_at` timestamp NULL DEFAULT NULL,
  PRIMARY KEY (`id`),
  KEY `tutors_user_id_foreign` (`user_id`),
  CONSTRAINT `tutors_user_id_foreign` FOREIGN KEY (`user_id`) REFERENCES `users` (`id`) ON DELETE CASCADE
) ENGINE=InnoDB AUTO_INCREMENT=41 DEFAULT CHARSET=utf8mb4 COLLATE=utf8mb4_unicode_ci;

-- Dumping data for table just_speak.tutors: ~40 rows (approximately)
INSERT INTO `tutors` (`id`, `user_id`, `persona`, `created_at`, `updated_at`) VALUES
	(1, 2, 'Jago speaking', '2026-05-08 19:49:24', '2026-05-12 02:31:36'),
	(2, 6, 'S1', '2026-05-11 23:13:11', '2026-05-11 23:13:11'),
	(3, 7, 'S1', '2026-05-11 23:13:11', '2026-05-11 23:13:11'),
	(4, 8, 'S1', '2026-05-11 23:13:12', '2026-05-11 23:13:12'),
	(5, 9, 'S1', '2026-05-11 23:13:12', '2026-05-11 23:13:12'),
	(6, 10, 'S1', '2026-05-11 23:13:13', '2026-05-11 23:13:13'),
	(7, 11, 'S1', '2026-05-11 23:13:13', '2026-05-11 23:13:13'),
	(8, 12, 'S1', '2026-05-11 23:13:13', '2026-05-11 23:13:13'),
	(9, 13, 'S1', '2026-05-11 23:13:14', '2026-05-11 23:13:14'),
	(10, 14, 'S1', '2026-05-11 23:13:14', '2026-05-11 23:13:14'),
	(11, 15, 'S1', '2026-05-11 23:13:15', '2026-05-11 23:13:15'),
	(12, 16, 'S1', '2026-05-11 23:13:15', '2026-05-11 23:13:15'),
	(13, 17, 'S1', '2026-05-11 23:13:16', '2026-05-11 23:13:16'),
	(14, 18, 'S1', '2026-05-11 23:13:16', '2026-05-11 23:13:16'),
	(15, 19, 'S1', '2026-05-11 23:13:17', '2026-05-11 23:13:17'),
	(16, 20, 'S1', '2026-05-11 23:13:17', '2026-05-11 23:13:17'),
	(17, 21, 'S1', '2026-05-11 23:13:18', '2026-05-11 23:13:18'),
	(18, 22, 'S1', '2026-05-11 23:13:18', '2026-05-11 23:13:18'),
	(19, 23, 'S1', '2026-05-11 23:13:19', '2026-05-11 23:13:19'),
	(20, 24, 'S1', '2026-05-11 23:13:20', '2026-05-11 23:13:20'),
	(21, 25, 'S1', '2026-05-11 23:13:21', '2026-05-11 23:13:21'),
	(22, 26, 'S1', '2026-05-11 23:13:21', '2026-05-11 23:13:21'),
	(23, 27, 'S1', '2026-05-11 23:13:21', '2026-05-11 23:13:21'),
	(24, 28, 'S1', '2026-05-11 23:13:22', '2026-05-11 23:13:22'),
	(25, 29, 'S1', '2026-05-11 23:13:22', '2026-05-11 23:13:22'),
	(26, 30, 'S1', '2026-05-11 23:13:22', '2026-05-11 23:13:22'),
	(27, 31, 'S1', '2026-05-11 23:13:23', '2026-05-11 23:13:23'),
	(28, 32, 'S1', '2026-05-11 23:13:23', '2026-05-11 23:13:23'),
	(29, 33, 'S1', '2026-05-11 23:13:23', '2026-05-11 23:13:23'),
	(30, 34, 'S1', '2026-05-11 23:13:24', '2026-05-11 23:13:24'),
	(31, 35, 'S1', '2026-05-11 23:13:24', '2026-05-11 23:13:24'),
	(32, 36, 'S1', '2026-05-11 23:13:25', '2026-05-11 23:13:25'),
	(33, 37, 'S1', '2026-05-11 23:13:25', '2026-05-11 23:13:25'),
	(34, 38, 'S1', '2026-05-11 23:13:25', '2026-05-11 23:13:25'),
	(35, 39, 'S1', '2026-05-11 23:13:26', '2026-05-11 23:13:26'),
	(36, 40, 'S1', '2026-05-11 23:13:26', '2026-05-11 23:13:26'),
	(37, 41, 'S1', '2026-05-11 23:13:27', '2026-05-11 23:13:27'),
	(38, 42, 'S1', '2026-05-11 23:13:27', '2026-05-11 23:13:27'),
	(39, 43, 'S1', '2026-05-11 23:13:27', '2026-05-11 23:13:27'),
	(40, 44, 'S1', '2026-05-11 23:13:28', '2026-05-11 23:13:28');

-- Dumping structure for table just_speak.tutor_availability
DROP TABLE IF EXISTS `tutor_availability`;
CREATE TABLE IF NOT EXISTS `tutor_availability` (
  `id` bigint unsigned NOT NULL AUTO_INCREMENT,
  `tutor_id` bigint unsigned NOT NULL,
  `day` varchar(255) COLLATE utf8mb4_unicode_ci NOT NULL,
  `time_block` varchar(255) COLLATE utf8mb4_unicode_ci NOT NULL,
  `status` enum('available','not_available','occupied') COLLATE utf8mb4_unicode_ci NOT NULL DEFAULT 'available',
  `created_at` timestamp NULL DEFAULT NULL,
  `updated_at` timestamp NULL DEFAULT NULL,
  PRIMARY KEY (`id`),
  UNIQUE KEY `tutor_availability_tutor_id_day_time_block_unique` (`tutor_id`,`day`,`time_block`),
  CONSTRAINT `tutor_availability_tutor_id_foreign` FOREIGN KEY (`tutor_id`) REFERENCES `tutors` (`id`) ON DELETE CASCADE
) ENGINE=InnoDB AUTO_INCREMENT=2 DEFAULT CHARSET=utf8mb4 COLLATE=utf8mb4_unicode_ci;

-- Dumping data for table just_speak.tutor_availability: ~0 rows (approximately)

-- Dumping structure for table just_speak.tutor_rates
DROP TABLE IF EXISTS `tutor_rates`;
CREATE TABLE IF NOT EXISTS `tutor_rates` (
  `id` bigint unsigned NOT NULL AUTO_INCREMENT,
  `tutor_id` bigint unsigned NOT NULL,
  `program_id` bigint unsigned NOT NULL,
  `rate` decimal(15,2) NOT NULL,
  `created_at` timestamp NULL DEFAULT NULL,
  `updated_at` timestamp NULL DEFAULT NULL,
  PRIMARY KEY (`id`),
  UNIQUE KEY `tutor_rates_tutor_id_program_id_unique` (`tutor_id`,`program_id`),
  KEY `tutor_rates_program_id_foreign` (`program_id`),
  CONSTRAINT `tutor_rates_program_id_foreign` FOREIGN KEY (`program_id`) REFERENCES `programs` (`id`) ON DELETE CASCADE,
  CONSTRAINT `tutor_rates_tutor_id_foreign` FOREIGN KEY (`tutor_id`) REFERENCES `tutors` (`id`) ON DELETE CASCADE
) ENGINE=InnoDB AUTO_INCREMENT=862 DEFAULT CHARSET=utf8mb4 COLLATE=utf8mb4_unicode_ci;

-- Dumping data for table just_speak.tutor_rates: ~840 rows (approximately)
INSERT INTO `tutor_rates` (`id`, `tutor_id`, `program_id`, `rate`, `created_at`, `updated_at`) VALUES
	(1, 2, 1, 55000.00, '2026-05-11 23:24:51', '2026-05-11 23:24:51'),
	(2, 2, 2, 55000.00, '2026-05-11 23:24:51', '2026-05-11 23:24:51'),
	(3, 2, 3, 55000.00, '2026-05-11 23:24:51', '2026-05-11 23:24:51'),
	(4, 2, 14, 55000.00, '2026-05-11 23:24:51', '2026-05-11 23:24:51'),
	(5, 2, 16, 30000.00, '2026-05-11 23:24:51', '2026-05-11 23:24:51'),
	(6, 2, 17, 55000.00, '2026-05-11 23:24:51', '2026-05-11 23:24:51'),
	(7, 2, 18, 70000.00, '2026-05-11 23:24:52', '2026-05-11 23:24:52'),
	(8, 2, 19, 70000.00, '2026-05-11 23:24:52', '2026-05-11 23:24:52'),
	(9, 2, 20, 55000.00, '2026-05-11 23:24:52', '2026-05-11 23:24:52'),
	(10, 2, 21, 70000.00, '2026-05-11 23:24:52', '2026-05-11 23:24:52'),
	(11, 2, 22, 70000.00, '2026-05-11 23:24:52', '2026-05-11 23:24:52'),
	(12, 2, 23, 55000.00, '2026-05-11 23:24:52', '2026-05-11 23:24:52'),
	(13, 2, 24, 70000.00, '2026-05-11 23:24:52', '2026-05-11 23:24:52'),
	(14, 2, 25, 70000.00, '2026-05-11 23:24:52', '2026-05-11 23:24:52'),
	(15, 2, 26, 55000.00, '2026-05-11 23:24:52', '2026-05-11 23:24:52'),
	(16, 2, 27, 55000.00, '2026-05-11 23:24:52', '2026-05-11 23:24:52'),
	(17, 2, 28, 55000.00, '2026-05-11 23:24:52', '2026-05-11 23:24:52'),
	(18, 2, 29, 45000.00, '2026-05-11 23:24:52', '2026-05-11 23:24:52'),
	(19, 2, 30, 45000.00, '2026-05-11 23:24:52', '2026-05-11 23:24:52'),
	(20, 2, 31, 75000.00, '2026-05-11 23:24:52', '2026-05-11 23:24:52'),
	(21, 2, 33, 45000.00, '2026-05-11 23:24:52', '2026-05-11 23:24:52'),
	(22, 3, 1, 60000.00, '2026-05-11 23:24:52', '2026-05-11 23:24:52'),
	(23, 3, 2, 60000.00, '2026-05-11 23:24:52', '2026-05-11 23:24:52'),
	(24, 3, 3, 60000.00, '2026-05-11 23:24:52', '2026-05-11 23:24:52'),
	(25, 3, 14, 60000.00, '2026-05-11 23:24:52', '2026-05-11 23:24:52'),
	(26, 3, 16, 30000.00, '2026-05-11 23:24:52', '2026-05-11 23:24:52'),
	(27, 3, 17, 60000.00, '2026-05-11 23:24:52', '2026-05-11 23:24:52'),
	(28, 3, 18, 70000.00, '2026-05-11 23:24:52', '2026-05-11 23:24:52'),
	(29, 3, 19, 70000.00, '2026-05-11 23:24:52', '2026-05-11 23:24:52'),
	(30, 3, 20, 60000.00, '2026-05-11 23:24:52', '2026-05-11 23:24:52'),
	(31, 3, 21, 70000.00, '2026-05-11 23:24:52', '2026-05-11 23:24:52'),
	(32, 3, 22, 70000.00, '2026-05-11 23:24:52', '2026-05-11 23:24:52'),
	(33, 3, 23, 60000.00, '2026-05-11 23:24:52', '2026-05-11 23:24:52'),
	(34, 3, 24, 70000.00, '2026-05-11 23:24:52', '2026-05-11 23:24:52'),
	(35, 3, 25, 70000.00, '2026-05-11 23:24:52', '2026-05-11 23:24:52'),
	(36, 3, 26, 60000.00, '2026-05-11 23:24:52', '2026-05-11 23:24:52'),
	(37, 3, 27, 60000.00, '2026-05-11 23:24:52', '2026-05-11 23:24:52'),
	(38, 3, 28, 60000.00, '2026-05-11 23:24:52', '2026-05-11 23:24:52'),
	(39, 3, 29, 44000.00, '2026-05-11 23:24:52', '2026-05-11 23:24:52'),
	(40, 3, 30, 44000.00, '2026-05-11 23:24:52', '2026-05-11 23:24:52'),
	(41, 3, 31, 100000.00, '2026-05-11 23:24:52', '2026-05-11 23:24:52'),
	(42, 3, 33, 44000.00, '2026-05-11 23:24:52', '2026-05-11 23:24:52'),
	(43, 4, 1, 50000.00, '2026-05-11 23:24:53', '2026-05-11 23:24:53'),
	(44, 4, 2, 50000.00, '2026-05-11 23:24:53', '2026-05-11 23:24:53'),
	(45, 4, 3, 50000.00, '2026-05-11 23:24:53', '2026-05-11 23:24:53'),
	(46, 4, 14, 50000.00, '2026-05-11 23:24:53', '2026-05-11 23:24:53'),
	(47, 4, 16, 30000.00, '2026-05-11 23:24:53', '2026-05-11 23:24:53'),
	(48, 4, 17, 50000.00, '2026-05-11 23:24:53', '2026-05-11 23:24:53'),
	(49, 4, 18, 70000.00, '2026-05-11 23:24:53', '2026-05-11 23:24:53'),
	(50, 4, 19, 70000.00, '2026-05-11 23:24:53', '2026-05-11 23:24:53'),
	(51, 4, 20, 50000.00, '2026-05-11 23:24:53', '2026-05-11 23:24:53'),
	(52, 4, 21, 70000.00, '2026-05-11 23:24:53', '2026-05-11 23:24:53'),
	(53, 4, 22, 70000.00, '2026-05-11 23:24:53', '2026-05-11 23:24:53'),
	(54, 4, 23, 50000.00, '2026-05-11 23:24:53', '2026-05-11 23:24:53'),
	(55, 4, 24, 70000.00, '2026-05-11 23:24:53', '2026-05-11 23:24:53'),
	(56, 4, 25, 70000.00, '2026-05-11 23:24:53', '2026-05-11 23:24:53'),
	(57, 4, 26, 50000.00, '2026-05-11 23:24:53', '2026-05-11 23:24:53'),
	(58, 4, 27, 50000.00, '2026-05-11 23:24:53', '2026-05-11 23:24:53'),
	(59, 4, 28, 50000.00, '2026-05-11 23:24:53', '2026-05-11 23:24:53'),
	(60, 4, 29, 40000.00, '2026-05-11 23:24:53', '2026-05-11 23:24:53'),
	(61, 4, 30, 40000.00, '2026-05-11 23:24:53', '2026-05-11 23:24:53'),
	(62, 4, 31, 75000.00, '2026-05-11 23:24:53', '2026-05-11 23:24:53'),
	(63, 4, 33, 40000.00, '2026-05-11 23:24:53', '2026-05-11 23:24:53'),
	(64, 5, 1, 50000.00, '2026-05-11 23:24:53', '2026-05-11 23:24:53'),
	(65, 5, 2, 50000.00, '2026-05-11 23:24:53', '2026-05-11 23:24:53'),
	(66, 5, 3, 50000.00, '2026-05-11 23:24:53', '2026-05-11 23:24:53'),
	(67, 5, 14, 50000.00, '2026-05-11 23:24:53', '2026-05-11 23:24:53'),
	(68, 5, 16, 30000.00, '2026-05-11 23:24:53', '2026-05-11 23:24:53'),
	(69, 5, 17, 50000.00, '2026-05-11 23:24:53', '2026-05-11 23:24:53'),
	(70, 5, 18, 70000.00, '2026-05-11 23:24:53', '2026-05-11 23:24:53'),
	(71, 5, 19, 70000.00, '2026-05-11 23:24:53', '2026-05-11 23:24:53'),
	(72, 5, 20, 50000.00, '2026-05-11 23:24:53', '2026-05-11 23:24:53'),
	(73, 5, 21, 70000.00, '2026-05-11 23:24:53', '2026-05-11 23:24:53'),
	(74, 5, 22, 70000.00, '2026-05-11 23:24:53', '2026-05-11 23:24:53'),
	(75, 5, 23, 50000.00, '2026-05-11 23:24:53', '2026-05-11 23:24:53'),
	(76, 5, 24, 70000.00, '2026-05-11 23:24:53', '2026-05-11 23:24:53'),
	(77, 5, 25, 70000.00, '2026-05-11 23:24:53', '2026-05-11 23:24:53'),
	(78, 5, 26, 50000.00, '2026-05-11 23:24:53', '2026-05-11 23:24:53'),
	(79, 5, 27, 50000.00, '2026-05-11 23:24:53', '2026-05-11 23:24:53'),
	(80, 5, 28, 50000.00, '2026-05-11 23:24:54', '2026-05-11 23:24:54'),
	(81, 5, 29, 45000.00, '2026-05-11 23:24:54', '2026-05-11 23:24:54'),
	(82, 5, 30, 45000.00, '2026-05-11 23:24:54', '2026-05-11 23:24:54'),
	(83, 5, 31, 75000.00, '2026-05-11 23:24:54', '2026-05-11 23:24:54'),
	(84, 5, 33, 45000.00, '2026-05-11 23:24:54', '2026-05-11 23:24:54'),
	(85, 6, 1, 55000.00, '2026-05-11 23:24:54', '2026-05-11 23:24:54'),
	(86, 6, 2, 55000.00, '2026-05-11 23:24:54', '2026-05-11 23:24:54'),
	(87, 6, 3, 55000.00, '2026-05-11 23:24:54', '2026-05-11 23:24:54'),
	(88, 6, 14, 55000.00, '2026-05-11 23:24:54', '2026-05-11 23:24:54'),
	(89, 6, 16, 30000.00, '2026-05-11 23:24:54', '2026-05-11 23:24:54'),
	(90, 6, 17, 55000.00, '2026-05-11 23:24:54', '2026-05-11 23:24:54'),
	(91, 6, 18, 70000.00, '2026-05-11 23:24:54', '2026-05-11 23:24:54'),
	(92, 6, 19, 70000.00, '2026-05-11 23:24:54', '2026-05-11 23:24:54'),
	(93, 6, 20, 55000.00, '2026-05-11 23:24:54', '2026-05-11 23:24:54'),
	(94, 6, 21, 70000.00, '2026-05-11 23:24:54', '2026-05-11 23:24:54'),
	(95, 6, 22, 70000.00, '2026-05-11 23:24:54', '2026-05-11 23:24:54'),
	(96, 6, 23, 55000.00, '2026-05-11 23:24:54', '2026-05-11 23:24:54'),
	(97, 6, 24, 70000.00, '2026-05-11 23:24:54', '2026-05-11 23:24:54'),
	(98, 6, 25, 70000.00, '2026-05-11 23:24:54', '2026-05-11 23:24:54'),
	(99, 6, 26, 55000.00, '2026-05-11 23:24:54', '2026-05-11 23:24:54'),
	(100, 6, 27, 55000.00, '2026-05-11 23:24:54', '2026-05-11 23:24:54'),
	(101, 6, 28, 55000.00, '2026-05-11 23:24:54', '2026-05-11 23:24:54'),
	(102, 6, 29, 45000.00, '2026-05-11 23:24:54', '2026-05-11 23:24:54'),
	(103, 6, 30, 45000.00, '2026-05-11 23:24:54', '2026-05-11 23:24:54'),
	(104, 6, 31, 75000.00, '2026-05-11 23:24:54', '2026-05-11 23:24:54'),
	(105, 6, 33, 45000.00, '2026-05-11 23:24:54', '2026-05-11 23:24:54'),
	(106, 7, 1, 60000.00, '2026-05-11 23:24:55', '2026-05-11 23:24:55'),
	(107, 7, 2, 60000.00, '2026-05-11 23:24:55', '2026-05-11 23:24:55'),
	(108, 7, 3, 60000.00, '2026-05-11 23:24:55', '2026-05-11 23:24:55'),
	(109, 7, 14, 60000.00, '2026-05-11 23:24:55', '2026-05-11 23:24:55'),
	(110, 7, 16, 30000.00, '2026-05-11 23:24:55', '2026-05-11 23:24:55'),
	(111, 7, 17, 60000.00, '2026-05-11 23:24:55', '2026-05-11 23:24:55'),
	(112, 7, 18, 70000.00, '2026-05-11 23:24:55', '2026-05-11 23:24:55'),
	(113, 7, 19, 70000.00, '2026-05-11 23:24:55', '2026-05-11 23:24:55'),
	(114, 7, 20, 60000.00, '2026-05-11 23:24:55', '2026-05-11 23:24:55'),
	(115, 7, 21, 70000.00, '2026-05-11 23:24:55', '2026-05-11 23:24:55'),
	(116, 7, 22, 70000.00, '2026-05-11 23:24:55', '2026-05-11 23:24:55'),
	(117, 7, 23, 60000.00, '2026-05-11 23:24:55', '2026-05-11 23:24:55'),
	(118, 7, 24, 70000.00, '2026-05-11 23:24:55', '2026-05-11 23:24:55'),
	(119, 7, 25, 70000.00, '2026-05-11 23:24:55', '2026-05-11 23:24:55'),
	(120, 7, 26, 60000.00, '2026-05-11 23:24:55', '2026-05-11 23:24:55'),
	(121, 7, 27, 60000.00, '2026-05-11 23:24:55', '2026-05-11 23:24:55'),
	(122, 7, 28, 60000.00, '2026-05-11 23:24:55', '2026-05-11 23:24:55'),
	(123, 7, 29, 42000.00, '2026-05-11 23:24:55', '2026-05-11 23:24:55'),
	(124, 7, 30, 42000.00, '2026-05-11 23:24:55', '2026-05-11 23:24:55'),
	(125, 7, 31, 100000.00, '2026-05-11 23:24:55', '2026-05-11 23:24:55'),
	(126, 7, 33, 42000.00, '2026-05-11 23:24:55', '2026-05-11 23:24:55'),
	(127, 8, 1, 55000.00, '2026-05-11 23:24:56', '2026-05-11 23:24:56'),
	(128, 8, 2, 55000.00, '2026-05-11 23:24:56', '2026-05-11 23:24:56'),
	(129, 8, 3, 55000.00, '2026-05-11 23:24:56', '2026-05-11 23:24:56'),
	(130, 8, 14, 55000.00, '2026-05-11 23:24:56', '2026-05-11 23:24:56'),
	(131, 8, 16, 30000.00, '2026-05-11 23:24:56', '2026-05-11 23:24:56'),
	(132, 8, 17, 55000.00, '2026-05-11 23:24:56', '2026-05-11 23:24:56'),
	(133, 8, 18, 70000.00, '2026-05-11 23:24:56', '2026-05-11 23:24:56'),
	(134, 8, 19, 70000.00, '2026-05-11 23:24:56', '2026-05-11 23:24:56'),
	(135, 8, 20, 55000.00, '2026-05-11 23:24:56', '2026-05-11 23:24:56'),
	(136, 8, 21, 70000.00, '2026-05-11 23:24:56', '2026-05-11 23:24:56'),
	(137, 8, 22, 70000.00, '2026-05-11 23:24:56', '2026-05-11 23:24:56'),
	(138, 8, 23, 55000.00, '2026-05-11 23:24:56', '2026-05-11 23:24:56'),
	(139, 8, 24, 70000.00, '2026-05-11 23:24:56', '2026-05-11 23:24:56'),
	(140, 8, 25, 70000.00, '2026-05-11 23:24:56', '2026-05-11 23:24:56'),
	(141, 8, 26, 55000.00, '2026-05-11 23:24:56', '2026-05-11 23:24:56'),
	(142, 8, 27, 55000.00, '2026-05-11 23:24:56', '2026-05-11 23:24:56'),
	(143, 8, 28, 55000.00, '2026-05-11 23:24:56', '2026-05-11 23:24:56'),
	(144, 8, 29, 40000.00, '2026-05-11 23:24:56', '2026-05-11 23:24:56'),
	(145, 8, 30, 40000.00, '2026-05-11 23:24:56', '2026-05-11 23:24:56'),
	(146, 8, 31, 75000.00, '2026-05-11 23:24:56', '2026-05-11 23:24:56'),
	(147, 8, 33, 40000.00, '2026-05-11 23:24:56', '2026-05-11 23:24:56'),
	(148, 9, 1, 50000.00, '2026-05-11 23:24:56', '2026-05-11 23:24:56'),
	(149, 9, 2, 50000.00, '2026-05-11 23:24:56', '2026-05-11 23:24:56'),
	(150, 9, 3, 50000.00, '2026-05-11 23:24:56', '2026-05-11 23:24:56'),
	(151, 9, 14, 50000.00, '2026-05-11 23:24:56', '2026-05-11 23:24:56'),
	(152, 9, 16, 30000.00, '2026-05-11 23:24:56', '2026-05-11 23:24:56'),
	(153, 9, 17, 50000.00, '2026-05-11 23:24:56', '2026-05-11 23:24:56'),
	(154, 9, 18, 70000.00, '2026-05-11 23:24:56', '2026-05-11 23:24:56'),
	(155, 9, 19, 70000.00, '2026-05-11 23:24:56', '2026-05-11 23:24:56'),
	(156, 9, 20, 50000.00, '2026-05-11 23:24:56', '2026-05-11 23:24:56'),
	(157, 9, 21, 70000.00, '2026-05-11 23:24:56', '2026-05-11 23:24:56'),
	(158, 9, 22, 70000.00, '2026-05-11 23:24:56', '2026-05-11 23:24:56'),
	(159, 9, 23, 50000.00, '2026-05-11 23:24:56', '2026-05-11 23:24:56'),
	(160, 9, 24, 70000.00, '2026-05-11 23:24:56', '2026-05-11 23:24:56'),
	(161, 9, 25, 70000.00, '2026-05-11 23:24:56', '2026-05-11 23:24:56'),
	(162, 9, 26, 50000.00, '2026-05-11 23:24:56', '2026-05-11 23:24:56'),
	(163, 9, 27, 50000.00, '2026-05-11 23:24:56', '2026-05-11 23:24:56'),
	(164, 9, 28, 50000.00, '2026-05-11 23:24:56', '2026-05-11 23:24:56'),
	(165, 9, 29, 40000.00, '2026-05-11 23:24:56', '2026-05-11 23:24:56'),
	(166, 9, 30, 40000.00, '2026-05-11 23:24:56', '2026-05-11 23:24:56'),
	(167, 9, 31, 75000.00, '2026-05-11 23:24:56', '2026-05-11 23:24:56'),
	(168, 9, 33, 40000.00, '2026-05-11 23:24:57', '2026-05-11 23:24:57'),
	(169, 10, 1, 50000.00, '2026-05-11 23:24:57', '2026-05-11 23:24:57'),
	(170, 10, 2, 50000.00, '2026-05-11 23:24:57', '2026-05-11 23:24:57'),
	(171, 10, 3, 50000.00, '2026-05-11 23:24:57', '2026-05-11 23:24:57'),
	(172, 10, 14, 50000.00, '2026-05-11 23:24:57', '2026-05-11 23:24:57'),
	(173, 10, 16, 30000.00, '2026-05-11 23:24:57', '2026-05-11 23:24:57'),
	(174, 10, 17, 50000.00, '2026-05-11 23:24:57', '2026-05-11 23:24:57'),
	(175, 10, 18, 70000.00, '2026-05-11 23:24:57', '2026-05-11 23:24:57'),
	(176, 10, 19, 70000.00, '2026-05-11 23:24:57', '2026-05-11 23:24:57'),
	(177, 10, 20, 50000.00, '2026-05-11 23:24:57', '2026-05-11 23:24:57'),
	(178, 10, 21, 70000.00, '2026-05-11 23:24:57', '2026-05-11 23:24:57'),
	(179, 10, 22, 70000.00, '2026-05-11 23:24:57', '2026-05-11 23:24:57'),
	(180, 10, 23, 50000.00, '2026-05-11 23:24:57', '2026-05-11 23:24:57'),
	(181, 10, 24, 70000.00, '2026-05-11 23:24:57', '2026-05-11 23:24:57'),
	(182, 10, 25, 70000.00, '2026-05-11 23:24:57', '2026-05-11 23:24:57'),
	(183, 10, 26, 50000.00, '2026-05-11 23:24:57', '2026-05-11 23:24:57'),
	(184, 10, 27, 50000.00, '2026-05-11 23:24:57', '2026-05-11 23:24:57'),
	(185, 10, 28, 50000.00, '2026-05-11 23:24:57', '2026-05-11 23:24:57'),
	(186, 10, 29, 45000.00, '2026-05-11 23:24:57', '2026-05-11 23:24:57'),
	(187, 10, 30, 45000.00, '2026-05-11 23:24:57', '2026-05-11 23:24:57'),
	(188, 10, 31, 75000.00, '2026-05-11 23:24:57', '2026-05-11 23:24:57'),
	(189, 10, 33, 45000.00, '2026-05-11 23:24:57', '2026-05-11 23:24:57'),
	(190, 11, 1, 55000.00, '2026-05-11 23:24:58', '2026-05-11 23:24:58'),
	(191, 11, 2, 55000.00, '2026-05-11 23:24:58', '2026-05-11 23:24:58'),
	(192, 11, 3, 55000.00, '2026-05-11 23:24:58', '2026-05-11 23:24:58'),
	(193, 11, 14, 55000.00, '2026-05-11 23:24:58', '2026-05-11 23:24:58'),
	(194, 11, 16, 30000.00, '2026-05-11 23:24:58', '2026-05-11 23:24:58'),
	(195, 11, 17, 55000.00, '2026-05-11 23:24:58', '2026-05-11 23:24:58'),
	(196, 11, 18, 70000.00, '2026-05-11 23:24:58', '2026-05-11 23:24:58'),
	(197, 11, 19, 70000.00, '2026-05-11 23:24:58', '2026-05-11 23:24:58'),
	(198, 11, 20, 55000.00, '2026-05-11 23:24:58', '2026-05-11 23:24:58'),
	(199, 11, 21, 70000.00, '2026-05-11 23:24:58', '2026-05-11 23:24:58'),
	(200, 11, 22, 70000.00, '2026-05-11 23:24:58', '2026-05-11 23:24:58'),
	(201, 11, 23, 55000.00, '2026-05-11 23:24:58', '2026-05-11 23:24:58'),
	(202, 11, 24, 70000.00, '2026-05-11 23:24:58', '2026-05-11 23:24:58'),
	(203, 11, 25, 70000.00, '2026-05-11 23:24:58', '2026-05-11 23:24:58'),
	(204, 11, 26, 55000.00, '2026-05-11 23:24:58', '2026-05-11 23:24:58'),
	(205, 11, 27, 55000.00, '2026-05-11 23:24:58', '2026-05-11 23:24:58'),
	(206, 11, 28, 55000.00, '2026-05-11 23:24:58', '2026-05-11 23:24:58'),
	(207, 11, 29, 50000.00, '2026-05-11 23:24:58', '2026-05-11 23:24:58'),
	(208, 11, 30, 50000.00, '2026-05-11 23:24:58', '2026-05-11 23:24:58'),
	(209, 11, 31, 75000.00, '2026-05-11 23:24:58', '2026-05-11 23:24:58'),
	(210, 11, 33, 50000.00, '2026-05-11 23:24:58', '2026-05-11 23:24:58'),
	(211, 12, 1, 60000.00, '2026-05-11 23:24:58', '2026-05-11 23:24:58'),
	(212, 12, 2, 60000.00, '2026-05-11 23:24:58', '2026-05-11 23:24:58'),
	(213, 12, 3, 60000.00, '2026-05-11 23:24:58', '2026-05-11 23:24:58'),
	(214, 12, 14, 60000.00, '2026-05-11 23:24:58', '2026-05-11 23:24:58'),
	(215, 12, 16, 30000.00, '2026-05-11 23:24:58', '2026-05-11 23:24:58'),
	(216, 12, 17, 60000.00, '2026-05-11 23:24:58', '2026-05-11 23:24:58'),
	(217, 12, 18, 70000.00, '2026-05-11 23:24:58', '2026-05-11 23:24:58'),
	(218, 12, 19, 70000.00, '2026-05-11 23:24:58', '2026-05-11 23:24:58'),
	(219, 12, 20, 60000.00, '2026-05-11 23:24:58', '2026-05-11 23:24:58'),
	(220, 12, 21, 70000.00, '2026-05-11 23:24:58', '2026-05-11 23:24:58'),
	(221, 12, 22, 70000.00, '2026-05-11 23:24:58', '2026-05-11 23:24:58'),
	(222, 12, 23, 60000.00, '2026-05-11 23:24:58', '2026-05-11 23:24:58'),
	(223, 12, 24, 70000.00, '2026-05-11 23:24:58', '2026-05-11 23:24:58'),
	(224, 12, 25, 70000.00, '2026-05-11 23:24:58', '2026-05-11 23:24:58'),
	(225, 12, 26, 60000.00, '2026-05-11 23:24:58', '2026-05-11 23:24:58'),
	(226, 12, 27, 60000.00, '2026-05-11 23:24:58', '2026-05-11 23:24:58'),
	(227, 12, 28, 60000.00, '2026-05-11 23:24:58', '2026-05-11 23:24:58'),
	(228, 12, 29, 60000.00, '2026-05-11 23:24:58', '2026-05-11 23:24:58'),
	(229, 12, 30, 60000.00, '2026-05-11 23:24:58', '2026-05-11 23:24:58'),
	(230, 12, 31, 100000.00, '2026-05-11 23:24:58', '2026-05-11 23:24:58'),
	(231, 12, 33, 60000.00, '2026-05-11 23:24:58', '2026-05-11 23:24:58'),
	(232, 13, 1, 60000.00, '2026-05-11 23:24:59', '2026-05-11 23:24:59'),
	(233, 13, 2, 60000.00, '2026-05-11 23:24:59', '2026-05-11 23:24:59'),
	(234, 13, 3, 60000.00, '2026-05-11 23:24:59', '2026-05-11 23:24:59'),
	(235, 13, 14, 60000.00, '2026-05-11 23:24:59', '2026-05-11 23:24:59'),
	(236, 13, 16, 30000.00, '2026-05-11 23:24:59', '2026-05-11 23:24:59'),
	(237, 13, 17, 60000.00, '2026-05-11 23:24:59', '2026-05-11 23:24:59'),
	(238, 13, 18, 70000.00, '2026-05-11 23:24:59', '2026-05-11 23:24:59'),
	(239, 13, 19, 70000.00, '2026-05-11 23:24:59', '2026-05-11 23:24:59'),
	(240, 13, 20, 60000.00, '2026-05-11 23:24:59', '2026-05-11 23:24:59'),
	(241, 13, 21, 70000.00, '2026-05-11 23:24:59', '2026-05-11 23:24:59'),
	(242, 13, 22, 70000.00, '2026-05-11 23:24:59', '2026-05-11 23:24:59'),
	(243, 13, 23, 60000.00, '2026-05-11 23:24:59', '2026-05-11 23:24:59'),
	(244, 13, 24, 70000.00, '2026-05-11 23:24:59', '2026-05-11 23:24:59'),
	(245, 13, 25, 70000.00, '2026-05-11 23:24:59', '2026-05-11 23:24:59'),
	(246, 13, 26, 60000.00, '2026-05-11 23:24:59', '2026-05-11 23:24:59'),
	(247, 13, 27, 60000.00, '2026-05-11 23:24:59', '2026-05-11 23:24:59'),
	(248, 13, 28, 60000.00, '2026-05-11 23:24:59', '2026-05-11 23:24:59'),
	(249, 13, 29, 60000.00, '2026-05-11 23:24:59', '2026-05-11 23:24:59'),
	(250, 13, 30, 60000.00, '2026-05-11 23:24:59', '2026-05-11 23:24:59'),
	(251, 13, 31, 100000.00, '2026-05-11 23:24:59', '2026-05-11 23:24:59'),
	(252, 13, 33, 60000.00, '2026-05-11 23:24:59', '2026-05-11 23:24:59'),
	(253, 14, 1, 50000.00, '2026-05-11 23:24:59', '2026-05-11 23:24:59'),
	(254, 14, 2, 50000.00, '2026-05-11 23:24:59', '2026-05-11 23:24:59'),
	(255, 14, 3, 50000.00, '2026-05-11 23:24:59', '2026-05-11 23:24:59'),
	(256, 14, 14, 50000.00, '2026-05-11 23:24:59', '2026-05-11 23:24:59'),
	(257, 14, 16, 30000.00, '2026-05-11 23:24:59', '2026-05-11 23:24:59'),
	(258, 14, 17, 50000.00, '2026-05-11 23:24:59', '2026-05-11 23:24:59'),
	(259, 14, 18, 70000.00, '2026-05-11 23:24:59', '2026-05-11 23:24:59'),
	(260, 14, 19, 70000.00, '2026-05-11 23:25:01', '2026-05-11 23:25:01'),
	(261, 14, 20, 50000.00, '2026-05-11 23:25:05', '2026-05-11 23:25:05'),
	(262, 14, 21, 70000.00, '2026-05-11 23:25:05', '2026-05-11 23:25:05'),
	(263, 14, 22, 70000.00, '2026-05-11 23:25:05', '2026-05-11 23:25:05'),
	(264, 14, 23, 50000.00, '2026-05-11 23:25:05', '2026-05-11 23:25:05'),
	(265, 14, 24, 70000.00, '2026-05-11 23:25:05', '2026-05-11 23:25:05'),
	(266, 14, 25, 70000.00, '2026-05-11 23:25:05', '2026-05-11 23:25:05'),
	(267, 14, 26, 50000.00, '2026-05-11 23:25:05', '2026-05-11 23:25:05'),
	(268, 14, 27, 50000.00, '2026-05-11 23:25:05', '2026-05-11 23:25:05'),
	(269, 14, 28, 50000.00, '2026-05-11 23:25:05', '2026-05-11 23:25:05'),
	(270, 14, 29, 45000.00, '2026-05-11 23:25:05', '2026-05-11 23:25:05'),
	(271, 14, 30, 45000.00, '2026-05-11 23:25:05', '2026-05-11 23:25:05'),
	(272, 14, 31, 75000.00, '2026-05-11 23:25:05', '2026-05-11 23:25:05'),
	(273, 14, 33, 45000.00, '2026-05-11 23:25:05', '2026-05-11 23:25:05'),
	(274, 15, 1, 55000.00, '2026-05-11 23:25:06', '2026-05-11 23:25:06'),
	(275, 15, 2, 55000.00, '2026-05-11 23:25:06', '2026-05-11 23:25:06'),
	(276, 15, 3, 55000.00, '2026-05-11 23:25:06', '2026-05-11 23:25:06'),
	(277, 15, 14, 55000.00, '2026-05-11 23:25:06', '2026-05-11 23:25:06'),
	(278, 15, 16, 30000.00, '2026-05-11 23:25:06', '2026-05-11 23:25:06'),
	(279, 15, 17, 55000.00, '2026-05-11 23:25:06', '2026-05-11 23:25:06'),
	(280, 15, 18, 70000.00, '2026-05-11 23:25:06', '2026-05-11 23:25:06'),
	(281, 15, 19, 70000.00, '2026-05-11 23:25:06', '2026-05-11 23:25:06'),
	(282, 15, 20, 55000.00, '2026-05-11 23:25:06', '2026-05-11 23:25:06'),
	(283, 15, 21, 70000.00, '2026-05-11 23:25:06', '2026-05-11 23:25:06'),
	(284, 15, 22, 70000.00, '2026-05-11 23:25:06', '2026-05-11 23:25:06'),
	(285, 15, 23, 55000.00, '2026-05-11 23:25:06', '2026-05-11 23:25:06'),
	(286, 15, 24, 70000.00, '2026-05-11 23:25:06', '2026-05-11 23:25:06'),
	(287, 15, 25, 70000.00, '2026-05-11 23:25:06', '2026-05-11 23:25:06'),
	(288, 15, 26, 55000.00, '2026-05-11 23:25:06', '2026-05-11 23:25:06'),
	(289, 15, 27, 55000.00, '2026-05-11 23:25:06', '2026-05-11 23:25:06'),
	(290, 15, 28, 55000.00, '2026-05-11 23:25:06', '2026-05-11 23:25:06'),
	(291, 15, 29, 40000.00, '2026-05-11 23:25:06', '2026-05-11 23:25:06'),
	(292, 15, 30, 40000.00, '2026-05-11 23:25:06', '2026-05-11 23:25:06'),
	(293, 15, 31, 75000.00, '2026-05-11 23:25:06', '2026-05-11 23:25:06'),
	(294, 15, 33, 40000.00, '2026-05-11 23:25:06', '2026-05-11 23:25:06'),
	(295, 16, 1, 60000.00, '2026-05-11 23:25:07', '2026-05-11 23:25:07'),
	(296, 16, 2, 60000.00, '2026-05-11 23:25:07', '2026-05-11 23:25:07'),
	(297, 16, 3, 60000.00, '2026-05-11 23:25:07', '2026-05-11 23:25:07'),
	(298, 16, 14, 60000.00, '2026-05-11 23:25:07', '2026-05-11 23:25:07'),
	(299, 16, 16, 30000.00, '2026-05-11 23:25:07', '2026-05-11 23:25:07'),
	(300, 16, 17, 60000.00, '2026-05-11 23:25:07', '2026-05-11 23:25:07'),
	(301, 16, 18, 70000.00, '2026-05-11 23:25:07', '2026-05-11 23:25:07'),
	(302, 16, 19, 70000.00, '2026-05-11 23:25:07', '2026-05-11 23:25:07'),
	(303, 16, 20, 60000.00, '2026-05-11 23:25:07', '2026-05-11 23:25:07'),
	(304, 16, 21, 70000.00, '2026-05-11 23:25:07', '2026-05-11 23:25:07'),
	(305, 16, 22, 70000.00, '2026-05-11 23:25:07', '2026-05-11 23:25:07'),
	(306, 16, 23, 60000.00, '2026-05-11 23:25:07', '2026-05-11 23:25:07'),
	(307, 16, 24, 70000.00, '2026-05-11 23:25:07', '2026-05-11 23:25:07'),
	(308, 16, 25, 70000.00, '2026-05-11 23:25:07', '2026-05-11 23:25:07'),
	(309, 16, 26, 60000.00, '2026-05-11 23:25:07', '2026-05-11 23:25:07'),
	(310, 16, 27, 60000.00, '2026-05-11 23:25:07', '2026-05-11 23:25:07'),
	(311, 16, 28, 60000.00, '2026-05-11 23:25:07', '2026-05-11 23:25:07'),
	(312, 16, 29, 49000.00, '2026-05-11 23:25:07', '2026-05-11 23:25:07'),
	(313, 16, 30, 49000.00, '2026-05-11 23:25:07', '2026-05-11 23:25:07'),
	(314, 16, 31, 100000.00, '2026-05-11 23:25:07', '2026-05-11 23:25:07'),
	(315, 16, 33, 49000.00, '2026-05-11 23:25:07', '2026-05-11 23:25:07'),
	(316, 17, 1, 60000.00, '2026-05-11 23:25:08', '2026-05-11 23:25:08'),
	(317, 17, 2, 60000.00, '2026-05-11 23:25:08', '2026-05-11 23:25:08'),
	(318, 17, 3, 60000.00, '2026-05-11 23:25:08', '2026-05-11 23:25:08'),
	(319, 17, 7, 100000.00, '2026-05-11 23:25:08', '2026-05-11 23:25:08'),
	(320, 17, 8, 100000.00, '2026-05-11 23:25:08', '2026-05-11 23:25:08'),
	(321, 17, 9, 100000.00, '2026-05-11 23:25:08', '2026-05-11 23:25:08'),
	(322, 17, 10, 100000.00, '2026-05-11 23:25:08', '2026-05-11 23:25:08'),
	(323, 17, 11, 100000.00, '2026-05-11 23:25:08', '2026-05-11 23:25:08'),
	(324, 17, 12, 100000.00, '2026-05-11 23:25:08', '2026-05-11 23:25:08'),
	(325, 17, 13, 100000.00, '2026-05-11 23:25:08', '2026-05-11 23:25:08'),
	(326, 17, 14, 60000.00, '2026-05-11 23:25:08', '2026-05-11 23:25:08'),
	(327, 17, 16, 30000.00, '2026-05-11 23:25:08', '2026-05-11 23:25:08'),
	(328, 17, 17, 60000.00, '2026-05-11 23:25:08', '2026-05-11 23:25:08'),
	(329, 17, 18, 70000.00, '2026-05-11 23:25:08', '2026-05-11 23:25:08'),
	(330, 17, 19, 70000.00, '2026-05-11 23:25:08', '2026-05-11 23:25:08'),
	(331, 17, 20, 60000.00, '2026-05-11 23:25:08', '2026-05-11 23:25:08'),
	(332, 17, 21, 70000.00, '2026-05-11 23:25:08', '2026-05-11 23:25:08'),
	(333, 17, 22, 70000.00, '2026-05-11 23:25:08', '2026-05-11 23:25:08'),
	(334, 17, 23, 60000.00, '2026-05-11 23:25:08', '2026-05-11 23:25:08'),
	(335, 17, 24, 70000.00, '2026-05-11 23:25:08', '2026-05-11 23:25:08'),
	(336, 17, 25, 70000.00, '2026-05-11 23:25:08', '2026-05-11 23:25:08'),
	(337, 17, 26, 60000.00, '2026-05-11 23:25:08', '2026-05-11 23:25:08'),
	(338, 17, 27, 60000.00, '2026-05-11 23:25:08', '2026-05-11 23:25:08'),
	(339, 17, 28, 60000.00, '2026-05-11 23:25:08', '2026-05-11 23:25:08'),
	(340, 17, 29, 60000.00, '2026-05-11 23:25:08', '2026-05-11 23:25:08'),
	(341, 17, 30, 60000.00, '2026-05-11 23:25:08', '2026-05-11 23:25:08'),
	(342, 17, 31, 100000.00, '2026-05-11 23:25:08', '2026-05-11 23:25:08'),
	(343, 17, 33, 60000.00, '2026-05-11 23:25:08', '2026-05-11 23:25:08'),
	(344, 18, 1, 60000.00, '2026-05-11 23:25:09', '2026-05-11 23:25:09'),
	(345, 18, 2, 60000.00, '2026-05-11 23:25:09', '2026-05-11 23:25:09'),
	(346, 18, 3, 60000.00, '2026-05-11 23:25:09', '2026-05-11 23:25:09'),
	(347, 18, 14, 60000.00, '2026-05-11 23:25:09', '2026-05-11 23:25:09'),
	(348, 18, 16, 30000.00, '2026-05-11 23:25:09', '2026-05-11 23:25:09'),
	(349, 18, 17, 60000.00, '2026-05-11 23:25:09', '2026-05-11 23:25:09'),
	(350, 18, 18, 70000.00, '2026-05-11 23:25:09', '2026-05-11 23:25:09'),
	(351, 18, 19, 70000.00, '2026-05-11 23:25:09', '2026-05-11 23:25:09'),
	(352, 18, 20, 60000.00, '2026-05-11 23:25:09', '2026-05-11 23:25:09'),
	(353, 18, 21, 70000.00, '2026-05-11 23:25:09', '2026-05-11 23:25:09'),
	(354, 18, 22, 70000.00, '2026-05-11 23:25:09', '2026-05-11 23:25:09'),
	(355, 18, 23, 60000.00, '2026-05-11 23:25:09', '2026-05-11 23:25:09'),
	(356, 18, 24, 70000.00, '2026-05-11 23:25:09', '2026-05-11 23:25:09'),
	(357, 18, 25, 70000.00, '2026-05-11 23:25:09', '2026-05-11 23:25:09'),
	(358, 18, 26, 60000.00, '2026-05-11 23:25:09', '2026-05-11 23:25:09'),
	(359, 18, 27, 60000.00, '2026-05-11 23:25:09', '2026-05-11 23:25:09'),
	(360, 18, 28, 60000.00, '2026-05-11 23:25:09', '2026-05-11 23:25:09'),
	(361, 18, 29, 64000.00, '2026-05-11 23:25:09', '2026-05-11 23:25:09'),
	(362, 18, 30, 64000.00, '2026-05-11 23:25:09', '2026-05-11 23:25:09'),
	(363, 18, 31, 100000.00, '2026-05-11 23:25:09', '2026-05-11 23:25:09'),
	(364, 18, 33, 64000.00, '2026-05-11 23:25:09', '2026-05-11 23:25:09'),
	(365, 19, 1, 60000.00, '2026-05-11 23:25:10', '2026-05-11 23:25:10'),
	(366, 19, 2, 60000.00, '2026-05-11 23:25:10', '2026-05-11 23:25:10'),
	(367, 19, 3, 60000.00, '2026-05-11 23:25:10', '2026-05-11 23:25:10'),
	(368, 19, 14, 60000.00, '2026-05-11 23:25:10', '2026-05-11 23:25:10'),
	(369, 19, 16, 30000.00, '2026-05-11 23:25:10', '2026-05-11 23:25:10'),
	(370, 19, 17, 60000.00, '2026-05-11 23:25:10', '2026-05-11 23:25:10'),
	(371, 19, 18, 70000.00, '2026-05-11 23:25:10', '2026-05-11 23:25:10'),
	(372, 19, 19, 70000.00, '2026-05-11 23:25:11', '2026-05-11 23:25:11'),
	(373, 19, 20, 60000.00, '2026-05-11 23:25:11', '2026-05-11 23:25:11'),
	(374, 19, 21, 70000.00, '2026-05-11 23:25:11', '2026-05-11 23:25:11'),
	(375, 19, 22, 70000.00, '2026-05-11 23:25:11', '2026-05-11 23:25:11'),
	(376, 19, 23, 60000.00, '2026-05-11 23:25:11', '2026-05-11 23:25:11'),
	(377, 19, 24, 70000.00, '2026-05-11 23:25:11', '2026-05-11 23:25:11'),
	(378, 19, 25, 70000.00, '2026-05-11 23:25:11', '2026-05-11 23:25:11'),
	(379, 19, 26, 60000.00, '2026-05-11 23:25:11', '2026-05-11 23:25:11'),
	(380, 19, 27, 60000.00, '2026-05-11 23:25:11', '2026-05-11 23:25:11'),
	(381, 19, 28, 60000.00, '2026-05-11 23:25:11', '2026-05-11 23:25:11'),
	(382, 19, 29, 44000.00, '2026-05-11 23:25:11', '2026-05-11 23:25:11'),
	(383, 19, 30, 44000.00, '2026-05-11 23:25:11', '2026-05-11 23:25:11'),
	(384, 19, 31, 100000.00, '2026-05-11 23:25:11', '2026-05-11 23:25:11'),
	(385, 19, 33, 44000.00, '2026-05-11 23:25:11', '2026-05-11 23:25:11'),
	(386, 20, 1, 55000.00, '2026-05-11 23:25:12', '2026-05-11 23:25:12'),
	(387, 20, 2, 55000.00, '2026-05-11 23:25:12', '2026-05-11 23:25:12'),
	(388, 20, 3, 55000.00, '2026-05-11 23:25:12', '2026-05-11 23:25:12'),
	(389, 20, 14, 55000.00, '2026-05-11 23:25:12', '2026-05-11 23:25:12'),
	(390, 20, 16, 30000.00, '2026-05-11 23:25:12', '2026-05-11 23:25:12'),
	(391, 20, 17, 55000.00, '2026-05-11 23:25:12', '2026-05-11 23:25:12'),
	(392, 20, 18, 70000.00, '2026-05-11 23:25:12', '2026-05-11 23:25:12'),
	(393, 20, 19, 70000.00, '2026-05-11 23:25:12', '2026-05-11 23:25:12'),
	(394, 20, 20, 55000.00, '2026-05-11 23:25:12', '2026-05-11 23:25:12'),
	(395, 20, 21, 70000.00, '2026-05-11 23:25:12', '2026-05-11 23:25:12'),
	(396, 20, 22, 70000.00, '2026-05-11 23:25:12', '2026-05-11 23:25:12'),
	(397, 20, 23, 55000.00, '2026-05-11 23:25:12', '2026-05-11 23:25:12'),
	(398, 20, 24, 70000.00, '2026-05-11 23:25:12', '2026-05-11 23:25:12'),
	(399, 20, 25, 70000.00, '2026-05-11 23:25:12', '2026-05-11 23:25:12'),
	(400, 20, 26, 55000.00, '2026-05-11 23:25:12', '2026-05-11 23:25:12'),
	(401, 20, 27, 55000.00, '2026-05-11 23:25:12', '2026-05-11 23:25:12'),
	(402, 20, 28, 55000.00, '2026-05-11 23:25:12', '2026-05-11 23:25:12'),
	(403, 20, 29, 40000.00, '2026-05-11 23:25:12', '2026-05-11 23:25:12'),
	(404, 20, 30, 40000.00, '2026-05-11 23:25:12', '2026-05-11 23:25:12'),
	(405, 20, 31, 75000.00, '2026-05-11 23:25:12', '2026-05-11 23:25:12'),
	(406, 20, 33, 40000.00, '2026-05-11 23:25:12', '2026-05-11 23:25:12'),
	(407, 21, 1, 60000.00, '2026-05-11 23:25:13', '2026-05-11 23:25:13'),
	(408, 21, 2, 60000.00, '2026-05-11 23:25:13', '2026-05-11 23:25:13'),
	(409, 21, 3, 60000.00, '2026-05-11 23:25:13', '2026-05-11 23:25:13'),
	(410, 21, 14, 60000.00, '2026-05-11 23:25:13', '2026-05-11 23:25:13'),
	(411, 21, 16, 30000.00, '2026-05-11 23:25:13', '2026-05-11 23:25:13'),
	(412, 21, 17, 60000.00, '2026-05-11 23:25:13', '2026-05-11 23:25:13'),
	(413, 21, 18, 70000.00, '2026-05-11 23:25:13', '2026-05-11 23:25:13'),
	(414, 21, 19, 70000.00, '2026-05-11 23:25:13', '2026-05-11 23:25:13'),
	(415, 21, 20, 60000.00, '2026-05-11 23:25:13', '2026-05-11 23:25:13'),
	(416, 21, 21, 70000.00, '2026-05-11 23:25:13', '2026-05-11 23:25:13'),
	(417, 21, 22, 70000.00, '2026-05-11 23:25:13', '2026-05-11 23:25:13'),
	(418, 21, 23, 60000.00, '2026-05-11 23:25:13', '2026-05-11 23:25:13'),
	(419, 21, 24, 70000.00, '2026-05-11 23:25:13', '2026-05-11 23:25:13'),
	(420, 21, 25, 70000.00, '2026-05-11 23:25:13', '2026-05-11 23:25:13'),
	(421, 21, 26, 60000.00, '2026-05-11 23:25:13', '2026-05-11 23:25:13'),
	(422, 21, 27, 60000.00, '2026-05-11 23:25:13', '2026-05-11 23:25:13'),
	(423, 21, 28, 60000.00, '2026-05-11 23:25:13', '2026-05-11 23:25:13'),
	(424, 21, 29, 46000.00, '2026-05-11 23:25:13', '2026-05-11 23:25:13'),
	(425, 21, 30, 46000.00, '2026-05-11 23:25:13', '2026-05-11 23:25:13'),
	(426, 21, 31, 100000.00, '2026-05-11 23:25:13', '2026-05-11 23:25:13'),
	(427, 21, 33, 46000.00, '2026-05-11 23:25:13', '2026-05-11 23:25:13'),
	(428, 22, 1, 55000.00, '2026-05-11 23:25:13', '2026-05-11 23:25:13'),
	(429, 22, 2, 55000.00, '2026-05-11 23:25:13', '2026-05-11 23:25:13'),
	(430, 22, 3, 55000.00, '2026-05-11 23:25:13', '2026-05-11 23:25:13'),
	(431, 22, 14, 55000.00, '2026-05-11 23:25:13', '2026-05-11 23:25:13'),
	(432, 22, 16, 30000.00, '2026-05-11 23:25:13', '2026-05-11 23:25:13'),
	(433, 22, 17, 55000.00, '2026-05-11 23:25:13', '2026-05-11 23:25:13'),
	(434, 22, 18, 70000.00, '2026-05-11 23:25:13', '2026-05-11 23:25:13'),
	(435, 22, 19, 70000.00, '2026-05-11 23:25:13', '2026-05-11 23:25:13'),
	(436, 22, 20, 55000.00, '2026-05-11 23:25:13', '2026-05-11 23:25:13'),
	(437, 22, 21, 70000.00, '2026-05-11 23:25:13', '2026-05-11 23:25:13'),
	(438, 22, 22, 70000.00, '2026-05-11 23:25:13', '2026-05-11 23:25:13'),
	(439, 22, 23, 55000.00, '2026-05-11 23:25:14', '2026-05-11 23:25:14'),
	(440, 22, 24, 70000.00, '2026-05-11 23:25:14', '2026-05-11 23:25:14'),
	(441, 22, 25, 70000.00, '2026-05-11 23:25:14', '2026-05-11 23:25:14'),
	(442, 22, 26, 55000.00, '2026-05-11 23:25:14', '2026-05-11 23:25:14'),
	(443, 22, 27, 55000.00, '2026-05-11 23:25:14', '2026-05-11 23:25:14'),
	(444, 22, 28, 55000.00, '2026-05-11 23:25:14', '2026-05-11 23:25:14'),
	(445, 22, 29, 40000.00, '2026-05-11 23:25:14', '2026-05-11 23:25:14'),
	(446, 22, 30, 40000.00, '2026-05-11 23:25:14', '2026-05-11 23:25:14'),
	(447, 22, 31, 75000.00, '2026-05-11 23:25:14', '2026-05-11 23:25:14'),
	(448, 22, 33, 40000.00, '2026-05-11 23:25:14', '2026-05-11 23:25:14'),
	(449, 23, 1, 55000.00, '2026-05-11 23:25:14', '2026-05-11 23:25:14'),
	(450, 23, 2, 55000.00, '2026-05-11 23:25:14', '2026-05-11 23:25:14'),
	(451, 23, 3, 55000.00, '2026-05-11 23:25:14', '2026-05-11 23:25:14'),
	(452, 23, 14, 55000.00, '2026-05-11 23:25:14', '2026-05-11 23:25:14'),
	(453, 23, 16, 30000.00, '2026-05-11 23:25:14', '2026-05-11 23:25:14'),
	(454, 23, 17, 55000.00, '2026-05-11 23:25:14', '2026-05-11 23:25:14'),
	(455, 23, 18, 70000.00, '2026-05-11 23:25:14', '2026-05-11 23:25:14'),
	(456, 23, 19, 70000.00, '2026-05-11 23:25:14', '2026-05-11 23:25:14'),
	(457, 23, 20, 55000.00, '2026-05-11 23:25:14', '2026-05-11 23:25:14'),
	(458, 23, 21, 70000.00, '2026-05-11 23:25:14', '2026-05-11 23:25:14'),
	(459, 23, 22, 70000.00, '2026-05-11 23:25:14', '2026-05-11 23:25:14'),
	(460, 23, 23, 55000.00, '2026-05-11 23:25:14', '2026-05-11 23:25:14'),
	(461, 23, 24, 70000.00, '2026-05-11 23:25:14', '2026-05-11 23:25:14'),
	(462, 23, 25, 70000.00, '2026-05-11 23:25:14', '2026-05-11 23:25:14'),
	(463, 23, 26, 55000.00, '2026-05-11 23:25:14', '2026-05-11 23:25:14'),
	(464, 23, 27, 55000.00, '2026-05-11 23:25:14', '2026-05-11 23:25:14'),
	(465, 23, 28, 55000.00, '2026-05-11 23:25:14', '2026-05-11 23:25:14'),
	(466, 23, 29, 45000.00, '2026-05-11 23:25:14', '2026-05-11 23:25:14'),
	(467, 23, 30, 45000.00, '2026-05-11 23:25:14', '2026-05-11 23:25:14'),
	(468, 23, 31, 75000.00, '2026-05-11 23:25:14', '2026-05-11 23:25:14'),
	(469, 23, 33, 45000.00, '2026-05-11 23:25:14', '2026-05-11 23:25:14'),
	(470, 24, 1, 50000.00, '2026-05-11 23:25:15', '2026-05-11 23:25:15'),
	(471, 24, 2, 50000.00, '2026-05-11 23:25:15', '2026-05-11 23:25:15'),
	(472, 24, 3, 50000.00, '2026-05-11 23:25:15', '2026-05-11 23:25:15'),
	(473, 24, 14, 50000.00, '2026-05-11 23:25:15', '2026-05-11 23:25:15'),
	(474, 24, 16, 30000.00, '2026-05-11 23:25:15', '2026-05-11 23:25:15'),
	(475, 24, 17, 50000.00, '2026-05-11 23:25:15', '2026-05-11 23:25:15'),
	(476, 24, 18, 70000.00, '2026-05-11 23:25:15', '2026-05-11 23:25:15'),
	(477, 24, 19, 70000.00, '2026-05-11 23:25:15', '2026-05-11 23:25:15'),
	(478, 24, 20, 50000.00, '2026-05-11 23:25:15', '2026-05-11 23:25:15'),
	(479, 24, 21, 70000.00, '2026-05-11 23:25:15', '2026-05-11 23:25:15'),
	(480, 24, 22, 70000.00, '2026-05-11 23:25:15', '2026-05-11 23:25:15'),
	(481, 24, 23, 50000.00, '2026-05-11 23:25:15', '2026-05-11 23:25:15'),
	(482, 24, 24, 70000.00, '2026-05-11 23:25:15', '2026-05-11 23:25:15'),
	(483, 24, 25, 70000.00, '2026-05-11 23:25:15', '2026-05-11 23:25:15'),
	(484, 24, 26, 50000.00, '2026-05-11 23:25:15', '2026-05-11 23:25:15'),
	(485, 24, 27, 50000.00, '2026-05-11 23:25:15', '2026-05-11 23:25:15'),
	(486, 24, 28, 50000.00, '2026-05-11 23:25:15', '2026-05-11 23:25:15'),
	(487, 24, 29, 40000.00, '2026-05-11 23:25:15', '2026-05-11 23:25:15'),
	(488, 24, 30, 40000.00, '2026-05-11 23:25:15', '2026-05-11 23:25:15'),
	(489, 24, 31, 75000.00, '2026-05-11 23:25:15', '2026-05-11 23:25:15'),
	(490, 24, 33, 40000.00, '2026-05-11 23:25:15', '2026-05-11 23:25:15'),
	(491, 25, 1, 60000.00, '2026-05-11 23:25:15', '2026-05-11 23:25:15'),
	(492, 25, 2, 60000.00, '2026-05-11 23:25:15', '2026-05-11 23:25:15'),
	(493, 25, 3, 60000.00, '2026-05-11 23:25:15', '2026-05-11 23:25:15'),
	(494, 25, 14, 60000.00, '2026-05-11 23:25:15', '2026-05-11 23:25:15'),
	(495, 25, 16, 30000.00, '2026-05-11 23:25:15', '2026-05-11 23:25:15'),
	(496, 25, 17, 60000.00, '2026-05-11 23:25:15', '2026-05-11 23:25:15'),
	(497, 25, 18, 70000.00, '2026-05-11 23:25:15', '2026-05-11 23:25:15'),
	(498, 25, 19, 70000.00, '2026-05-11 23:25:15', '2026-05-11 23:25:15'),
	(499, 25, 20, 60000.00, '2026-05-11 23:25:15', '2026-05-11 23:25:15'),
	(500, 25, 21, 70000.00, '2026-05-11 23:25:15', '2026-05-11 23:25:15'),
	(501, 25, 22, 70000.00, '2026-05-11 23:25:15', '2026-05-11 23:25:15'),
	(502, 25, 23, 60000.00, '2026-05-11 23:25:15', '2026-05-11 23:25:15'),
	(503, 25, 24, 70000.00, '2026-05-11 23:25:15', '2026-05-11 23:25:15'),
	(504, 25, 25, 70000.00, '2026-05-11 23:25:15', '2026-05-11 23:25:15'),
	(505, 25, 26, 60000.00, '2026-05-11 23:25:15', '2026-05-11 23:25:15'),
	(506, 25, 27, 60000.00, '2026-05-11 23:25:15', '2026-05-11 23:25:15'),
	(507, 25, 28, 60000.00, '2026-05-11 23:25:15', '2026-05-11 23:25:15'),
	(508, 25, 29, 50000.00, '2026-05-11 23:25:15', '2026-05-11 23:25:15'),
	(509, 25, 30, 50000.00, '2026-05-11 23:25:15', '2026-05-11 23:25:15'),
	(510, 25, 31, 100000.00, '2026-05-11 23:25:15', '2026-05-11 23:25:15'),
	(511, 25, 33, 50000.00, '2026-05-11 23:25:15', '2026-05-11 23:25:15'),
	(512, 26, 1, 60000.00, '2026-05-11 23:25:16', '2026-05-11 23:25:16'),
	(513, 26, 2, 60000.00, '2026-05-11 23:25:16', '2026-05-11 23:25:16'),
	(514, 26, 3, 60000.00, '2026-05-11 23:25:16', '2026-05-11 23:25:16'),
	(515, 26, 7, 100000.00, '2026-05-11 23:25:16', '2026-05-11 23:25:16'),
	(516, 26, 8, 100000.00, '2026-05-11 23:25:16', '2026-05-11 23:25:16'),
	(517, 26, 9, 100000.00, '2026-05-11 23:25:16', '2026-05-11 23:25:16'),
	(518, 26, 10, 100000.00, '2026-05-11 23:25:16', '2026-05-11 23:25:16'),
	(519, 26, 11, 100000.00, '2026-05-11 23:25:16', '2026-05-11 23:25:16'),
	(520, 26, 12, 100000.00, '2026-05-11 23:25:16', '2026-05-11 23:25:16'),
	(521, 26, 13, 100000.00, '2026-05-11 23:25:16', '2026-05-11 23:25:16'),
	(522, 26, 14, 60000.00, '2026-05-11 23:25:16', '2026-05-11 23:25:16'),
	(523, 26, 16, 30000.00, '2026-05-11 23:25:16', '2026-05-11 23:25:16'),
	(524, 26, 17, 60000.00, '2026-05-11 23:25:16', '2026-05-11 23:25:16'),
	(525, 26, 18, 70000.00, '2026-05-11 23:25:16', '2026-05-11 23:25:16'),
	(526, 26, 19, 70000.00, '2026-05-11 23:25:16', '2026-05-11 23:25:16'),
	(527, 26, 20, 60000.00, '2026-05-11 23:25:16', '2026-05-11 23:25:16'),
	(528, 26, 21, 70000.00, '2026-05-11 23:25:16', '2026-05-11 23:25:16'),
	(529, 26, 22, 70000.00, '2026-05-11 23:25:16', '2026-05-11 23:25:16'),
	(530, 26, 23, 60000.00, '2026-05-11 23:25:16', '2026-05-11 23:25:16'),
	(531, 26, 24, 70000.00, '2026-05-11 23:25:16', '2026-05-11 23:25:16'),
	(532, 26, 25, 70000.00, '2026-05-11 23:25:16', '2026-05-11 23:25:16'),
	(533, 26, 26, 60000.00, '2026-05-11 23:25:16', '2026-05-11 23:25:16'),
	(534, 26, 27, 60000.00, '2026-05-11 23:25:16', '2026-05-11 23:25:16'),
	(535, 26, 28, 60000.00, '2026-05-11 23:25:16', '2026-05-11 23:25:16'),
	(536, 26, 29, 59000.00, '2026-05-11 23:25:16', '2026-05-11 23:25:16'),
	(537, 26, 30, 59000.00, '2026-05-11 23:25:16', '2026-05-11 23:25:16'),
	(538, 26, 31, 100000.00, '2026-05-11 23:25:16', '2026-05-11 23:25:16'),
	(539, 26, 33, 59000.00, '2026-05-11 23:25:16', '2026-05-11 23:25:16'),
	(540, 27, 1, 55000.00, '2026-05-11 23:25:17', '2026-05-11 23:25:17'),
	(541, 27, 2, 55000.00, '2026-05-11 23:25:17', '2026-05-11 23:25:17'),
	(542, 27, 3, 55000.00, '2026-05-11 23:25:17', '2026-05-11 23:25:17'),
	(543, 27, 14, 55000.00, '2026-05-11 23:25:17', '2026-05-11 23:25:17'),
	(544, 27, 16, 30000.00, '2026-05-11 23:25:17', '2026-05-11 23:25:17'),
	(545, 27, 17, 55000.00, '2026-05-11 23:25:17', '2026-05-11 23:25:17'),
	(546, 27, 18, 70000.00, '2026-05-11 23:25:17', '2026-05-11 23:25:17'),
	(547, 27, 19, 70000.00, '2026-05-11 23:25:17', '2026-05-11 23:25:17'),
	(548, 27, 20, 55000.00, '2026-05-11 23:25:17', '2026-05-11 23:25:17'),
	(549, 27, 21, 70000.00, '2026-05-11 23:25:17', '2026-05-11 23:25:17'),
	(550, 27, 22, 70000.00, '2026-05-11 23:25:17', '2026-05-11 23:25:17'),
	(551, 27, 23, 55000.00, '2026-05-11 23:25:17', '2026-05-11 23:25:17'),
	(552, 27, 24, 70000.00, '2026-05-11 23:25:17', '2026-05-11 23:25:17'),
	(553, 27, 25, 70000.00, '2026-05-11 23:25:17', '2026-05-11 23:25:17'),
	(554, 27, 26, 55000.00, '2026-05-11 23:25:17', '2026-05-11 23:25:17'),
	(555, 27, 27, 55000.00, '2026-05-11 23:25:17', '2026-05-11 23:25:17'),
	(556, 27, 28, 55000.00, '2026-05-11 23:25:17', '2026-05-11 23:25:17'),
	(557, 27, 29, 50000.00, '2026-05-11 23:25:17', '2026-05-11 23:25:17'),
	(558, 27, 30, 50000.00, '2026-05-11 23:25:17', '2026-05-11 23:25:17'),
	(559, 27, 31, 100000.00, '2026-05-11 23:25:17', '2026-05-11 23:25:17'),
	(560, 27, 33, 50000.00, '2026-05-11 23:25:17', '2026-05-11 23:25:17'),
	(561, 28, 1, 50000.00, '2026-05-11 23:25:17', '2026-05-11 23:25:17'),
	(562, 28, 2, 50000.00, '2026-05-11 23:25:17', '2026-05-11 23:25:17'),
	(563, 28, 3, 50000.00, '2026-05-11 23:25:17', '2026-05-11 23:25:17'),
	(564, 28, 14, 50000.00, '2026-05-11 23:25:17', '2026-05-11 23:25:17'),
	(565, 28, 16, 30000.00, '2026-05-11 23:25:17', '2026-05-11 23:25:17'),
	(566, 28, 17, 50000.00, '2026-05-11 23:25:17', '2026-05-11 23:25:17'),
	(567, 28, 18, 70000.00, '2026-05-11 23:25:17', '2026-05-11 23:25:17'),
	(568, 28, 19, 70000.00, '2026-05-11 23:25:17', '2026-05-11 23:25:17'),
	(569, 28, 20, 50000.00, '2026-05-11 23:25:17', '2026-05-11 23:25:17'),
	(570, 28, 21, 70000.00, '2026-05-11 23:25:17', '2026-05-11 23:25:17'),
	(571, 28, 22, 70000.00, '2026-05-11 23:25:17', '2026-05-11 23:25:17'),
	(572, 28, 23, 50000.00, '2026-05-11 23:25:17', '2026-05-11 23:25:17'),
	(573, 28, 24, 70000.00, '2026-05-11 23:25:17', '2026-05-11 23:25:17'),
	(574, 28, 25, 70000.00, '2026-05-11 23:25:17', '2026-05-11 23:25:17'),
	(575, 28, 26, 50000.00, '2026-05-11 23:25:17', '2026-05-11 23:25:17'),
	(576, 28, 27, 50000.00, '2026-05-11 23:25:17', '2026-05-11 23:25:17'),
	(577, 28, 28, 50000.00, '2026-05-11 23:25:17', '2026-05-11 23:25:17'),
	(578, 28, 29, 40000.00, '2026-05-11 23:25:17', '2026-05-11 23:25:17'),
	(579, 28, 30, 40000.00, '2026-05-11 23:25:17', '2026-05-11 23:25:17'),
	(580, 28, 31, 75000.00, '2026-05-11 23:25:17', '2026-05-11 23:25:17'),
	(581, 28, 33, 40000.00, '2026-05-11 23:25:17', '2026-05-11 23:25:17'),
	(582, 29, 1, 55000.00, '2026-05-11 23:25:18', '2026-05-11 23:25:18'),
	(583, 29, 2, 55000.00, '2026-05-11 23:25:18', '2026-05-11 23:25:18'),
	(584, 29, 3, 55000.00, '2026-05-11 23:25:18', '2026-05-11 23:25:18'),
	(585, 29, 7, 65000.00, '2026-05-11 23:25:18', '2026-05-11 23:25:18'),
	(586, 29, 8, 65000.00, '2026-05-11 23:25:18', '2026-05-11 23:25:18'),
	(587, 29, 9, 65000.00, '2026-05-11 23:25:18', '2026-05-11 23:25:18'),
	(588, 29, 10, 65000.00, '2026-05-11 23:25:18', '2026-05-11 23:25:18'),
	(589, 29, 11, 65000.00, '2026-05-11 23:25:18', '2026-05-11 23:25:18'),
	(590, 29, 12, 65000.00, '2026-05-11 23:25:18', '2026-05-11 23:25:18'),
	(591, 29, 13, 65000.00, '2026-05-11 23:25:18', '2026-05-11 23:25:18'),
	(592, 29, 14, 55000.00, '2026-05-11 23:25:18', '2026-05-11 23:25:18'),
	(593, 29, 16, 30000.00, '2026-05-11 23:25:18', '2026-05-11 23:25:18'),
	(594, 29, 17, 55000.00, '2026-05-11 23:25:18', '2026-05-11 23:25:18'),
	(595, 29, 18, 70000.00, '2026-05-11 23:25:18', '2026-05-11 23:25:18'),
	(596, 29, 19, 70000.00, '2026-05-11 23:25:18', '2026-05-11 23:25:18'),
	(597, 29, 20, 55000.00, '2026-05-11 23:25:18', '2026-05-11 23:25:18'),
	(598, 29, 21, 70000.00, '2026-05-11 23:25:18', '2026-05-11 23:25:18'),
	(599, 29, 22, 70000.00, '2026-05-11 23:25:18', '2026-05-11 23:25:18'),
	(600, 29, 23, 55000.00, '2026-05-11 23:25:18', '2026-05-11 23:25:18'),
	(601, 29, 24, 70000.00, '2026-05-11 23:25:18', '2026-05-11 23:25:18'),
	(602, 29, 25, 70000.00, '2026-05-11 23:25:18', '2026-05-11 23:25:18'),
	(603, 29, 26, 55000.00, '2026-05-11 23:25:18', '2026-05-11 23:25:18'),
	(604, 29, 27, 55000.00, '2026-05-11 23:25:18', '2026-05-11 23:25:18'),
	(605, 29, 28, 55000.00, '2026-05-11 23:25:18', '2026-05-11 23:25:18'),
	(606, 29, 29, 45000.00, '2026-05-11 23:25:18', '2026-05-11 23:25:18'),
	(607, 29, 30, 45000.00, '2026-05-11 23:25:18', '2026-05-11 23:25:18'),
	(608, 29, 31, 100000.00, '2026-05-11 23:25:18', '2026-05-11 23:25:18'),
	(609, 29, 33, 45000.00, '2026-05-11 23:25:18', '2026-05-11 23:25:18'),
	(610, 30, 1, 60000.00, '2026-05-11 23:25:19', '2026-05-11 23:25:19'),
	(611, 30, 2, 60000.00, '2026-05-11 23:25:19', '2026-05-11 23:25:19'),
	(612, 30, 3, 60000.00, '2026-05-11 23:25:19', '2026-05-11 23:25:19'),
	(613, 30, 14, 60000.00, '2026-05-11 23:25:19', '2026-05-11 23:25:19'),
	(614, 30, 16, 30000.00, '2026-05-11 23:25:19', '2026-05-11 23:25:19'),
	(615, 30, 17, 60000.00, '2026-05-11 23:25:19', '2026-05-11 23:25:19'),
	(616, 30, 18, 70000.00, '2026-05-11 23:25:19', '2026-05-11 23:25:19'),
	(617, 30, 19, 70000.00, '2026-05-11 23:25:19', '2026-05-11 23:25:19'),
	(618, 30, 20, 60000.00, '2026-05-11 23:25:19', '2026-05-11 23:25:19'),
	(619, 30, 21, 70000.00, '2026-05-11 23:25:20', '2026-05-11 23:25:20'),
	(620, 30, 22, 70000.00, '2026-05-11 23:25:20', '2026-05-11 23:25:20'),
	(621, 30, 23, 60000.00, '2026-05-11 23:25:20', '2026-05-11 23:25:20'),
	(622, 30, 24, 70000.00, '2026-05-11 23:25:20', '2026-05-11 23:25:20'),
	(623, 30, 25, 70000.00, '2026-05-11 23:25:20', '2026-05-11 23:25:20'),
	(624, 30, 26, 60000.00, '2026-05-11 23:25:20', '2026-05-11 23:25:20'),
	(625, 30, 27, 60000.00, '2026-05-11 23:25:20', '2026-05-11 23:25:20'),
	(626, 30, 28, 60000.00, '2026-05-11 23:25:20', '2026-05-11 23:25:20'),
	(627, 30, 29, 56000.00, '2026-05-11 23:25:20', '2026-05-11 23:25:20'),
	(628, 30, 30, 56000.00, '2026-05-11 23:25:20', '2026-05-11 23:25:20'),
	(629, 30, 31, 100000.00, '2026-05-11 23:25:20', '2026-05-11 23:25:20'),
	(630, 30, 33, 56000.00, '2026-05-11 23:25:20', '2026-05-11 23:25:20'),
	(631, 31, 1, 60000.00, '2026-05-11 23:25:21', '2026-05-11 23:25:21'),
	(632, 31, 2, 60000.00, '2026-05-11 23:25:21', '2026-05-11 23:25:21'),
	(633, 31, 3, 60000.00, '2026-05-11 23:25:21', '2026-05-11 23:25:21'),
	(634, 31, 7, 90000.00, '2026-05-11 23:25:21', '2026-05-11 23:25:21'),
	(635, 31, 8, 90000.00, '2026-05-11 23:25:21', '2026-05-11 23:25:21'),
	(636, 31, 9, 90000.00, '2026-05-11 23:25:21', '2026-05-11 23:25:21'),
	(637, 31, 10, 90000.00, '2026-05-11 23:25:21', '2026-05-11 23:25:21'),
	(638, 31, 11, 90000.00, '2026-05-11 23:25:21', '2026-05-11 23:25:21'),
	(639, 31, 12, 90000.00, '2026-05-11 23:25:21', '2026-05-11 23:25:21'),
	(640, 31, 13, 90000.00, '2026-05-11 23:25:21', '2026-05-11 23:25:21'),
	(641, 31, 14, 60000.00, '2026-05-11 23:25:21', '2026-05-11 23:25:21'),
	(642, 31, 16, 30000.00, '2026-05-11 23:25:21', '2026-05-11 23:25:21'),
	(643, 31, 17, 60000.00, '2026-05-11 23:25:21', '2026-05-11 23:25:21'),
	(644, 31, 18, 70000.00, '2026-05-11 23:25:21', '2026-05-11 23:25:21'),
	(645, 31, 19, 70000.00, '2026-05-11 23:25:21', '2026-05-11 23:25:21'),
	(646, 31, 20, 60000.00, '2026-05-11 23:25:21', '2026-05-11 23:25:21'),
	(647, 31, 21, 70000.00, '2026-05-11 23:25:21', '2026-05-11 23:25:21'),
	(648, 31, 22, 70000.00, '2026-05-11 23:25:21', '2026-05-11 23:25:21'),
	(649, 31, 23, 60000.00, '2026-05-11 23:25:21', '2026-05-11 23:25:21'),
	(650, 31, 24, 70000.00, '2026-05-11 23:25:21', '2026-05-11 23:25:21'),
	(651, 31, 25, 70000.00, '2026-05-11 23:25:21', '2026-05-11 23:25:21'),
	(652, 31, 26, 60000.00, '2026-05-11 23:25:21', '2026-05-11 23:25:21'),
	(653, 31, 27, 60000.00, '2026-05-11 23:25:21', '2026-05-11 23:25:21'),
	(654, 31, 28, 60000.00, '2026-05-11 23:25:21', '2026-05-11 23:25:21'),
	(655, 31, 29, 60000.00, '2026-05-11 23:25:21', '2026-05-11 23:25:21'),
	(656, 31, 30, 60000.00, '2026-05-11 23:25:21', '2026-05-11 23:25:21'),
	(657, 31, 31, 100000.00, '2026-05-11 23:25:21', '2026-05-11 23:25:21'),
	(658, 31, 33, 60000.00, '2026-05-11 23:25:21', '2026-05-11 23:25:21'),
	(659, 32, 1, 60000.00, '2026-05-11 23:25:22', '2026-05-11 23:25:22'),
	(660, 32, 2, 60000.00, '2026-05-11 23:25:22', '2026-05-11 23:25:22'),
	(661, 32, 3, 60000.00, '2026-05-11 23:25:22', '2026-05-11 23:25:22'),
	(662, 32, 14, 60000.00, '2026-05-11 23:25:22', '2026-05-11 23:25:22'),
	(663, 32, 16, 30000.00, '2026-05-11 23:25:22', '2026-05-11 23:25:22'),
	(664, 32, 17, 60000.00, '2026-05-11 23:25:22', '2026-05-11 23:25:22'),
	(665, 32, 18, 70000.00, '2026-05-11 23:25:22', '2026-05-11 23:25:22'),
	(666, 32, 19, 70000.00, '2026-05-11 23:25:22', '2026-05-11 23:25:22'),
	(667, 32, 20, 60000.00, '2026-05-11 23:25:22', '2026-05-11 23:25:22'),
	(668, 32, 21, 70000.00, '2026-05-11 23:25:22', '2026-05-11 23:25:22'),
	(669, 32, 22, 70000.00, '2026-05-11 23:25:22', '2026-05-11 23:25:22'),
	(670, 32, 23, 60000.00, '2026-05-11 23:25:22', '2026-05-11 23:25:22'),
	(671, 32, 24, 70000.00, '2026-05-11 23:25:22', '2026-05-11 23:25:22'),
	(672, 32, 25, 70000.00, '2026-05-11 23:25:22', '2026-05-11 23:25:22'),
	(673, 32, 26, 60000.00, '2026-05-11 23:25:22', '2026-05-11 23:25:22'),
	(674, 32, 27, 60000.00, '2026-05-11 23:25:22', '2026-05-11 23:25:22'),
	(675, 32, 28, 60000.00, '2026-05-11 23:25:22', '2026-05-11 23:25:22'),
	(676, 32, 29, 45000.00, '2026-05-11 23:25:22', '2026-05-11 23:25:22'),
	(677, 32, 30, 45000.00, '2026-05-11 23:25:22', '2026-05-11 23:25:22'),
	(678, 32, 31, 100000.00, '2026-05-11 23:25:22', '2026-05-11 23:25:22'),
	(679, 32, 33, 45000.00, '2026-05-11 23:25:22', '2026-05-11 23:25:22'),
	(680, 33, 1, 55000.00, '2026-05-11 23:25:22', '2026-05-11 23:25:22'),
	(681, 33, 2, 55000.00, '2026-05-11 23:25:22', '2026-05-11 23:25:22'),
	(682, 33, 3, 55000.00, '2026-05-11 23:25:22', '2026-05-11 23:25:22'),
	(683, 33, 14, 55000.00, '2026-05-11 23:25:22', '2026-05-11 23:25:22'),
	(684, 33, 16, 30000.00, '2026-05-11 23:25:22', '2026-05-11 23:25:22'),
	(685, 33, 17, 55000.00, '2026-05-11 23:25:22', '2026-05-11 23:25:22'),
	(686, 33, 18, 70000.00, '2026-05-11 23:25:22', '2026-05-11 23:25:22'),
	(687, 33, 19, 70000.00, '2026-05-11 23:25:22', '2026-05-11 23:25:22'),
	(688, 33, 20, 55000.00, '2026-05-11 23:25:22', '2026-05-11 23:25:22'),
	(689, 33, 21, 70000.00, '2026-05-11 23:25:22', '2026-05-11 23:25:22'),
	(690, 33, 22, 70000.00, '2026-05-11 23:25:22', '2026-05-11 23:25:22'),
	(691, 33, 23, 55000.00, '2026-05-11 23:25:22', '2026-05-11 23:25:22'),
	(692, 33, 24, 70000.00, '2026-05-11 23:25:22', '2026-05-11 23:25:22'),
	(693, 33, 25, 70000.00, '2026-05-11 23:25:22', '2026-05-11 23:25:22'),
	(694, 33, 26, 55000.00, '2026-05-11 23:25:22', '2026-05-11 23:25:22'),
	(695, 33, 27, 55000.00, '2026-05-11 23:25:22', '2026-05-11 23:25:22'),
	(696, 33, 28, 55000.00, '2026-05-11 23:25:22', '2026-05-11 23:25:22'),
	(697, 33, 29, 55000.00, '2026-05-11 23:25:22', '2026-05-11 23:25:22'),
	(698, 33, 30, 55000.00, '2026-05-11 23:25:22', '2026-05-11 23:25:22'),
	(699, 33, 31, 75000.00, '2026-05-11 23:25:22', '2026-05-11 23:25:22'),
	(700, 33, 33, 55000.00, '2026-05-11 23:25:22', '2026-05-11 23:25:22'),
	(701, 34, 1, 50000.00, '2026-05-11 23:25:23', '2026-05-11 23:25:23'),
	(702, 34, 2, 50000.00, '2026-05-11 23:25:23', '2026-05-11 23:25:23'),
	(703, 34, 3, 50000.00, '2026-05-11 23:25:23', '2026-05-11 23:25:23'),
	(704, 34, 14, 50000.00, '2026-05-11 23:25:23', '2026-05-11 23:25:23'),
	(705, 34, 16, 30000.00, '2026-05-11 23:25:23', '2026-05-11 23:25:23'),
	(706, 34, 17, 50000.00, '2026-05-11 23:25:23', '2026-05-11 23:25:23'),
	(707, 34, 18, 70000.00, '2026-05-11 23:25:23', '2026-05-11 23:25:23'),
	(708, 34, 19, 70000.00, '2026-05-11 23:25:23', '2026-05-11 23:25:23'),
	(709, 34, 20, 50000.00, '2026-05-11 23:25:23', '2026-05-11 23:25:23'),
	(710, 34, 21, 70000.00, '2026-05-11 23:25:23', '2026-05-11 23:25:23'),
	(711, 34, 22, 70000.00, '2026-05-11 23:25:23', '2026-05-11 23:25:23'),
	(712, 34, 23, 50000.00, '2026-05-11 23:25:23', '2026-05-11 23:25:23'),
	(713, 34, 24, 70000.00, '2026-05-11 23:25:23', '2026-05-11 23:25:23'),
	(714, 34, 25, 70000.00, '2026-05-11 23:25:23', '2026-05-11 23:25:23'),
	(715, 34, 26, 50000.00, '2026-05-11 23:25:23', '2026-05-11 23:25:23'),
	(716, 34, 27, 50000.00, '2026-05-11 23:25:23', '2026-05-11 23:25:23'),
	(717, 34, 28, 50000.00, '2026-05-11 23:25:23', '2026-05-11 23:25:23'),
	(718, 34, 29, 40000.00, '2026-05-11 23:25:23', '2026-05-11 23:25:23'),
	(719, 34, 30, 40000.00, '2026-05-11 23:25:23', '2026-05-11 23:25:23'),
	(720, 34, 31, 100000.00, '2026-05-11 23:25:23', '2026-05-11 23:25:23'),
	(721, 34, 33, 40000.00, '2026-05-11 23:25:23', '2026-05-11 23:25:23'),
	(722, 35, 1, 50000.00, '2026-05-11 23:25:23', '2026-05-11 23:25:23'),
	(723, 35, 2, 50000.00, '2026-05-11 23:25:23', '2026-05-11 23:25:23'),
	(724, 35, 3, 50000.00, '2026-05-11 23:25:23', '2026-05-11 23:25:23'),
	(725, 35, 7, 100000.00, '2026-05-11 23:25:24', '2026-05-11 23:25:24'),
	(726, 35, 8, 100000.00, '2026-05-11 23:25:24', '2026-05-11 23:25:24'),
	(727, 35, 9, 100000.00, '2026-05-11 23:25:24', '2026-05-11 23:25:24'),
	(728, 35, 10, 100000.00, '2026-05-11 23:25:24', '2026-05-11 23:25:24'),
	(729, 35, 11, 100000.00, '2026-05-11 23:25:24', '2026-05-11 23:25:24'),
	(730, 35, 12, 100000.00, '2026-05-11 23:25:24', '2026-05-11 23:25:24'),
	(731, 35, 13, 100000.00, '2026-05-11 23:25:24', '2026-05-11 23:25:24'),
	(732, 35, 14, 50000.00, '2026-05-11 23:25:24', '2026-05-11 23:25:24'),
	(733, 35, 16, 30000.00, '2026-05-11 23:25:24', '2026-05-11 23:25:24'),
	(734, 35, 17, 50000.00, '2026-05-11 23:25:24', '2026-05-11 23:25:24'),
	(735, 35, 18, 70000.00, '2026-05-11 23:25:24', '2026-05-11 23:25:24'),
	(736, 35, 19, 70000.00, '2026-05-11 23:25:24', '2026-05-11 23:25:24'),
	(737, 35, 20, 50000.00, '2026-05-11 23:25:24', '2026-05-11 23:25:24'),
	(738, 35, 21, 70000.00, '2026-05-11 23:25:24', '2026-05-11 23:25:24'),
	(739, 35, 22, 70000.00, '2026-05-11 23:25:24', '2026-05-11 23:25:24'),
	(740, 35, 23, 50000.00, '2026-05-11 23:25:24', '2026-05-11 23:25:24'),
	(741, 35, 24, 70000.00, '2026-05-11 23:25:24', '2026-05-11 23:25:24'),
	(742, 35, 25, 70000.00, '2026-05-11 23:25:24', '2026-05-11 23:25:24'),
	(743, 35, 26, 50000.00, '2026-05-11 23:25:24', '2026-05-11 23:25:24'),
	(744, 35, 27, 50000.00, '2026-05-11 23:25:24', '2026-05-11 23:25:24'),
	(745, 35, 28, 50000.00, '2026-05-11 23:25:24', '2026-05-11 23:25:24'),
	(746, 35, 29, 50000.00, '2026-05-11 23:25:24', '2026-05-11 23:25:24'),
	(747, 35, 30, 50000.00, '2026-05-11 23:25:24', '2026-05-11 23:25:24'),
	(748, 35, 31, 75000.00, '2026-05-11 23:25:24', '2026-05-11 23:25:24'),
	(749, 35, 33, 50000.00, '2026-05-11 23:25:24', '2026-05-11 23:25:24'),
	(750, 36, 1, 60000.00, '2026-05-11 23:25:25', '2026-05-11 23:25:25'),
	(751, 36, 2, 60000.00, '2026-05-11 23:25:25', '2026-05-11 23:25:25'),
	(752, 36, 3, 60000.00, '2026-05-11 23:25:25', '2026-05-11 23:25:25'),
	(753, 36, 14, 60000.00, '2026-05-11 23:25:25', '2026-05-11 23:25:25'),
	(754, 36, 16, 30000.00, '2026-05-11 23:25:26', '2026-05-11 23:25:26'),
	(755, 36, 17, 60000.00, '2026-05-11 23:25:26', '2026-05-11 23:25:26'),
	(756, 36, 18, 70000.00, '2026-05-11 23:25:26', '2026-05-11 23:25:26'),
	(757, 36, 19, 70000.00, '2026-05-11 23:25:26', '2026-05-11 23:25:26'),
	(758, 36, 20, 60000.00, '2026-05-11 23:25:26', '2026-05-11 23:25:26'),
	(759, 36, 21, 70000.00, '2026-05-11 23:25:26', '2026-05-11 23:25:26'),
	(760, 36, 22, 70000.00, '2026-05-11 23:25:26', '2026-05-11 23:25:26'),
	(761, 36, 23, 60000.00, '2026-05-11 23:25:26', '2026-05-11 23:25:26'),
	(762, 36, 24, 70000.00, '2026-05-11 23:25:26', '2026-05-11 23:25:26'),
	(763, 36, 25, 70000.00, '2026-05-11 23:25:26', '2026-05-11 23:25:26'),
	(764, 36, 26, 60000.00, '2026-05-11 23:25:26', '2026-05-11 23:25:26'),
	(765, 36, 27, 60000.00, '2026-05-11 23:25:26', '2026-05-11 23:25:26'),
	(766, 36, 28, 60000.00, '2026-05-11 23:25:26', '2026-05-11 23:25:26'),
	(767, 36, 29, 51000.00, '2026-05-11 23:25:26', '2026-05-11 23:25:26'),
	(768, 36, 30, 51000.00, '2026-05-11 23:25:26', '2026-05-11 23:25:26'),
	(769, 36, 31, 100000.00, '2026-05-11 23:25:26', '2026-05-11 23:25:26'),
	(770, 36, 33, 51000.00, '2026-05-11 23:25:26', '2026-05-11 23:25:26'),
	(771, 37, 1, 50000.00, '2026-05-11 23:25:26', '2026-05-11 23:25:26'),
	(772, 37, 2, 50000.00, '2026-05-11 23:25:26', '2026-05-11 23:25:26'),
	(773, 37, 3, 50000.00, '2026-05-11 23:25:26', '2026-05-11 23:25:26'),
	(774, 37, 14, 50000.00, '2026-05-11 23:25:26', '2026-05-11 23:25:26'),
	(775, 37, 16, 30000.00, '2026-05-11 23:25:26', '2026-05-11 23:25:26'),
	(776, 37, 17, 50000.00, '2026-05-11 23:25:26', '2026-05-11 23:25:26'),
	(777, 37, 18, 70000.00, '2026-05-11 23:25:26', '2026-05-11 23:25:26'),
	(778, 37, 19, 70000.00, '2026-05-11 23:25:26', '2026-05-11 23:25:26'),
	(779, 37, 20, 50000.00, '2026-05-11 23:25:26', '2026-05-11 23:25:26'),
	(780, 37, 21, 70000.00, '2026-05-11 23:25:26', '2026-05-11 23:25:26'),
	(781, 37, 22, 70000.00, '2026-05-11 23:25:27', '2026-05-11 23:25:27'),
	(782, 37, 23, 50000.00, '2026-05-11 23:25:27', '2026-05-11 23:25:27'),
	(783, 37, 24, 70000.00, '2026-05-11 23:25:27', '2026-05-11 23:25:27'),
	(784, 37, 25, 70000.00, '2026-05-11 23:25:27', '2026-05-11 23:25:27'),
	(785, 37, 26, 50000.00, '2026-05-11 23:25:27', '2026-05-11 23:25:27'),
	(786, 37, 27, 50000.00, '2026-05-11 23:25:27', '2026-05-11 23:25:27'),
	(787, 37, 28, 50000.00, '2026-05-11 23:25:27', '2026-05-11 23:25:27'),
	(788, 37, 29, 40000.00, '2026-05-11 23:25:27', '2026-05-11 23:25:27'),
	(789, 37, 30, 40000.00, '2026-05-11 23:25:27', '2026-05-11 23:25:27'),
	(790, 37, 31, 75000.00, '2026-05-11 23:25:27', '2026-05-11 23:25:27'),
	(791, 37, 33, 40000.00, '2026-05-11 23:25:27', '2026-05-11 23:25:27'),
	(792, 38, 1, 60000.00, '2026-05-11 23:25:27', '2026-05-11 23:25:27'),
	(793, 38, 2, 60000.00, '2026-05-11 23:25:27', '2026-05-11 23:25:27'),
	(794, 38, 3, 60000.00, '2026-05-11 23:25:27', '2026-05-11 23:25:27'),
	(795, 38, 14, 60000.00, '2026-05-11 23:25:27', '2026-05-11 23:25:27'),
	(796, 38, 16, 30000.00, '2026-05-11 23:25:27', '2026-05-11 23:25:27'),
	(797, 38, 17, 60000.00, '2026-05-11 23:25:27', '2026-05-11 23:25:27'),
	(798, 38, 18, 70000.00, '2026-05-11 23:25:27', '2026-05-11 23:25:27'),
	(799, 38, 19, 70000.00, '2026-05-11 23:25:27', '2026-05-11 23:25:27'),
	(800, 38, 20, 60000.00, '2026-05-11 23:25:27', '2026-05-11 23:25:27'),
	(801, 38, 21, 70000.00, '2026-05-11 23:25:27', '2026-05-11 23:25:27'),
	(802, 38, 22, 70000.00, '2026-05-11 23:25:27', '2026-05-11 23:25:27'),
	(803, 38, 23, 60000.00, '2026-05-11 23:25:27', '2026-05-11 23:25:27'),
	(804, 38, 24, 70000.00, '2026-05-11 23:25:27', '2026-05-11 23:25:27'),
	(805, 38, 25, 70000.00, '2026-05-11 23:25:27', '2026-05-11 23:25:27'),
	(806, 38, 26, 60000.00, '2026-05-11 23:25:27', '2026-05-11 23:25:27'),
	(807, 38, 27, 60000.00, '2026-05-11 23:25:27', '2026-05-11 23:25:27'),
	(808, 38, 28, 60000.00, '2026-05-11 23:25:27', '2026-05-11 23:25:27'),
	(809, 38, 29, 55000.00, '2026-05-11 23:25:27', '2026-05-11 23:25:27'),
	(810, 38, 30, 55000.00, '2026-05-11 23:25:27', '2026-05-11 23:25:27'),
	(811, 38, 31, 100000.00, '2026-05-11 23:25:27', '2026-05-11 23:25:27'),
	(812, 38, 33, 55000.00, '2026-05-11 23:25:27', '2026-05-11 23:25:27'),
	(813, 39, 1, 60000.00, '2026-05-11 23:25:28', '2026-05-11 23:25:28'),
	(814, 39, 2, 60000.00, '2026-05-11 23:25:28', '2026-05-11 23:25:28'),
	(815, 39, 3, 60000.00, '2026-05-11 23:25:28', '2026-05-11 23:25:28'),
	(816, 39, 7, 100000.00, '2026-05-11 23:25:28', '2026-05-11 23:25:28'),
	(817, 39, 8, 100000.00, '2026-05-11 23:25:28', '2026-05-11 23:25:28'),
	(818, 39, 9, 100000.00, '2026-05-11 23:25:28', '2026-05-11 23:25:28'),
	(819, 39, 10, 100000.00, '2026-05-11 23:25:28', '2026-05-11 23:25:28'),
	(820, 39, 11, 100000.00, '2026-05-11 23:25:28', '2026-05-11 23:25:28'),
	(821, 39, 12, 100000.00, '2026-05-11 23:25:28', '2026-05-11 23:25:28'),
	(822, 39, 13, 100000.00, '2026-05-11 23:25:28', '2026-05-11 23:25:28'),
	(823, 39, 14, 60000.00, '2026-05-11 23:25:28', '2026-05-11 23:25:28'),
	(824, 39, 16, 30000.00, '2026-05-11 23:25:28', '2026-05-11 23:25:28'),
	(825, 39, 17, 60000.00, '2026-05-11 23:25:28', '2026-05-11 23:25:28'),
	(826, 39, 18, 70000.00, '2026-05-11 23:25:28', '2026-05-11 23:25:28'),
	(827, 39, 19, 70000.00, '2026-05-11 23:25:28', '2026-05-11 23:25:28'),
	(828, 39, 20, 60000.00, '2026-05-11 23:25:28', '2026-05-11 23:25:28'),
	(829, 39, 21, 70000.00, '2026-05-11 23:25:28', '2026-05-11 23:25:28'),
	(830, 39, 22, 70000.00, '2026-05-11 23:25:28', '2026-05-11 23:25:28'),
	(831, 39, 23, 60000.00, '2026-05-11 23:25:28', '2026-05-11 23:25:28'),
	(832, 39, 24, 70000.00, '2026-05-11 23:25:28', '2026-05-11 23:25:28'),
	(833, 39, 25, 70000.00, '2026-05-11 23:25:28', '2026-05-11 23:25:28'),
	(834, 39, 26, 60000.00, '2026-05-11 23:25:28', '2026-05-11 23:25:28'),
	(835, 39, 27, 60000.00, '2026-05-11 23:25:28', '2026-05-11 23:25:28'),
	(836, 39, 28, 60000.00, '2026-05-11 23:25:28', '2026-05-11 23:25:28'),
	(837, 39, 29, 51000.00, '2026-05-11 23:25:28', '2026-05-11 23:25:28'),
	(838, 39, 30, 51000.00, '2026-05-11 23:25:28', '2026-05-11 23:25:28'),
	(839, 39, 31, 100000.00, '2026-05-11 23:25:28', '2026-05-11 23:25:28'),
	(840, 39, 33, 51000.00, '2026-05-11 23:25:28', '2026-05-11 23:25:28'),
	(841, 40, 1, 60000.00, '2026-05-11 23:25:28', '2026-05-11 23:25:28'),
	(842, 40, 2, 60000.00, '2026-05-11 23:25:28', '2026-05-11 23:25:28'),
	(843, 40, 3, 60000.00, '2026-05-11 23:25:28', '2026-05-11 23:25:28'),
	(844, 40, 14, 60000.00, '2026-05-11 23:25:28', '2026-05-11 23:25:28'),
	(845, 40, 16, 30000.00, '2026-05-11 23:25:28', '2026-05-11 23:25:28'),
	(846, 40, 17, 60000.00, '2026-05-11 23:25:28', '2026-05-11 23:25:28'),
	(847, 40, 18, 70000.00, '2026-05-11 23:25:28', '2026-05-11 23:25:28'),
	(848, 40, 19, 70000.00, '2026-05-11 23:25:28', '2026-05-11 23:25:28'),
	(849, 40, 20, 60000.00, '2026-05-11 23:25:28', '2026-05-11 23:25:28'),
	(850, 40, 21, 70000.00, '2026-05-11 23:25:28', '2026-05-11 23:25:28'),
	(851, 40, 22, 70000.00, '2026-05-11 23:25:28', '2026-05-11 23:25:28'),
	(852, 40, 23, 60000.00, '2026-05-11 23:25:28', '2026-05-11 23:25:28'),
	(853, 40, 24, 70000.00, '2026-05-11 23:25:29', '2026-05-11 23:25:29'),
	(854, 40, 25, 70000.00, '2026-05-11 23:25:29', '2026-05-11 23:25:29'),
	(855, 40, 26, 60000.00, '2026-05-11 23:25:29', '2026-05-11 23:25:29'),
	(856, 40, 27, 60000.00, '2026-05-11 23:25:29', '2026-05-11 23:25:29'),
	(857, 40, 28, 60000.00, '2026-05-11 23:25:29', '2026-05-11 23:25:29'),
	(858, 40, 29, 51000.00, '2026-05-11 23:25:29', '2026-05-11 23:25:29'),
	(859, 40, 30, 51000.00, '2026-05-11 23:25:29', '2026-05-11 23:25:29'),
	(860, 40, 31, 100000.00, '2026-05-11 23:25:29', '2026-05-11 23:25:29'),
	(861, 40, 33, 51000.00, '2026-05-11 23:25:29', '2026-05-11 23:25:29');

-- Dumping structure for table just_speak.users
DROP TABLE IF EXISTS `users`;
CREATE TABLE IF NOT EXISTS `users` (
  `id` bigint unsigned NOT NULL AUTO_INCREMENT,
  `name` varchar(255) COLLATE utf8mb4_unicode_ci NOT NULL,
  `email` varchar(255) COLLATE utf8mb4_unicode_ci NOT NULL,
  `phone` varchar(20) COLLATE utf8mb4_unicode_ci DEFAULT NULL,
  `role` varchar(255) COLLATE utf8mb4_unicode_ci NOT NULL DEFAULT 'admin',
  `email_verified_at` timestamp NULL DEFAULT NULL,
  `password` varchar(255) COLLATE utf8mb4_unicode_ci NOT NULL,
  `remember_token` varchar(100) COLLATE utf8mb4_unicode_ci DEFAULT NULL,
  `created_at` timestamp NULL DEFAULT NULL,
  `updated_at` timestamp NULL DEFAULT NULL,
  PRIMARY KEY (`id`),
  UNIQUE KEY `users_email_unique` (`email`)
) ENGINE=InnoDB AUTO_INCREMENT=45 DEFAULT CHARSET=utf8mb4 COLLATE=utf8mb4_unicode_ci;

-- Dumping data for table just_speak.users: ~43 rows (approximately)
INSERT INTO `users` (`id`, `name`, `email`, `phone`, `role`, `email_verified_at`, `password`, `remember_token`, `created_at`, `updated_at`) VALUES
	(1, 'CFO', 'cfo@justspeak.co.id', NULL, 'cfo', NULL, '$2y$12$4u7xcABYUJHAv.yjv3/hSugfz6obd7TlrGzzQ0fgcEY84RIPjxO06', NULL, '2026-05-08 03:14:45', '2026-05-08 03:14:45'),
	(2, 'Tutor Test', 'tutor@justspeak.co.id', NULL, 'tutor', NULL, '$2y$12$wlXw7nfjxczhkSX53o.F8OXQdlIJuD1z6F7Elv0Ln7DNo4.gdj0Fa', NULL, '2026-05-08 19:34:04', '2026-05-08 19:34:04'),
	(3, 'Admin', 'admin@justspeak.co.id', NULL, 'admin', NULL, '$2y$12$ogCvfy9ZcOilSdBmt4wEC.COFA/O3piGi8lWLYHKepgMwUP.DMTzK', NULL, '2026-05-08 19:59:58', '2026-05-08 19:59:58'),
	(5, 'Murid', 'murid@justspeak.co.id', NULL, 'student', NULL, '$2y$12$RoPZ7YpA68zkb1SlbEjqdOsA5PHUL9VRh3KTunFs5nbD6ti0XpWbK', NULL, '2026-05-11 02:26:43', '2026-05-11 02:26:43'),
	(6, 'Ade Bonita', 'ade.bonita@justspeak.co.id', NULL, 'tutor', NULL, '$2y$12$qJ6gvoutuPPwf/P0FnKe0uteRKHuF1jGjeVdDlPdihHDAoPeykh9i', NULL, '2026-05-11 23:13:11', '2026-05-11 23:13:11'),
	(7, 'Adira Salsabila Kirani', 'adira.salsabila.kirani@justspeak.co.id', NULL, 'tutor', NULL, '$2y$12$LOQYRWxLlFayDTdSdjmFC.vVRmdlKTLm3CwnYgUdVAqbxXEs.CX2a', NULL, '2026-05-11 23:13:11', '2026-05-11 23:13:11'),
	(8, 'Ali Yaasin', 'ali.yaasin@justspeak.co.id', NULL, 'tutor', NULL, '$2y$12$ZXz/A0muyBLrYcyt20KoAOtS7OGvCJC1.Wo80ZCSDbf6HoQxQ8sBm', NULL, '2026-05-11 23:13:12', '2026-05-11 23:13:12'),
	(9, 'Ananta Abimanyu', 'ananta.abimanyu@justspeak.co.id', NULL, 'tutor', NULL, '$2y$12$UHCpl3HJI0x8KTZjbNZD5OMZJnSA8GwTr4zJMnsHC4RQpC9lhxLfC', NULL, '2026-05-11 23:13:12', '2026-05-11 23:13:12'),
	(10, 'Arif Rahmansyah', 'arif.rahmansyah@justspeak.co.id', NULL, 'tutor', NULL, '$2y$12$TzCbDYL.9O.UCmXGrLNhp.8OYPszuyxV40p/lI6pU9ZqG3OKDyXKe', NULL, '2026-05-11 23:13:13', '2026-05-11 23:13:13'),
	(11, 'Avika Tio Ananda', 'avika.tio.ananda@justspeak.co.id', NULL, 'tutor', NULL, '$2y$12$uUttQZNSHIZZ7Bcwj8ovbeQphnZ107GlUwzN/A567droLi/4RmcHm', NULL, '2026-05-11 23:13:13', '2026-05-11 23:13:13'),
	(12, 'Ayu Martiana Septias', 'ayu.martiana.septias@justspeak.co.id', NULL, 'tutor', NULL, '$2y$12$3tJz0T/ZeqgaiB40UVFEUeY3aQy50TOM5H2to2r62irYUuQUKJRAa', NULL, '2026-05-11 23:13:13', '2026-05-11 23:13:13'),
	(13, 'Azizah Shofura Ramadhani', 'azizah.shofura.ramadhani@justspeak.co.id', NULL, 'tutor', NULL, '$2y$12$huIDSe9h3eYf3yoPRICMqOjJz6BQFQ1ej73jyjdw8vGai4ntvmhMS', NULL, '2026-05-11 23:13:14', '2026-05-11 23:13:14'),
	(14, 'Azka Fatiha Nasya', 'azka.fatiha.nasya@justspeak.co.id', NULL, 'tutor', NULL, '$2y$12$no6X/duCfegbHRzhN3xzk.GlKr85/lWgW7panIIFTwU/BD26wnhhC', NULL, '2026-05-11 23:13:14', '2026-05-11 23:13:14'),
	(15, 'Chiara Adellia Chantika', 'chiara.adellia.chantika@justspeak.co.id', NULL, 'tutor', NULL, '$2y$12$RvHUvTZ.4xb6DXgFu2LMxOgxFa573MuK6WMdeA5pxltdIASl8sDPO', NULL, '2026-05-11 23:13:15', '2026-05-11 23:13:15'),
	(16, 'Daka Ramadhan', 'daka.ramadhan@justspeak.co.id', NULL, 'tutor', NULL, '$2y$12$X6GAUUj6sgpu3fFASEkXO.o/tGF2pgUPhgZrBBwioUyvJyS10dl0m', NULL, '2026-05-11 23:13:15', '2026-05-11 23:13:15'),
	(17, 'Dewi Indah Purnama Sari', 'dewi.indah.purnama.sari@justspeak.co.id', NULL, 'tutor', NULL, '$2y$12$mKGaiK701FgYFKQaMa8vmehKRU4RDNax8OqgwHwK7eDNQDHMB3.6K', NULL, '2026-05-11 23:13:16', '2026-05-11 23:13:16'),
	(18, 'Dhanissa Alifia Indrawan', 'dhanissa.alifia.indrawan@justspeak.co.id', NULL, 'tutor', NULL, '$2y$12$AZUTSddqLlEwFKvne35OZ..OQzOGXAvAJ.qb7xFpFxO.6qI.6bfSa', NULL, '2026-05-11 23:13:16', '2026-05-11 23:13:16'),
	(19, 'Dian Chesa Khatami', 'dian.chesa.khatami@justspeak.co.id', NULL, 'tutor', NULL, '$2y$12$QtXjkJByuY1.bMqFsU4OF.f36x9B1bzN4nudsMdfr1LJF3kvbcv7e', NULL, '2026-05-11 23:13:17', '2026-05-11 23:13:17'),
	(20, 'Dita Indah Ardeyanti', 'dita.indah.ardeyanti@justspeak.co.id', NULL, 'tutor', NULL, '$2y$12$9jZATueUDJfpyrcRzj9FLe.obQQOhDxDaKBA9ZtAXNMJsMzwCq9oO', NULL, '2026-05-11 23:13:17', '2026-05-11 23:13:17'),
	(21, 'Fadlan Satria', 'fadlan.satria@justspeak.co.id', NULL, 'tutor', NULL, '$2y$12$173ubKNUmP8lDHNXm5dFdOtHrUrP7kMoMUosqono5B5NoynJzFH4e', NULL, '2026-05-11 23:13:18', '2026-05-11 23:13:18'),
	(22, 'Hasyika Nabilla Maharani', 'hasyika.nabilla.maharani@justspeak.co.id', NULL, 'tutor', NULL, '$2y$12$5beRm3zzFMpmGFLlNDiENOBLmuNGZZcpm0lBPCnypxhQLXXMmM4/G', NULL, '2026-05-11 23:13:18', '2026-05-11 23:13:18'),
	(23, 'Khanza Az Zahra', 'khanza.az.zahra@justspeak.co.id', NULL, 'tutor', NULL, '$2y$12$4GQbJouvP5Vlo9JLJK0fV.oy2mWqTqksrVHeHvPIo5qrxT4SHMiFC', NULL, '2026-05-11 23:13:19', '2026-05-11 23:13:19'),
	(24, 'Lathifa Puan Azizah', 'lathifa.puan.azizah@justspeak.co.id', NULL, 'tutor', NULL, '$2y$12$c1f3Du5906h083273leo5u8lmYvFbUq7cAZ8uQ/6pb9Id987Da5A.', NULL, '2026-05-11 23:13:20', '2026-05-11 23:13:20'),
	(25, 'Luftiah Nur Annisa', 'luftiah.nur.annisa@justspeak.co.id', NULL, 'tutor', NULL, '$2y$12$v.HLCcSLWC/q4t4Xo1YyjueCQeY/kiu6O4CgfIOa8KNfIlVYExsia', NULL, '2026-05-11 23:13:20', '2026-05-11 23:13:20'),
	(26, 'Maharani Wahyu Tantri', 'maharani.wahyu.tantri@justspeak.co.id', NULL, 'tutor', NULL, '$2y$12$eDfkR5pep2u6LOgBy18qvOPQlxjajj0S7XTwKzBPgbnXtnbZDyY0.', NULL, '2026-05-11 23:13:21', '2026-05-11 23:13:21'),
	(27, 'Nadia Putri Partussia', 'nadia.putri.partussia@justspeak.co.id', NULL, 'tutor', NULL, '$2y$12$QQ1eURLEx4sgTf7eQzm8Ie2X7mBLMPOyohbk9P.U2IwS0pbBshrWq', NULL, '2026-05-11 23:13:21', '2026-05-11 23:13:21'),
	(28, 'Nazaha Wafaqrana Azumar', 'nazaha.wafaqrana.azumar@justspeak.co.id', NULL, 'tutor', NULL, '$2y$12$0lyQwj7QusBEmzx6c6FZLut9SHONI/e.NNCCca3T5H75lXRi7mokO', NULL, '2026-05-11 23:13:22', '2026-05-11 23:13:22'),
	(29, 'Novita Anistiya', 'novita.anistiya@justspeak.co.id', NULL, 'tutor', NULL, '$2y$12$pP1ytkrkuUUTTYd3n8sZ..cmtRDmFWWdkok4kX1pqsbOeOJ7AqY4a', NULL, '2026-05-11 23:13:22', '2026-05-11 23:13:22'),
	(30, 'Nurulina Hakim', 'nurulina.hakim@justspeak.co.id', NULL, 'tutor', NULL, '$2y$12$vm4/RiJeRNdPRfZoebmzWepBsVoD2NriKAravyhCozemuzLyUlhAO', NULL, '2026-05-11 23:13:22', '2026-05-11 23:13:22'),
	(31, 'Qorrie Aina', 'qorrie.aina@justspeak.co.id', NULL, 'tutor', NULL, '$2y$12$TuILZPPaU1/Kxr17/RWLN.9QR4cFa4JA4ihLPHoM/tW3ku64UpF4K', NULL, '2026-05-11 23:13:23', '2026-05-11 23:13:23'),
	(32, 'Rafayfa Chayyira Meysun', 'rafayfa.chayyira.meysun@justspeak.co.id', NULL, 'tutor', NULL, '$2y$12$OfC/B2fDJEwod3GldGnu8uQQ57T7Ey.RXKoBZv8qVPKfNpmC7sYs.', NULL, '2026-05-11 23:13:23', '2026-05-11 23:13:23'),
	(33, 'Rasyiq Zahi Nugraha', 'rasyiq.zahi.nugraha@justspeak.co.id', NULL, 'tutor', NULL, '$2y$12$9Kp7mkmBbQ.hpiXDX/.PbuYFbyukmr6KhKBvgUAoUAVSxCN7kGkqq', NULL, '2026-05-11 23:13:23', '2026-05-11 23:13:23'),
	(34, 'Raya Febriyan Syaifullah', 'raya.febriyan.syaifullah@justspeak.co.id', NULL, 'tutor', NULL, '$2y$12$nOU/erFtSN8l5YWSiOx5sed37G9k8e6UAkWsLjQiQHDypNMaxk1rS', NULL, '2026-05-11 23:13:24', '2026-05-11 23:13:24'),
	(35, 'Reinaldy Aulia Kurniawan', 'reinaldy@justspeak.co.id', NULL, 'tutor', NULL, '$2y$12$9N55i0Jw4BqeCGKGlc.he.Pl9wr7SQaV0MatmZnprT69XCtXVhPCu', NULL, '2026-05-11 23:13:24', '2026-05-11 23:55:14'),
	(36, 'Rizal Alamsyah', 'rizal.alamsyah@justspeak.co.id', NULL, 'tutor', NULL, '$2y$12$7iFgf745ij0YWFyGU/3BJONwgkc69iwyFIKWcu.otlaobXyOVSs6C', NULL, '2026-05-11 23:13:25', '2026-05-11 23:13:25'),
	(37, 'Sabrina Octariani', 'sabrina.octariani@justspeak.co.id', NULL, 'tutor', NULL, '$2y$12$dg/8aulF5mZla./UZJG7NO/J3eeImkkQXVQYx63M31muQnxhQ84Se', NULL, '2026-05-11 23:13:25', '2026-05-11 23:13:25'),
	(38, 'Salsabila Firdaus', 'salsabila.firdaus@justspeak.co.id', NULL, 'tutor', NULL, '$2y$12$ZlqqKMjdpArRAfPDaHAUVOLi3zAwmswZ/geCet.Pwu8ZYhb3xRSam', NULL, '2026-05-11 23:13:25', '2026-05-11 23:13:25'),
	(39, 'Salsabilla Adinda', 'salsabilla.adinda@justspeak.co.id', NULL, 'tutor', NULL, '$2y$12$J2EW00qw/uYnF9fTprbd3.VGUKHlePRn2WIJOQVZfDubpnBLQWMyy', NULL, '2026-05-11 23:13:26', '2026-05-11 23:13:26'),
	(40, 'Sandrina Wahyuning Dias', 'sandrina.wahyuning.dias@justspeak.co.id', NULL, 'tutor', NULL, '$2y$12$sau2EHhKS.X4dgaTXGLyoeSDYCpYZJUnChNfXpedTGQMBPcL/LR8C', NULL, '2026-05-11 23:13:26', '2026-05-11 23:13:26'),
	(41, 'Shine Rahma Dilla', 'shine.rahma.dilla@justspeak.co.id', NULL, 'tutor', NULL, '$2y$12$yZ0UsJlVC9c06EXSf.a6EuYi.YwQzBLGngh/yX4jrrbLSuwPXCyha', NULL, '2026-05-11 23:13:27', '2026-05-11 23:13:27'),
	(42, 'Sugesti Aprilia', 'sugesti.aprilia@justspeak.co.id', NULL, 'tutor', NULL, '$2y$12$juqdDGj13Y4rKpO49nCRo.LOdDPmHS5JM5ZODcQaZrhDQ2j484mR2', NULL, '2026-05-11 23:13:27', '2026-05-11 23:13:27'),
	(43, 'Tiara Ika Putri Christianingrum', 'tiara.ika.putri.christianingrum@justspeak.co.id', NULL, 'tutor', NULL, '$2y$12$bZPqcaJBc4xYt0TyVGrxDeND8c807mVBMXJ7sMc2zzRk.Bey3CJpm', NULL, '2026-05-11 23:13:27', '2026-05-11 23:13:27'),
	(44, 'Tiur Paulina Manik', 'tiur.paulina.manik@justspeak.co.id', NULL, 'tutor', NULL, '$2y$12$b6I/Vd3rrQrLPhJK2jXdNecDg9w0tWmTSXgNopFVil54q1zYTIMEm', NULL, '2026-05-11 23:13:28', '2026-05-11 23:13:28');

/*!40103 SET TIME_ZONE=IFNULL(@OLD_TIME_ZONE, 'system') */;
/*!40101 SET SQL_MODE=IFNULL(@OLD_SQL_MODE, '') */;
/*!40014 SET FOREIGN_KEY_CHECKS=IFNULL(@OLD_FOREIGN_KEY_CHECKS, 1) */;
/*!40101 SET CHARACTER_SET_CLIENT=@OLD_CHARACTER_SET_CLIENT */;
/*!40111 SET SQL_NOTES=IFNULL(@OLD_SQL_NOTES, 1) */;
