-- MySQL dump 10.13  Distrib 8.4.3, for Win64 (x86_64)
--
-- Host: localhost    Database: just_speak
-- ------------------------------------------------------
-- Server version	8.4.3

/*!40101 SET @OLD_CHARACTER_SET_CLIENT=@@CHARACTER_SET_CLIENT */;
/*!40101 SET @OLD_CHARACTER_SET_RESULTS=@@CHARACTER_SET_RESULTS */;
/*!40101 SET @OLD_COLLATION_CONNECTION=@@COLLATION_CONNECTION */;
/*!50503 SET NAMES utf8mb4 */;
/*!40103 SET @OLD_TIME_ZONE=@@TIME_ZONE */;
/*!40103 SET TIME_ZONE='+00:00' */;
/*!40014 SET @OLD_UNIQUE_CHECKS=@@UNIQUE_CHECKS, UNIQUE_CHECKS=0 */;
/*!40014 SET @OLD_FOREIGN_KEY_CHECKS=@@FOREIGN_KEY_CHECKS, FOREIGN_KEY_CHECKS=0 */;
/*!40101 SET @OLD_SQL_MODE=@@SQL_MODE, SQL_MODE='NO_AUTO_VALUE_ON_ZERO' */;
/*!40111 SET @OLD_SQL_NOTES=@@SQL_NOTES, SQL_NOTES=0 */;

--
-- Table structure for table `accounts`
--

DROP TABLE IF EXISTS `accounts`;
/*!40101 SET @saved_cs_client     = @@character_set_client */;
/*!50503 SET character_set_client = utf8mb4 */;
CREATE TABLE `accounts` (
  `id` bigint unsigned NOT NULL AUTO_INCREMENT,
  `code` varchar(255) CHARACTER SET utf8mb4 COLLATE utf8mb4_unicode_ci NOT NULL,
  `name` varchar(255) CHARACTER SET utf8mb4 COLLATE utf8mb4_unicode_ci NOT NULL,
  `type` varchar(255) CHARACTER SET utf8mb4 COLLATE utf8mb4_unicode_ci NOT NULL,
  `cash_flow_category` varchar(255) COLLATE utf8mb4_unicode_ci DEFAULT NULL,
  `created_at` timestamp NULL DEFAULT NULL,
  `updated_at` timestamp NULL DEFAULT NULL,
  PRIMARY KEY (`id`),
  UNIQUE KEY `accounts_code_unique` (`code`)
) ENGINE=InnoDB AUTO_INCREMENT=110 DEFAULT CHARSET=utf8mb4 COLLATE=utf8mb4_unicode_ci;
/*!40101 SET character_set_client = @saved_cs_client */;

--
-- Dumping data for table `accounts`
--

LOCK TABLES `accounts` WRITE;
/*!40000 ALTER TABLE `accounts` DISABLE KEYS */;
INSERT INTO `accounts` VALUES (1,'1001','Cash','Asset','operating','2026-06-03 04:29:55','2026-06-03 04:29:55'),(2,'1002','Bank','Asset','operating','2026-06-03 04:29:55','2026-06-03 04:29:55'),(3,'1003','Piutang Usaha','Asset','operating','2026-05-11 22:06:58','2026-05-11 22:06:58'),(4,'1003a','Penyisihan Piutang Tak Tertagih','Asset','operating','2026-05-11 22:06:58','2026-05-11 22:06:58'),(5,'1004','Perlengkapan','Asset','operating','2026-05-11 22:06:58','2026-05-11 22:06:58'),(6,'1005','Sewa Dibayar di Muka','Asset','investing','2026-05-11 22:06:58','2026-05-11 22:06:58'),(7,'1006','Akumulasi Penyusutan Peralatan','Asset','investing','2026-05-11 22:06:58','2026-05-11 22:06:58'),(8,'1007','Persediaan','Asset','operating','2026-05-11 22:06:58','2026-05-11 22:06:58'),(9,'1008','Uang Muka / Deposit','Asset','operating','2026-05-11 22:06:58','2026-05-11 22:06:58'),(10,'1009','Piutang Refund','Asset','operating','2026-05-11 22:06:58','2026-05-11 22:06:58'),(11,'1101','Peralatan','Asset','investing','2026-05-11 22:06:58','2026-05-11 22:06:58'),(12,'1102','Aset Tidak Berwujud','Asset','investing','2026-05-11 22:06:58','2026-05-11 22:06:58'),(13,'2001','Utang Usaha','Liability','operating','2026-05-11 22:06:58','2026-05-11 22:06:58'),(14,'2002','Deferred Revenue','Liability','operating','2026-06-03 04:29:55','2026-06-03 04:29:55'),(15,'2003','Tutor Payable','Liability','operating','2026-06-03 04:29:55','2026-06-03 04:29:55'),(16,'2004','Biaya Yang Masih Harus Dibayar','Liability','operating','2026-05-11 22:06:58','2026-05-11 22:06:58'),(17,'2005','Utang Pajak','Liability','operating','2026-05-11 22:06:58','2026-05-11 22:06:58'),(18,'3001','Modal','Equity','financing','2026-05-11 22:06:58','2026-05-11 22:06:58'),(19,'3002','Prive / Dividen','Equity','financing','2026-05-11 22:06:58','2026-05-11 22:06:58'),(20,'3003','Saldo Laba Ditahan','Equity','financing','2026-05-11 22:06:58','2026-05-11 22:06:58'),(21,'4000b','Pendapatan VIP','Revenue','operating','2026-05-11 22:06:58','2026-05-11 22:06:58'),(22,'4010','Pendapatan ESP (NC)','Revenue','operating','2026-05-11 22:06:58','2026-05-11 22:06:58'),(23,'4011','Pendapatan ESP (RP)','Revenue','operating','2026-05-11 22:06:58','2026-05-11 22:06:58'),(24,'4020','Pendapatan Reguler EDC (NC)','Revenue','operating','2026-05-11 22:06:58','2026-05-11 22:06:58'),(25,'4021','Pendapatan Reguler EDC (RP)','Revenue','operating','2026-05-11 22:06:58','2026-05-11 22:06:58'),(26,'4030','Pendapatan Jasa Interpreter','Revenue','operating','2026-05-11 22:06:58','2026-05-11 22:06:58'),(27,'4031','Pendapatan Reguler EFJ & EFK (RP)','Revenue','operating','2026-05-11 22:06:58','2026-05-11 22:06:58'),(28,'4040','Pendapatan Reguler IELTS / Scholarship','Revenue','operating','2026-05-11 22:06:58','2026-05-11 22:06:58'),(29,'4041','Pendapatan Biaya Pendaftaran','Revenue','operating','2026-05-11 22:06:58','2026-05-11 22:06:58'),(30,'4050','Pendapatan Online Class Reguler (NC)','Revenue','operating','2026-05-11 22:06:58','2026-05-11 22:06:58'),(31,'4051','Pendapatan Online Class Reguler (RP)','Revenue','operating','2026-05-11 22:06:58','2026-05-11 22:06:58'),(32,'4060','Pendapatan Online Class ESP (NC)','Revenue','operating','2026-05-11 22:06:58','2026-05-11 22:06:58'),(33,'4061','Pendapatan Online Class ESP (RP)','Revenue','operating','2026-05-11 22:06:58','2026-05-11 22:06:58'),(34,'4070','Pendapatan TOEFL & IELTS Test','Revenue','operating','2026-05-11 22:06:58','2026-05-11 22:06:58'),(35,'4080','Pendapatan Speedy English','Revenue','operating','2026-05-11 22:06:58','2026-05-11 22:06:58'),(36,'4081','Pendapatan INASA Scrabble','Revenue','operating','2026-05-11 22:06:58','2026-05-11 22:06:58'),(37,'4090','Pendapatan Buku & Merchandise','Revenue','operating','2026-05-11 22:06:58','2026-05-11 22:06:58'),(38,'4101','Revenue - Tuition Fees','Revenue','operating','2026-06-03 04:29:55','2026-06-03 04:29:55'),(39,'4102','Revenue - Admin Fee','Revenue','operating','2026-06-03 04:29:55','2026-06-03 04:29:55'),(40,'4111','Diskon Penjualan','Revenue','operating','2026-05-11 22:06:58','2026-05-11 22:06:58'),(41,'4200','Pendapatan Lain-lain','Revenue','operating','2026-05-11 22:06:58','2026-05-11 22:06:58'),(42,'4201','Pendapatan Bunga Bank','Revenue','operating','2026-05-11 22:06:58','2026-05-11 22:06:58'),(43,'4202','Pendapatan Hangus (Forfeiture)','Revenue','operating','2026-05-11 22:06:58','2026-05-11 22:06:58'),(44,'4203','Pendapatan Penarikan Dini','Revenue','operating','2026-05-11 22:06:58','2026-05-11 22:06:58'),(45,'4901','Pendapatan VIP','Revenue','operating','2026-05-11 22:06:59','2026-05-11 22:06:59'),(46,'4902','Pendapatan VIP IELTS','Revenue','operating','2026-05-11 22:06:59','2026-05-11 22:06:59'),(47,'4903','Pendapatan Speaking Express Online','Revenue','operating','2026-05-11 22:06:59','2026-05-11 22:06:59'),(48,'4911','Pendapatan ESP Flash','Revenue','operating','2026-05-11 22:06:59','2026-05-11 22:06:59'),(49,'4912','Pendapatan ESP Plus','Revenue','operating','2026-05-11 22:06:59','2026-05-11 22:06:59'),(50,'4913','Pendapatan ESP Premium','Revenue','operating','2026-05-11 22:06:59','2026-05-11 22:06:59'),(51,'4921','Pendapatan IELTS Flash','Revenue','operating','2026-05-11 22:06:59','2026-05-11 22:06:59'),(52,'4922','Pendapatan IELTS Plus','Revenue','operating','2026-05-11 22:06:59','2026-05-11 22:06:59'),(53,'4923','Pendapatan IELTS Premium','Revenue','operating','2026-05-11 22:06:59','2026-05-11 22:06:59'),(54,'4931','Pendapatan Scholarship Flash','Revenue','operating','2026-05-11 22:06:59','2026-05-11 22:06:59'),(55,'4932','Pendapatan Scholarship Plus','Revenue','operating','2026-05-11 22:06:59','2026-05-11 22:06:59'),(56,'4933','Pendapatan Scholarship Premium','Revenue','operating','2026-05-11 22:06:59','2026-05-11 22:06:59'),(57,'4941','Pendapatan Student Exchange Offline 12x','Revenue','operating','2026-05-11 22:06:59','2026-05-11 22:06:59'),(58,'4942','Pendapatan Student Exchange Offline 24x','Revenue','operating','2026-05-11 22:06:59','2026-05-11 22:06:59'),(59,'4943','Pendapatan Student Exchange Online 12x','Revenue','operating','2026-05-11 22:06:59','2026-05-11 22:06:59'),(60,'4944','Pendapatan Student Exchange Online 24x','Revenue','operating','2026-05-11 22:06:59','2026-05-11 22:06:59'),(61,'4951','Pendapatan ESP 2 Person Flash','Revenue','operating','2026-05-11 22:06:59','2026-05-11 22:06:59'),(62,'4952','Pendapatan ESP 3 Person Flash','Revenue','operating','2026-05-11 22:06:59','2026-05-11 22:06:59'),(63,'4953','Pendapatan ESP 4 Person Flash','Revenue','operating','2026-05-11 22:06:59','2026-05-11 22:06:59'),(64,'4961','Pendapatan ESP 2 Person Plus','Revenue','operating','2026-05-11 22:06:59','2026-05-11 22:06:59'),(65,'4962','Pendapatan ESP 3 Person Plus','Revenue','operating','2026-05-11 22:06:59','2026-05-11 22:06:59'),(66,'4963','Pendapatan ESP 4 Person Plus','Revenue','operating','2026-05-11 22:06:59','2026-05-11 22:06:59'),(67,'4971','Pendapatan ESP 2 Person Premium','Revenue','operating','2026-05-11 22:06:59','2026-05-11 22:06:59'),(68,'4972','Pendapatan ESP 3 Person Premium','Revenue','operating','2026-05-11 22:06:59','2026-05-11 22:06:59'),(69,'4973','Pendapatan ESP 4 Person Premium','Revenue','operating','2026-05-11 22:06:59','2026-05-11 22:06:59'),(70,'4981','Pendapatan IELTS 2 Person Flash','Revenue','operating','2026-05-11 22:06:59','2026-05-11 22:06:59'),(71,'4982','Pendapatan IELTS 2 Person Plus','Revenue','operating','2026-05-11 22:06:59','2026-05-11 22:06:59'),(72,'4983','Pendapatan IELTS 2 Person Premium','Revenue','operating','2026-05-11 22:06:59','2026-05-11 22:06:59'),(73,'4990','Pendapatan EDC','Revenue','operating','2026-05-11 22:06:59','2026-05-11 22:06:59'),(74,'4991','Pendapatan Speedy English','Revenue','operating','2026-05-11 22:06:59','2026-05-11 22:06:59'),(75,'4992','Pendapatan B2B Class','Revenue','operating','2026-05-11 22:06:59','2026-05-11 22:06:59'),(76,'4993','Pendapatan B2B English Camp','Revenue','operating','2026-05-11 22:06:59','2026-05-11 22:06:59'),(77,'4994','Pendapatan One Day With Just Speak','Revenue','operating','2026-05-11 22:06:59','2026-05-11 22:06:59'),(78,'5000b','Tunjangan dan Bonus CEO','Expense','operating','2026-05-11 22:06:59','2026-05-11 22:06:59'),(79,'5001','Beban Gaji Tutor','Expense','operating','2026-05-11 22:06:59','2026-05-11 22:06:59'),(80,'5002','Beban Gaji Karyawan','Expense','operating','2026-05-11 22:06:59','2026-05-11 22:06:59'),(81,'5003','Beban Reward','Expense','operating','2026-05-11 22:06:59','2026-05-11 22:06:59'),(82,'5004','Beban Training & Development','Expense','operating','2026-05-11 22:06:59','2026-05-11 22:06:59'),(83,'5005','Beban SDM Lainnya','Expense','operating','2026-05-11 22:06:59','2026-05-11 22:06:59'),(84,'5006','Beban BPJS Ketenagakerjaan / Kesehatan','Expense','operating','2026-05-11 22:06:59','2026-05-11 22:06:59'),(85,'5101','Expense - Tutor Fee','Expense','operating','2026-06-03 04:29:55','2026-06-03 04:29:55'),(86,'5102','Expense - Discount/Promo','Expense','operating','2026-06-03 04:29:55','2026-06-03 04:29:55'),(87,'5103','Expense - Refund','Expense','operating','2026-06-03 04:29:55','2026-06-03 04:29:55'),(88,'5104','Beban Kegiatan','Expense','operating','2026-05-11 22:06:59','2026-05-11 22:06:59'),(89,'5105','Beban Sewa','Expense','operating','2026-05-11 22:06:59','2026-05-11 22:06:59'),(90,'5106','Beban Operasional Project','Expense','operating','2026-05-11 22:06:59','2026-05-11 22:06:59'),(91,'5107','Beban Perbaikan dan Perawatan','Expense','operating','2026-05-11 22:06:59','2026-05-11 22:06:59'),(92,'5108','Beban Penyusutan','Expense','investing','2026-05-11 22:06:59','2026-05-11 22:06:59'),(93,'5109','Beban Operasional Umum','Expense','operating','2026-05-11 22:06:59','2026-05-11 22:06:59'),(94,'5110','Beban Amortisasi','Expense','investing','2026-05-11 22:06:59','2026-05-11 22:06:59'),(95,'5201','Beban Iklan dan Promosi','Expense','operating','2026-05-11 22:06:59','2026-05-11 22:06:59'),(96,'5202','Beban Sponsorship & Event','Expense','operating','2026-05-11 22:06:59','2026-05-11 22:06:59'),(97,'5203','Beban Produksi Materi Promosi','Expense','operating','2026-05-11 22:06:59','2026-05-11 22:06:59'),(98,'5204','Beban Partnership','Expense','operating','2026-05-11 22:06:59','2026-05-11 22:06:59'),(99,'5205','Beban Transportasi','Expense','operating','2026-05-11 22:06:59','2026-05-11 22:06:59'),(100,'5206','Beban Affiliate','Expense','operating','2026-05-11 22:06:59','2026-05-11 22:06:59'),(101,'5207','Beban Marketing Lain-lain','Expense','operating','2026-05-11 22:06:59','2026-05-11 22:06:59'),(102,'5301','Beban Admin Bank & Transfer','Expense','operating','2026-05-11 22:06:59','2026-05-11 22:06:59'),(103,'5302','Beban Pajak','Expense','operating','2026-05-11 22:06:59','2026-05-11 22:06:59'),(104,'5303','Beban Bunga Pinjaman','Expense','operating','2026-05-11 22:06:59','2026-05-11 22:06:59'),(105,'5401','Beban Pengembangan Produk','Expense','operating','2026-05-11 22:06:59','2026-05-11 22:06:59'),(106,'5402','HPP Produk','Expense','operating','2026-05-11 22:06:59','2026-05-11 22:06:59'),(107,'5403','Beban Modul & Materi Ajar','Expense','operating','2026-05-11 22:06:59','2026-05-11 22:06:59'),(108,'5501','Beban Lain-lain','Expense','operating','2026-05-11 22:06:59','2026-05-11 22:06:59'),(109,'5502','Beban Piutang Tak Tertagih','Expense','operating','2026-05-11 22:06:59','2026-05-11 22:06:59');
/*!40000 ALTER TABLE `accounts` ENABLE KEYS */;
UNLOCK TABLES;

--
-- Table structure for table `adjusting_journal_items`
--

DROP TABLE IF EXISTS `adjusting_journal_items`;
/*!40101 SET @saved_cs_client     = @@character_set_client */;
/*!50503 SET character_set_client = utf8mb4 */;
CREATE TABLE `adjusting_journal_items` (
  `id` bigint unsigned NOT NULL AUTO_INCREMENT,
  `adjusting_journal_id` bigint unsigned NOT NULL,
  `account_id` bigint unsigned NOT NULL,
  `debit` decimal(18,2) NOT NULL DEFAULT '0.00',
  `credit` decimal(18,2) NOT NULL DEFAULT '0.00',
  `created_at` timestamp NULL DEFAULT NULL,
  `updated_at` timestamp NULL DEFAULT NULL,
  PRIMARY KEY (`id`),
  KEY `adjusting_journal_items_adjusting_journal_id_foreign` (`adjusting_journal_id`),
  KEY `adjusting_journal_items_account_id_foreign` (`account_id`),
  CONSTRAINT `adjusting_journal_items_account_id_foreign` FOREIGN KEY (`account_id`) REFERENCES `accounts` (`id`),
  CONSTRAINT `adjusting_journal_items_adjusting_journal_id_foreign` FOREIGN KEY (`adjusting_journal_id`) REFERENCES `adjusting_journals` (`id`) ON DELETE CASCADE
) ENGINE=InnoDB AUTO_INCREMENT=13 DEFAULT CHARSET=utf8mb4 COLLATE=utf8mb4_unicode_ci;
/*!40101 SET character_set_client = @saved_cs_client */;

--
-- Dumping data for table `adjusting_journal_items`
--

LOCK TABLES `adjusting_journal_items` WRITE;
/*!40000 ALTER TABLE `adjusting_journal_items` DISABLE KEYS */;
INSERT INTO `adjusting_journal_items` VALUES (1,1,92,2483611.13,0.00,'2026-06-03 04:30:30','2026-06-03 04:30:30'),(2,1,7,0.00,2483611.13,'2026-06-03 04:30:30','2026-06-03 04:30:30'),(3,2,92,2483611.13,0.00,'2026-06-03 04:30:30','2026-06-03 04:30:30'),(4,2,7,0.00,2483611.13,'2026-06-03 04:30:30','2026-06-03 04:30:30'),(5,3,92,2483611.13,0.00,'2026-06-03 04:30:30','2026-06-03 04:30:30'),(6,3,7,0.00,2483611.13,'2026-06-03 04:30:30','2026-06-03 04:30:30'),(7,4,92,2483611.13,0.00,'2026-06-03 04:30:30','2026-06-03 04:30:30'),(8,4,7,0.00,2483611.13,'2026-06-03 04:30:30','2026-06-03 04:30:30'),(9,5,92,2483611.13,0.00,'2026-06-03 04:30:30','2026-06-03 04:30:30'),(10,5,7,0.00,2483611.13,'2026-06-03 04:30:30','2026-06-03 04:30:30'),(11,6,92,2483611.13,0.00,'2026-06-03 04:30:30','2026-06-03 04:30:30'),(12,6,7,0.00,2483611.13,'2026-06-03 04:30:30','2026-06-03 04:30:30');
/*!40000 ALTER TABLE `adjusting_journal_items` ENABLE KEYS */;
UNLOCK TABLES;

--
-- Table structure for table `adjusting_journals`
--

DROP TABLE IF EXISTS `adjusting_journals`;
/*!40101 SET @saved_cs_client     = @@character_set_client */;
/*!50503 SET character_set_client = utf8mb4 */;
CREATE TABLE `adjusting_journals` (
  `id` bigint unsigned NOT NULL AUTO_INCREMENT,
  `period` date NOT NULL,
  `reference` varchar(255) COLLATE utf8mb4_unicode_ci NOT NULL,
  `description` varchar(255) COLLATE utf8mb4_unicode_ci NOT NULL,
  `type` enum('depreciation','amortization','deferred_revenue','manual') COLLATE utf8mb4_unicode_ci NOT NULL,
  `status` enum('draft','posted') COLLATE utf8mb4_unicode_ci NOT NULL DEFAULT 'draft',
  `source_id` bigint unsigned DEFAULT NULL,
  `source_type` varchar(255) COLLATE utf8mb4_unicode_ci DEFAULT NULL,
  `total_amount` decimal(18,2) NOT NULL DEFAULT '0.00',
  `posted_journal_id` bigint unsigned DEFAULT NULL,
  `created_at` timestamp NULL DEFAULT NULL,
  `updated_at` timestamp NULL DEFAULT NULL,
  PRIMARY KEY (`id`),
  UNIQUE KEY `adjusting_journals_reference_unique` (`reference`)
) ENGINE=InnoDB AUTO_INCREMENT=7 DEFAULT CHARSET=utf8mb4 COLLATE=utf8mb4_unicode_ci;
/*!40101 SET character_set_client = @saved_cs_client */;

--
-- Dumping data for table `adjusting_journals`
--

LOCK TABLES `adjusting_journals` WRITE;
/*!40000 ALTER TABLE `adjusting_journals` DISABLE KEYS */;
INSERT INTO `adjusting_journals` VALUES (1,'2026-01-01','DEP-202601','Penyusutan Aset Tetap January 2026','depreciation','posted',NULL,NULL,2483611.13,NULL,'2026-06-03 04:30:30','2026-06-03 04:30:30'),(2,'2026-02-01','DEP-202602','Penyusutan Aset Tetap February 2026','depreciation','posted',NULL,NULL,2483611.13,NULL,'2026-06-03 04:30:30','2026-06-03 04:30:30'),(3,'2026-03-01','DEP-202603','Penyusutan Aset Tetap March 2026','depreciation','posted',NULL,NULL,2483611.13,NULL,'2026-06-03 04:30:30','2026-06-03 04:30:30'),(4,'2026-04-01','DEP-202604','Penyusutan Aset Tetap April 2026','depreciation','posted',NULL,NULL,2483611.13,NULL,'2026-06-03 04:30:30','2026-06-03 04:30:30'),(5,'2026-05-01','DEP-202605','Penyusutan Aset Tetap May 2026','depreciation','posted',NULL,NULL,2483611.13,NULL,'2026-06-03 04:30:30','2026-06-03 04:30:30'),(6,'2026-06-01','DEP-202606','Penyusutan Aset Tetap June 2026','depreciation','draft',NULL,NULL,2483611.13,NULL,'2026-06-03 04:30:30','2026-06-03 04:30:30');
/*!40000 ALTER TABLE `adjusting_journals` ENABLE KEYS */;
UNLOCK TABLES;

--
-- Table structure for table `attendance`
--

DROP TABLE IF EXISTS `attendance`;
/*!40101 SET @saved_cs_client     = @@character_set_client */;
/*!50503 SET character_set_client = utf8mb4 */;
CREATE TABLE `attendance` (
  `id` bigint unsigned NOT NULL AUTO_INCREMENT,
  `date` date NOT NULL,
  `time_block` varchar(255) CHARACTER SET utf8mb4 COLLATE utf8mb4_unicode_ci NOT NULL,
  `classroom_id` bigint unsigned NOT NULL,
  `marked_by` bigint unsigned NOT NULL,
  `created_at` timestamp NULL DEFAULT NULL,
  `updated_at` timestamp NULL DEFAULT NULL,
  `class_session_id` bigint unsigned DEFAULT NULL,
  `status` enum('scheduled','ongoing','finished','skipped','postponed') CHARACTER SET utf8mb4 COLLATE utf8mb4_unicode_ci NOT NULL DEFAULT 'scheduled',
  `notes` text CHARACTER SET utf8mb4 COLLATE utf8mb4_unicode_ci,
  `deleted_at` timestamp NULL DEFAULT NULL,
  PRIMARY KEY (`id`),
  KEY `attendance_classroom_id_foreign` (`classroom_id`),
  KEY `attendance_marked_by_foreign` (`marked_by`),
  KEY `attendance_class_session_id_foreign` (`class_session_id`),
  KEY `attendance_date_index` (`date`),
  CONSTRAINT `attendance_class_session_id_foreign` FOREIGN KEY (`class_session_id`) REFERENCES `class_sessions` (`id`) ON DELETE SET NULL,
  CONSTRAINT `attendance_classroom_id_foreign` FOREIGN KEY (`classroom_id`) REFERENCES `classrooms` (`id`),
  CONSTRAINT `attendance_marked_by_foreign` FOREIGN KEY (`marked_by`) REFERENCES `users` (`id`)
) ENGINE=InnoDB AUTO_INCREMENT=399 DEFAULT CHARSET=utf8mb4 COLLATE=utf8mb4_unicode_ci;
/*!40101 SET character_set_client = @saved_cs_client */;

--
-- Dumping data for table `attendance`
--

LOCK TABLES `attendance` WRITE;
/*!40000 ALTER TABLE `attendance` DISABLE KEYS */;
INSERT INTO `attendance` VALUES (1,'2026-04-20','09:00-10:30',7,1,'2026-06-03 04:30:12','2026-06-03 04:30:12',1,'scheduled',NULL,NULL),(2,'2026-04-23','09:00-10:30',7,1,'2026-06-03 04:30:12','2026-06-03 04:30:12',1,'scheduled',NULL,NULL),(3,'2026-04-29','09:00-10:30',7,1,'2026-06-03 04:30:12','2026-06-03 04:30:12',1,'scheduled',NULL,NULL),(4,'2026-05-04','09:00-10:30',7,1,'2026-06-03 04:30:12','2026-06-03 04:30:12',1,'scheduled',NULL,NULL),(5,'2026-05-07','09:00-10:30',7,1,'2026-06-03 04:30:12','2026-06-03 04:30:12',1,'scheduled',NULL,NULL),(6,'2026-05-10','09:00-10:30',7,1,'2026-06-03 04:30:12','2026-06-03 04:30:12',1,'scheduled',NULL,NULL),(7,'2026-01-14','13:00-14:30',7,1,'2026-06-03 04:30:12','2026-06-03 04:30:12',2,'scheduled',NULL,NULL),(8,'2026-01-17','13:00-14:30',7,1,'2026-06-03 04:30:12','2026-06-03 04:30:12',2,'scheduled',NULL,NULL),(9,'2026-01-22','13:00-14:30',7,1,'2026-06-03 04:30:12','2026-06-03 04:30:12',2,'scheduled',NULL,NULL),(10,'2026-01-28','13:00-14:30',7,1,'2026-06-03 04:30:12','2026-06-03 04:30:12',2,'scheduled',NULL,NULL),(11,'2026-02-04','13:00-14:30',7,1,'2026-06-03 04:30:12','2026-06-03 04:30:12',2,'scheduled',NULL,NULL),(12,'2026-02-09','13:00-14:30',7,1,'2026-06-03 04:30:12','2026-06-03 04:30:12',2,'scheduled',NULL,NULL),(13,'2026-02-13','13:00-14:30',7,1,'2026-06-03 04:30:12','2026-06-03 04:30:12',2,'scheduled',NULL,NULL),(14,'2026-02-16','13:00-14:30',7,1,'2026-06-03 04:30:12','2026-06-03 04:30:12',2,'scheduled',NULL,NULL),(15,'2025-12-25','10:30-12:00',6,1,'2026-06-03 04:30:12','2026-06-03 04:30:12',3,'scheduled',NULL,NULL),(16,'2025-12-31','10:30-12:00',6,1,'2026-06-03 04:30:12','2026-06-03 04:30:12',3,'scheduled',NULL,NULL),(17,'2026-01-03','10:30-12:00',6,1,'2026-06-03 04:30:12','2026-06-03 04:30:12',3,'scheduled',NULL,NULL),(18,'2026-01-07','10:30-12:00',6,1,'2026-06-03 04:30:12','2026-06-03 04:30:12',3,'scheduled',NULL,NULL),(19,'2026-01-14','10:30-12:00',6,1,'2026-06-03 04:30:12','2026-06-03 04:30:12',3,'scheduled',NULL,NULL),(20,'2026-01-21','10:30-12:00',6,1,'2026-06-03 04:30:12','2026-06-03 04:30:12',3,'scheduled',NULL,NULL),(21,'2026-03-06','09:00-10:30',5,1,'2026-06-03 04:30:12','2026-06-03 04:30:12',4,'scheduled',NULL,NULL),(22,'2026-03-09','09:00-10:30',5,1,'2026-06-03 04:30:12','2026-06-03 04:30:12',4,'scheduled',NULL,NULL),(23,'2026-03-14','09:00-10:30',5,1,'2026-06-03 04:30:12','2026-06-03 04:30:12',4,'scheduled',NULL,NULL),(24,'2026-03-17','09:00-10:30',5,1,'2026-06-03 04:30:12','2026-06-03 04:30:12',4,'scheduled',NULL,NULL),(25,'2026-03-23','09:00-10:30',5,1,'2026-06-03 04:30:12','2026-06-03 04:30:12',4,'scheduled',NULL,NULL),(26,'2026-03-26','09:00-10:30',5,1,'2026-06-03 04:30:12','2026-06-03 04:30:12',4,'scheduled',NULL,NULL),(27,'2026-04-01','09:00-10:30',5,1,'2026-06-03 04:30:12','2026-06-03 04:30:12',4,'scheduled',NULL,NULL),(28,'2026-04-05','09:00-10:30',5,1,'2026-06-03 04:30:12','2026-06-03 04:30:12',4,'scheduled',NULL,NULL),(29,'2026-04-08','09:00-10:30',5,1,'2026-06-03 04:30:12','2026-06-03 04:30:12',4,'scheduled',NULL,NULL),(30,'2026-04-15','09:00-10:30',5,1,'2026-06-03 04:30:12','2026-06-03 04:30:12',4,'scheduled',NULL,NULL),(31,'2026-04-22','09:00-10:30',5,1,'2026-06-03 04:30:12','2026-06-03 04:30:12',4,'scheduled',NULL,NULL),(32,'2026-04-25','09:00-10:30',5,1,'2026-06-03 04:30:12','2026-06-03 04:30:12',4,'scheduled',NULL,NULL),(33,'2026-05-02','09:00-10:30',5,1,'2026-06-03 04:30:12','2026-06-03 04:30:12',4,'scheduled',NULL,NULL),(34,'2026-05-09','09:00-10:30',5,1,'2026-06-03 04:30:12','2026-06-03 04:30:12',4,'scheduled',NULL,NULL),(35,'2026-05-15','09:00-10:30',5,1,'2026-06-03 04:30:12','2026-06-03 04:30:12',4,'scheduled',NULL,NULL),(36,'2026-05-19','09:00-10:30',5,1,'2026-06-03 04:30:12','2026-06-03 04:30:12',4,'scheduled',NULL,NULL),(37,'2026-05-22','09:00-10:30',5,1,'2026-06-03 04:30:12','2026-06-03 04:30:12',4,'scheduled',NULL,NULL),(38,'2026-05-26','09:00-10:30',5,1,'2026-06-03 04:30:12','2026-06-03 04:30:12',4,'scheduled',NULL,NULL),(39,'2026-06-02','09:00-10:30',5,1,'2026-06-03 04:30:12','2026-06-03 04:30:12',4,'scheduled',NULL,NULL),(40,'2025-08-15','16:00-17:30',7,1,'2026-06-03 04:30:12','2026-06-03 04:30:12',5,'scheduled',NULL,NULL),(41,'2025-08-19','16:00-17:30',7,1,'2026-06-03 04:30:12','2026-06-03 04:30:12',5,'scheduled',NULL,NULL),(42,'2025-08-25','16:00-17:30',7,1,'2026-06-03 04:30:12','2026-06-03 04:30:12',5,'scheduled',NULL,NULL),(43,'2025-09-01','16:00-17:30',7,1,'2026-06-03 04:30:12','2026-06-03 04:30:12',5,'scheduled',NULL,NULL),(44,'2025-09-08','16:00-17:30',7,1,'2026-06-03 04:30:12','2026-06-03 04:30:12',5,'scheduled',NULL,NULL),(45,'2025-09-13','16:00-17:30',7,1,'2026-06-03 04:30:12','2026-06-03 04:30:12',5,'scheduled',NULL,NULL),(46,'2025-09-19','16:00-17:30',7,1,'2026-06-03 04:30:12','2026-06-03 04:30:12',5,'scheduled',NULL,NULL),(47,'2025-09-24','16:00-17:30',7,1,'2026-06-03 04:30:12','2026-06-03 04:30:12',5,'scheduled',NULL,NULL),(48,'2025-10-01','16:00-17:30',7,1,'2026-06-03 04:30:12','2026-06-03 04:30:12',5,'scheduled',NULL,NULL),(49,'2025-10-08','16:00-17:30',7,1,'2026-06-03 04:30:12','2026-06-03 04:30:12',5,'scheduled',NULL,NULL),(50,'2025-10-12','16:00-17:30',7,1,'2026-06-03 04:30:12','2026-06-03 04:30:12',5,'scheduled',NULL,NULL),(51,'2025-10-15','16:00-17:30',7,1,'2026-06-03 04:30:12','2026-06-03 04:30:12',5,'scheduled',NULL,NULL),(52,'2025-10-18','16:00-17:30',7,1,'2026-06-03 04:30:12','2026-06-03 04:30:12',5,'scheduled',NULL,NULL),(53,'2025-10-21','16:00-17:30',7,1,'2026-06-03 04:30:12','2026-06-03 04:30:12',5,'scheduled',NULL,NULL),(54,'2025-10-27','16:00-17:30',7,1,'2026-06-03 04:30:12','2026-06-03 04:30:12',5,'scheduled',NULL,NULL),(55,'2025-11-02','16:00-17:30',7,1,'2026-06-03 04:30:12','2026-06-03 04:30:12',5,'scheduled',NULL,NULL),(56,'2025-11-09','16:00-17:30',7,1,'2026-06-03 04:30:12','2026-06-03 04:30:12',5,'scheduled',NULL,NULL),(57,'2025-11-14','16:00-17:30',7,1,'2026-06-03 04:30:12','2026-06-03 04:30:12',5,'scheduled',NULL,NULL),(58,'2025-11-21','16:00-17:30',7,1,'2026-06-03 04:30:12','2026-06-03 04:30:12',5,'scheduled',NULL,NULL),(59,'2025-11-27','16:00-17:30',7,1,'2026-06-03 04:30:12','2026-06-03 04:30:12',5,'scheduled',NULL,NULL),(60,'2025-12-01','16:00-17:30',7,1,'2026-06-03 04:30:12','2026-06-03 04:30:12',5,'scheduled',NULL,NULL),(61,'2025-12-05','16:00-17:30',7,1,'2026-06-03 04:30:12','2026-06-03 04:30:12',5,'scheduled',NULL,NULL),(62,'2025-12-09','16:00-17:30',7,1,'2026-06-03 04:30:12','2026-06-03 04:30:12',5,'scheduled',NULL,NULL),(63,'2025-12-13','16:00-17:30',7,1,'2026-06-03 04:30:12','2026-06-03 04:30:12',5,'scheduled',NULL,NULL),(64,'2025-09-10','10:30-12:00',6,1,'2026-06-03 04:30:12','2026-06-03 04:30:12',6,'scheduled',NULL,NULL),(65,'2025-09-13','10:30-12:00',6,1,'2026-06-03 04:30:12','2026-06-03 04:30:12',6,'scheduled',NULL,NULL),(66,'2025-09-20','10:30-12:00',6,1,'2026-06-03 04:30:12','2026-06-03 04:30:12',6,'scheduled',NULL,NULL),(67,'2025-09-26','10:30-12:00',6,1,'2026-06-03 04:30:12','2026-06-03 04:30:12',6,'scheduled',NULL,NULL),(68,'2025-10-01','10:30-12:00',6,1,'2026-06-03 04:30:12','2026-06-03 04:30:12',6,'scheduled',NULL,NULL),(69,'2025-10-05','10:30-12:00',6,1,'2026-06-03 04:30:12','2026-06-03 04:30:12',6,'scheduled',NULL,NULL),(70,'2025-10-12','10:30-12:00',6,1,'2026-06-03 04:30:12','2026-06-03 04:30:12',6,'scheduled',NULL,NULL),(71,'2025-10-16','10:30-12:00',6,1,'2026-06-03 04:30:12','2026-06-03 04:30:12',6,'scheduled',NULL,NULL),(72,'2025-10-21','10:30-12:00',6,1,'2026-06-03 04:30:12','2026-06-03 04:30:12',6,'scheduled',NULL,NULL),(73,'2025-10-24','10:30-12:00',6,1,'2026-06-03 04:30:12','2026-06-03 04:30:12',6,'scheduled',NULL,NULL),(74,'2025-10-31','10:30-12:00',6,1,'2026-06-03 04:30:12','2026-06-03 04:30:12',6,'scheduled',NULL,NULL),(75,'2025-11-07','10:30-12:00',6,1,'2026-06-03 04:30:12','2026-06-03 04:30:12',6,'scheduled',NULL,NULL),(76,'2025-11-12','10:30-12:00',6,1,'2026-06-03 04:30:12','2026-06-03 04:30:12',6,'scheduled',NULL,NULL),(77,'2025-11-17','10:30-12:00',6,1,'2026-06-03 04:30:12','2026-06-03 04:30:12',6,'scheduled',NULL,NULL),(78,'2025-11-23','10:30-12:00',6,1,'2026-06-03 04:30:12','2026-06-03 04:30:12',6,'scheduled',NULL,NULL),(79,'2025-11-30','10:30-12:00',6,1,'2026-06-03 04:30:12','2026-06-03 04:30:12',6,'scheduled',NULL,NULL),(80,'2026-04-17','14:30-16:00',9,1,'2026-06-03 04:30:12','2026-06-03 04:30:12',7,'scheduled',NULL,NULL),(81,'2026-04-22','14:30-16:00',9,1,'2026-06-03 04:30:12','2026-06-03 04:30:12',7,'scheduled',NULL,NULL),(82,'2026-04-28','14:30-16:00',9,1,'2026-06-03 04:30:12','2026-06-03 04:30:12',7,'scheduled',NULL,NULL),(83,'2026-05-03','14:30-16:00',9,1,'2026-06-03 04:30:12','2026-06-03 04:30:12',7,'scheduled',NULL,NULL),(84,'2026-05-10','14:30-16:00',9,1,'2026-06-03 04:30:12','2026-06-03 04:30:12',7,'scheduled',NULL,NULL),(85,'2026-05-16','14:30-16:00',9,1,'2026-06-03 04:30:12','2026-06-03 04:30:12',7,'scheduled',NULL,NULL),(86,'2026-05-22','14:30-16:00',9,1,'2026-06-03 04:30:12','2026-06-03 04:30:12',7,'scheduled',NULL,NULL),(87,'2025-08-30','09:00-10:30',9,1,'2026-06-03 04:30:12','2026-06-03 04:30:12',9,'scheduled',NULL,NULL),(88,'2025-09-05','09:00-10:30',9,1,'2026-06-03 04:30:12','2026-06-03 04:30:12',9,'scheduled',NULL,NULL),(89,'2025-09-09','09:00-10:30',9,1,'2026-06-03 04:30:12','2026-06-03 04:30:12',9,'scheduled',NULL,NULL),(90,'2025-09-12','09:00-10:30',9,1,'2026-06-03 04:30:12','2026-06-03 04:30:12',9,'scheduled',NULL,NULL),(91,'2025-09-18','09:00-10:30',9,1,'2026-06-03 04:30:12','2026-06-03 04:30:12',9,'scheduled',NULL,NULL),(92,'2025-09-24','09:00-10:30',9,1,'2026-06-03 04:30:12','2026-06-03 04:30:12',9,'scheduled',NULL,NULL),(93,'2025-09-30','09:00-10:30',9,1,'2026-06-03 04:30:12','2026-06-03 04:30:12',9,'scheduled',NULL,NULL),(94,'2025-10-04','09:00-10:30',9,1,'2026-06-03 04:30:12','2026-06-03 04:30:12',9,'scheduled',NULL,NULL),(95,'2025-10-07','09:00-10:30',9,1,'2026-06-03 04:30:12','2026-06-03 04:30:12',9,'scheduled',NULL,NULL),(96,'2025-10-11','09:00-10:30',9,1,'2026-06-03 04:30:12','2026-06-03 04:30:12',9,'scheduled',NULL,NULL),(97,'2025-10-18','09:00-10:30',9,1,'2026-06-03 04:30:12','2026-06-03 04:30:12',9,'scheduled',NULL,NULL),(98,'2025-10-25','09:00-10:30',9,1,'2026-06-03 04:30:12','2026-06-03 04:30:12',9,'scheduled',NULL,NULL),(99,'2025-10-28','09:00-10:30',9,1,'2026-06-03 04:30:12','2026-06-03 04:30:12',9,'scheduled',NULL,NULL),(100,'2025-10-31','09:00-10:30',9,1,'2026-06-03 04:30:12','2026-06-03 04:30:12',9,'scheduled',NULL,NULL),(101,'2025-11-07','09:00-10:30',9,1,'2026-06-03 04:30:12','2026-06-03 04:30:12',9,'scheduled',NULL,NULL),(102,'2025-11-11','09:00-10:30',9,1,'2026-06-03 04:30:12','2026-06-03 04:30:12',9,'scheduled',NULL,NULL),(103,'2025-11-16','09:00-10:30',9,1,'2026-06-03 04:30:12','2026-06-03 04:30:12',9,'scheduled',NULL,NULL),(104,'2025-11-20','09:00-10:30',9,1,'2026-06-03 04:30:12','2026-06-03 04:30:12',9,'scheduled',NULL,NULL),(105,'2025-11-27','09:00-10:30',9,1,'2026-06-03 04:30:12','2026-06-03 04:30:12',9,'scheduled',NULL,NULL),(106,'2025-12-04','09:00-10:30',9,1,'2026-06-03 04:30:12','2026-06-03 04:30:12',9,'scheduled',NULL,NULL),(107,'2025-12-08','09:00-10:30',9,1,'2026-06-03 04:30:12','2026-06-03 04:30:12',9,'scheduled',NULL,NULL),(108,'2025-12-12','09:00-10:30',9,1,'2026-06-03 04:30:12','2026-06-03 04:30:12',9,'scheduled',NULL,NULL),(109,'2025-12-18','09:00-10:30',9,1,'2026-06-03 04:30:12','2026-06-03 04:30:12',9,'scheduled',NULL,NULL),(110,'2025-12-25','09:00-10:30',9,1,'2026-06-03 04:30:12','2026-06-03 04:30:12',9,'scheduled',NULL,NULL),(111,'2025-09-20','09:00-10:30',6,1,'2026-06-03 04:30:12','2026-06-03 04:30:12',10,'scheduled',NULL,NULL),(112,'2025-09-27','09:00-10:30',6,1,'2026-06-03 04:30:12','2026-06-03 04:30:12',10,'scheduled',NULL,NULL),(113,'2025-10-04','09:00-10:30',6,1,'2026-06-03 04:30:12','2026-06-03 04:30:12',10,'scheduled',NULL,NULL),(114,'2025-10-10','09:00-10:30',6,1,'2026-06-03 04:30:12','2026-06-03 04:30:12',10,'scheduled',NULL,NULL),(115,'2025-10-17','09:00-10:30',6,1,'2026-06-03 04:30:12','2026-06-03 04:30:12',10,'scheduled',NULL,NULL),(116,'2025-10-24','09:00-10:30',6,1,'2026-06-03 04:30:12','2026-06-03 04:30:12',10,'scheduled',NULL,NULL),(117,'2025-10-31','09:00-10:30',6,1,'2026-06-03 04:30:12','2026-06-03 04:30:12',10,'scheduled',NULL,NULL),(118,'2025-11-03','09:00-10:30',6,1,'2026-06-03 04:30:12','2026-06-03 04:30:12',10,'scheduled',NULL,NULL),(119,'2025-11-10','09:00-10:30',6,1,'2026-06-03 04:30:12','2026-06-03 04:30:12',10,'scheduled',NULL,NULL),(120,'2025-11-17','09:00-10:30',6,1,'2026-06-03 04:30:12','2026-06-03 04:30:12',10,'scheduled',NULL,NULL),(121,'2025-11-22','09:00-10:30',6,1,'2026-06-03 04:30:12','2026-06-03 04:30:12',10,'scheduled',NULL,NULL),(122,'2025-11-27','09:00-10:30',6,1,'2026-06-03 04:30:12','2026-06-03 04:30:12',10,'scheduled',NULL,NULL),(123,'2025-12-03','09:00-10:30',6,1,'2026-06-03 04:30:12','2026-06-03 04:30:12',10,'scheduled',NULL,NULL),(124,'2025-12-08','09:00-10:30',6,1,'2026-06-03 04:30:12','2026-06-03 04:30:12',10,'scheduled',NULL,NULL),(125,'2025-12-11','09:00-10:30',6,1,'2026-06-03 04:30:12','2026-06-03 04:30:12',10,'scheduled',NULL,NULL),(126,'2025-12-15','09:00-10:30',6,1,'2026-06-03 04:30:12','2026-06-03 04:30:12',10,'scheduled',NULL,NULL),(127,'2025-12-18','09:00-10:30',6,1,'2026-06-03 04:30:12','2026-06-03 04:30:12',10,'scheduled',NULL,NULL),(128,'2025-12-23','09:00-10:30',6,1,'2026-06-03 04:30:12','2026-06-03 04:30:12',10,'scheduled',NULL,NULL),(129,'2025-12-27','09:00-10:30',6,1,'2026-06-03 04:30:12','2026-06-03 04:30:12',10,'scheduled',NULL,NULL),(130,'2026-01-02','09:00-10:30',6,1,'2026-06-03 04:30:12','2026-06-03 04:30:12',10,'scheduled',NULL,NULL),(131,'2026-01-06','09:00-10:30',6,1,'2026-06-03 04:30:12','2026-06-03 04:30:12',10,'scheduled',NULL,NULL),(132,'2026-01-11','09:00-10:30',6,1,'2026-06-03 04:30:12','2026-06-03 04:30:12',10,'scheduled',NULL,NULL),(133,'2026-01-18','09:00-10:30',6,1,'2026-06-03 04:30:12','2026-06-03 04:30:12',10,'scheduled',NULL,NULL),(134,'2026-01-25','09:00-10:30',6,1,'2026-06-03 04:30:12','2026-06-03 04:30:12',10,'scheduled',NULL,NULL),(135,'2026-02-01','09:00-10:30',6,1,'2026-06-03 04:30:12','2026-06-03 04:30:12',10,'scheduled',NULL,NULL),(136,'2026-02-07','09:00-10:30',6,1,'2026-06-03 04:30:12','2026-06-03 04:30:12',10,'scheduled',NULL,NULL),(137,'2026-02-12','09:00-10:30',6,1,'2026-06-03 04:30:12','2026-06-03 04:30:12',10,'scheduled',NULL,NULL),(138,'2026-02-19','09:00-10:30',6,1,'2026-06-03 04:30:12','2026-06-03 04:30:12',10,'scheduled',NULL,NULL),(139,'2026-02-24','09:00-10:30',6,1,'2026-06-03 04:30:12','2026-06-03 04:30:12',10,'scheduled',NULL,NULL),(140,'2026-02-27','09:00-10:30',6,1,'2026-06-03 04:30:12','2026-06-03 04:30:12',10,'scheduled',NULL,NULL),(141,'2026-03-02','09:00-10:30',6,1,'2026-06-03 04:30:12','2026-06-03 04:30:12',10,'scheduled',NULL,NULL),(142,'2026-03-06','09:00-10:30',6,1,'2026-06-03 04:30:12','2026-06-03 04:30:12',10,'scheduled',NULL,NULL),(143,'2026-03-10','09:00-10:30',6,1,'2026-06-03 04:30:12','2026-06-03 04:30:12',10,'scheduled',NULL,NULL),(144,'2026-03-13','09:00-10:30',6,1,'2026-06-03 04:30:12','2026-06-03 04:30:12',10,'scheduled',NULL,NULL),(145,'2026-03-16','09:00-10:30',6,1,'2026-06-03 04:30:12','2026-06-03 04:30:12',10,'scheduled',NULL,NULL),(146,'2026-02-05','09:00-10:30',7,1,'2026-06-03 04:30:12','2026-06-03 04:30:12',11,'scheduled',NULL,NULL),(147,'2026-02-28','14:30-16:00',6,1,'2026-06-03 04:30:12','2026-06-03 04:30:12',12,'scheduled',NULL,NULL),(148,'2026-03-07','14:30-16:00',6,1,'2026-06-03 04:30:12','2026-06-03 04:30:12',12,'scheduled',NULL,NULL),(149,'2026-03-10','14:30-16:00',6,1,'2026-06-03 04:30:12','2026-06-03 04:30:12',12,'scheduled',NULL,NULL),(150,'2026-03-15','14:30-16:00',6,1,'2026-06-03 04:30:12','2026-06-03 04:30:12',12,'scheduled',NULL,NULL),(151,'2026-03-21','14:30-16:00',6,1,'2026-06-03 04:30:12','2026-06-03 04:30:12',12,'scheduled',NULL,NULL),(152,'2026-03-26','14:30-16:00',6,1,'2026-06-03 04:30:12','2026-06-03 04:30:12',12,'scheduled',NULL,NULL),(153,'2026-03-30','14:30-16:00',6,1,'2026-06-03 04:30:12','2026-06-03 04:30:12',12,'scheduled',NULL,NULL),(154,'2026-04-06','14:30-16:00',6,1,'2026-06-03 04:30:12','2026-06-03 04:30:12',12,'scheduled',NULL,NULL),(155,'2026-04-11','14:30-16:00',6,1,'2026-06-03 04:30:12','2026-06-03 04:30:12',12,'scheduled',NULL,NULL),(156,'2026-04-14','14:30-16:00',6,1,'2026-06-03 04:30:12','2026-06-03 04:30:12',12,'scheduled',NULL,NULL),(157,'2026-04-17','14:30-16:00',6,1,'2026-06-03 04:30:12','2026-06-03 04:30:12',12,'scheduled',NULL,NULL),(158,'2026-04-21','14:30-16:00',6,1,'2026-06-03 04:30:12','2026-06-03 04:30:12',12,'scheduled',NULL,NULL),(159,'2026-04-24','14:30-16:00',6,1,'2026-06-03 04:30:12','2026-06-03 04:30:12',12,'scheduled',NULL,NULL),(160,'2026-03-06','09:00-10:30',9,1,'2026-06-03 04:30:12','2026-06-03 04:30:12',13,'scheduled',NULL,NULL),(161,'2026-03-12','09:00-10:30',9,1,'2026-06-03 04:30:12','2026-06-03 04:30:12',13,'scheduled',NULL,NULL),(162,'2026-03-16','09:00-10:30',9,1,'2026-06-03 04:30:12','2026-06-03 04:30:12',13,'scheduled',NULL,NULL),(163,'2026-03-23','09:00-10:30',9,1,'2026-06-03 04:30:12','2026-06-03 04:30:12',13,'scheduled',NULL,NULL),(164,'2026-03-30','09:00-10:30',9,1,'2026-06-03 04:30:12','2026-06-03 04:30:12',13,'scheduled',NULL,NULL),(165,'2026-04-02','09:00-10:30',9,1,'2026-06-03 04:30:12','2026-06-03 04:30:12',13,'scheduled',NULL,NULL),(166,'2026-04-07','09:00-10:30',9,1,'2026-06-03 04:30:12','2026-06-03 04:30:12',13,'scheduled',NULL,NULL),(167,'2026-04-11','09:00-10:30',9,1,'2026-06-03 04:30:12','2026-06-03 04:30:12',13,'scheduled',NULL,NULL),(168,'2026-04-18','09:00-10:30',9,1,'2026-06-03 04:30:12','2026-06-03 04:30:12',13,'scheduled',NULL,NULL),(169,'2026-04-25','09:00-10:30',9,1,'2026-06-03 04:30:12','2026-06-03 04:30:12',13,'scheduled',NULL,NULL),(170,'2026-02-13','09:00-10:30',5,1,'2026-06-03 04:30:12','2026-06-03 04:30:12',17,'scheduled',NULL,NULL),(171,'2026-02-20','09:00-10:30',5,1,'2026-06-03 04:30:12','2026-06-03 04:30:12',17,'scheduled',NULL,NULL),(172,'2026-02-24','09:00-10:30',5,1,'2026-06-03 04:30:12','2026-06-03 04:30:12',17,'scheduled',NULL,NULL),(173,'2026-03-02','09:00-10:30',5,1,'2026-06-03 04:30:12','2026-06-03 04:30:12',17,'scheduled',NULL,NULL),(174,'2025-11-14','13:00-14:30',9,1,'2026-06-03 04:30:12','2026-06-03 04:30:12',18,'scheduled',NULL,NULL),(175,'2025-11-18','13:00-14:30',9,1,'2026-06-03 04:30:12','2026-06-03 04:30:12',18,'scheduled',NULL,NULL),(176,'2025-11-23','13:00-14:30',9,1,'2026-06-03 04:30:12','2026-06-03 04:30:12',18,'scheduled',NULL,NULL),(177,'2025-11-29','13:00-14:30',9,1,'2026-06-03 04:30:12','2026-06-03 04:30:12',18,'scheduled',NULL,NULL),(178,'2025-12-06','13:00-14:30',9,1,'2026-06-03 04:30:12','2026-06-03 04:30:12',18,'scheduled',NULL,NULL),(179,'2025-12-11','13:00-14:30',9,1,'2026-06-03 04:30:12','2026-06-03 04:30:12',18,'scheduled',NULL,NULL),(180,'2025-12-18','13:00-14:30',9,1,'2026-06-03 04:30:12','2026-06-03 04:30:12',18,'scheduled',NULL,NULL),(181,'2025-12-22','13:00-14:30',9,1,'2026-06-03 04:30:12','2026-06-03 04:30:12',18,'scheduled',NULL,NULL),(182,'2025-12-28','13:00-14:30',9,1,'2026-06-03 04:30:12','2026-06-03 04:30:12',18,'scheduled',NULL,NULL),(183,'2026-01-03','13:00-14:30',9,1,'2026-06-03 04:30:12','2026-06-03 04:30:12',18,'scheduled',NULL,NULL),(184,'2026-01-08','13:00-14:30',9,1,'2026-06-03 04:30:12','2026-06-03 04:30:12',18,'scheduled',NULL,NULL),(185,'2026-01-14','13:00-14:30',9,1,'2026-06-03 04:30:12','2026-06-03 04:30:12',18,'scheduled',NULL,NULL),(186,'2026-03-02','13:00-14:30',5,1,'2026-06-03 04:30:12','2026-06-03 04:30:12',19,'scheduled',NULL,NULL),(187,'2026-03-09','13:00-14:30',5,1,'2026-06-03 04:30:12','2026-06-03 04:30:12',19,'scheduled',NULL,NULL),(188,'2026-03-12','13:00-14:30',5,1,'2026-06-03 04:30:12','2026-06-03 04:30:12',19,'scheduled',NULL,NULL),(189,'2026-03-16','13:00-14:30',5,1,'2026-06-03 04:30:12','2026-06-03 04:30:12',19,'scheduled',NULL,NULL),(190,'2025-10-14','14:30-16:00',7,1,'2026-06-03 04:30:12','2026-06-03 04:30:12',20,'scheduled',NULL,NULL),(191,'2025-10-18','14:30-16:00',7,1,'2026-06-03 04:30:12','2026-06-03 04:30:12',20,'scheduled',NULL,NULL),(192,'2025-10-24','14:30-16:00',7,1,'2026-06-03 04:30:12','2026-06-03 04:30:12',20,'scheduled',NULL,NULL),(193,'2025-11-10','10:30-12:00',9,1,'2026-06-03 04:30:12','2026-06-03 04:30:12',21,'scheduled',NULL,NULL),(194,'2025-11-14','10:30-12:00',9,1,'2026-06-03 04:30:12','2026-06-03 04:30:12',21,'scheduled',NULL,NULL),(195,'2025-11-21','10:30-12:00',9,1,'2026-06-03 04:30:12','2026-06-03 04:30:12',21,'scheduled',NULL,NULL),(196,'2025-11-27','10:30-12:00',9,1,'2026-06-03 04:30:12','2026-06-03 04:30:12',21,'scheduled',NULL,NULL),(197,'2025-12-03','10:30-12:00',9,1,'2026-06-03 04:30:12','2026-06-03 04:30:12',21,'scheduled',NULL,NULL),(198,'2025-12-06','10:30-12:00',9,1,'2026-06-03 04:30:12','2026-06-03 04:30:12',21,'scheduled',NULL,NULL),(199,'2025-12-10','10:30-12:00',9,1,'2026-06-03 04:30:12','2026-06-03 04:30:12',21,'scheduled',NULL,NULL),(200,'2025-12-14','10:30-12:00',9,1,'2026-06-03 04:30:12','2026-06-03 04:30:12',21,'scheduled',NULL,NULL),(201,'2025-12-18','10:30-12:00',9,1,'2026-06-03 04:30:12','2026-06-03 04:30:12',21,'scheduled',NULL,NULL),(202,'2025-12-25','10:30-12:00',9,1,'2026-06-03 04:30:12','2026-06-03 04:30:12',21,'scheduled',NULL,NULL),(203,'2026-01-28','10:30-12:00',5,1,'2026-06-03 04:30:12','2026-06-03 04:30:12',22,'scheduled',NULL,NULL),(204,'2026-01-31','10:30-12:00',5,1,'2026-06-03 04:30:12','2026-06-03 04:30:12',22,'scheduled',NULL,NULL),(205,'2026-02-06','10:30-12:00',5,1,'2026-06-03 04:30:12','2026-06-03 04:30:12',22,'scheduled',NULL,NULL),(206,'2026-02-12','10:30-12:00',5,1,'2026-06-03 04:30:12','2026-06-03 04:30:12',22,'scheduled',NULL,NULL),(207,'2026-02-15','10:30-12:00',5,1,'2026-06-03 04:30:12','2026-06-03 04:30:12',22,'scheduled',NULL,NULL),(208,'2026-02-19','10:30-12:00',5,1,'2026-06-03 04:30:12','2026-06-03 04:30:12',22,'scheduled',NULL,NULL),(209,'2026-02-22','10:30-12:00',5,1,'2026-06-03 04:30:12','2026-06-03 04:30:12',22,'scheduled',NULL,NULL),(210,'2026-02-26','10:30-12:00',5,1,'2026-06-03 04:30:12','2026-06-03 04:30:12',22,'scheduled',NULL,NULL),(211,'2026-03-05','10:30-12:00',5,1,'2026-06-03 04:30:12','2026-06-03 04:30:12',22,'scheduled',NULL,NULL),(212,'2026-03-09','10:30-12:00',5,1,'2026-06-03 04:30:12','2026-06-03 04:30:12',22,'scheduled',NULL,NULL),(213,'2026-03-14','10:30-12:00',5,1,'2026-06-03 04:30:12','2026-06-03 04:30:12',22,'scheduled',NULL,NULL),(214,'2026-03-21','10:30-12:00',5,1,'2026-06-03 04:30:12','2026-06-03 04:30:12',22,'scheduled',NULL,NULL),(215,'2026-03-27','10:30-12:00',5,1,'2026-06-03 04:30:12','2026-06-03 04:30:12',22,'scheduled',NULL,NULL),(216,'2026-04-03','10:30-12:00',5,1,'2026-06-03 04:30:12','2026-06-03 04:30:12',22,'scheduled',NULL,NULL),(217,'2026-04-09','10:30-12:00',5,1,'2026-06-03 04:30:12','2026-06-03 04:30:12',22,'scheduled',NULL,NULL),(218,'2026-04-16','10:30-12:00',5,1,'2026-06-03 04:30:12','2026-06-03 04:30:12',22,'scheduled',NULL,NULL),(219,'2026-04-19','10:30-12:00',5,1,'2026-06-03 04:30:12','2026-06-03 04:30:12',22,'scheduled',NULL,NULL),(220,'2026-04-23','10:30-12:00',5,1,'2026-06-03 04:30:12','2026-06-03 04:30:12',22,'scheduled',NULL,NULL),(221,'2026-04-30','10:30-12:00',5,1,'2026-06-03 04:30:12','2026-06-03 04:30:12',22,'scheduled',NULL,NULL),(222,'2026-05-03','10:30-12:00',5,1,'2026-06-03 04:30:12','2026-06-03 04:30:12',22,'scheduled',NULL,NULL),(223,'2026-05-10','10:30-12:00',5,1,'2026-06-03 04:30:12','2026-06-03 04:30:12',22,'scheduled',NULL,NULL),(224,'2026-05-16','10:30-12:00',5,1,'2026-06-03 04:30:12','2026-06-03 04:30:12',22,'scheduled',NULL,NULL),(225,'2026-05-19','10:30-12:00',5,1,'2026-06-03 04:30:12','2026-06-03 04:30:12',22,'scheduled',NULL,NULL),(226,'2026-05-24','10:30-12:00',5,1,'2026-06-03 04:30:12','2026-06-03 04:30:12',22,'scheduled',NULL,NULL),(227,'2026-05-30','10:30-12:00',5,1,'2026-06-03 04:30:12','2026-06-03 04:30:12',22,'scheduled',NULL,NULL),(228,'2026-04-28','10:30-12:00',6,1,'2026-06-03 04:30:12','2026-06-03 04:30:12',23,'scheduled',NULL,NULL),(229,'2026-05-04','10:30-12:00',6,1,'2026-06-03 04:30:12','2026-06-03 04:30:12',23,'scheduled',NULL,NULL),(230,'2026-05-10','10:30-12:00',6,1,'2026-06-03 04:30:12','2026-06-03 04:30:12',23,'scheduled',NULL,NULL),(231,'2026-05-14','10:30-12:00',6,1,'2026-06-03 04:30:12','2026-06-03 04:30:12',23,'scheduled',NULL,NULL),(232,'2026-05-17','10:30-12:00',6,1,'2026-06-03 04:30:12','2026-06-03 04:30:12',23,'scheduled',NULL,NULL),(233,'2026-05-23','10:30-12:00',6,1,'2026-06-03 04:30:12','2026-06-03 04:30:12',23,'scheduled',NULL,NULL),(234,'2026-05-29','10:30-12:00',6,1,'2026-06-03 04:30:12','2026-06-03 04:30:12',23,'scheduled',NULL,NULL),(235,'2025-11-17','13:00-14:30',6,1,'2026-06-03 04:30:12','2026-06-03 04:30:12',24,'scheduled',NULL,NULL),(236,'2025-11-24','13:00-14:30',6,1,'2026-06-03 04:30:12','2026-06-03 04:30:12',24,'scheduled',NULL,NULL),(237,'2025-11-27','13:00-14:30',6,1,'2026-06-03 04:30:12','2026-06-03 04:30:12',24,'scheduled',NULL,NULL),(238,'2025-12-04','13:00-14:30',6,1,'2026-06-03 04:30:12','2026-06-03 04:30:12',24,'scheduled',NULL,NULL),(239,'2025-12-07','13:00-14:30',6,1,'2026-06-03 04:30:12','2026-06-03 04:30:12',24,'scheduled',NULL,NULL),(240,'2025-12-12','13:00-14:30',6,1,'2026-06-03 04:30:12','2026-06-03 04:30:12',24,'scheduled',NULL,NULL),(241,'2025-12-15','13:00-14:30',6,1,'2026-06-03 04:30:12','2026-06-03 04:30:12',24,'scheduled',NULL,NULL),(242,'2025-12-19','13:00-14:30',6,1,'2026-06-03 04:30:12','2026-06-03 04:30:12',24,'scheduled',NULL,NULL),(243,'2025-12-26','13:00-14:30',6,1,'2026-06-03 04:30:12','2026-06-03 04:30:12',24,'scheduled',NULL,NULL),(244,'2025-09-17','14:30-16:00',5,1,'2026-06-03 04:30:12','2026-06-03 04:30:12',25,'scheduled',NULL,NULL),(245,'2025-09-20','14:30-16:00',5,1,'2026-06-03 04:30:12','2026-06-03 04:30:12',25,'scheduled',NULL,NULL),(246,'2025-09-23','14:30-16:00',5,1,'2026-06-03 04:30:12','2026-06-03 04:30:12',25,'scheduled',NULL,NULL),(247,'2025-09-29','14:30-16:00',5,1,'2026-06-03 04:30:12','2026-06-03 04:30:12',25,'scheduled',NULL,NULL),(248,'2025-10-06','14:30-16:00',5,1,'2026-06-03 04:30:12','2026-06-03 04:30:12',25,'scheduled',NULL,NULL),(249,'2025-10-10','14:30-16:00',5,1,'2026-06-03 04:30:12','2026-06-03 04:30:12',25,'scheduled',NULL,NULL),(250,'2025-10-16','14:30-16:00',5,1,'2026-06-03 04:30:12','2026-06-03 04:30:12',25,'scheduled',NULL,NULL),(251,'2025-10-23','14:30-16:00',5,1,'2026-06-03 04:30:12','2026-06-03 04:30:12',25,'scheduled',NULL,NULL),(252,'2025-10-29','14:30-16:00',5,1,'2026-06-03 04:30:12','2026-06-03 04:30:12',25,'scheduled',NULL,NULL),(253,'2025-11-04','14:30-16:00',5,1,'2026-06-03 04:30:12','2026-06-03 04:30:12',25,'scheduled',NULL,NULL),(254,'2025-11-08','14:30-16:00',5,1,'2026-06-03 04:30:12','2026-06-03 04:30:12',25,'scheduled',NULL,NULL),(255,'2025-11-15','14:30-16:00',5,1,'2026-06-03 04:30:12','2026-06-03 04:30:12',25,'scheduled',NULL,NULL),(256,'2025-11-20','14:30-16:00',5,1,'2026-06-03 04:30:12','2026-06-03 04:30:12',25,'scheduled',NULL,NULL),(257,'2025-11-24','14:30-16:00',5,1,'2026-06-03 04:30:12','2026-06-03 04:30:12',25,'scheduled',NULL,NULL),(258,'2025-11-27','14:30-16:00',5,1,'2026-06-03 04:30:12','2026-06-03 04:30:12',25,'scheduled',NULL,NULL),(259,'2025-12-03','14:30-16:00',5,1,'2026-06-03 04:30:12','2026-06-03 04:30:12',25,'scheduled',NULL,NULL),(260,'2025-12-06','14:30-16:00',5,1,'2026-06-03 04:30:12','2026-06-03 04:30:12',25,'scheduled',NULL,NULL),(261,'2025-12-09','14:30-16:00',5,1,'2026-06-03 04:30:12','2026-06-03 04:30:12',25,'scheduled',NULL,NULL),(262,'2025-12-16','14:30-16:00',5,1,'2026-06-03 04:30:12','2026-06-03 04:30:12',25,'scheduled',NULL,NULL),(263,'2025-09-15','09:00-10:30',9,1,'2026-06-03 04:30:12','2026-06-03 04:30:12',26,'scheduled',NULL,NULL),(264,'2025-09-18','09:00-10:30',9,1,'2026-06-03 04:30:12','2026-06-03 04:30:12',26,'scheduled',NULL,NULL),(265,'2025-09-23','09:00-10:30',9,1,'2026-06-03 04:30:12','2026-06-03 04:30:12',26,'scheduled',NULL,NULL),(266,'2025-09-30','09:00-10:30',9,1,'2026-06-03 04:30:12','2026-06-03 04:30:12',26,'scheduled',NULL,NULL),(267,'2025-10-03','09:00-10:30',9,1,'2026-06-03 04:30:12','2026-06-03 04:30:12',26,'scheduled',NULL,NULL),(268,'2025-10-08','09:00-10:30',9,1,'2026-06-03 04:30:12','2026-06-03 04:30:12',26,'scheduled',NULL,NULL),(269,'2025-10-11','09:00-10:30',9,1,'2026-06-03 04:30:12','2026-06-03 04:30:12',26,'scheduled',NULL,NULL),(270,'2025-10-16','09:00-10:30',9,1,'2026-06-03 04:30:12','2026-06-03 04:30:12',26,'scheduled',NULL,NULL),(271,'2025-10-23','09:00-10:30',9,1,'2026-06-03 04:30:12','2026-06-03 04:30:12',26,'scheduled',NULL,NULL),(272,'2025-10-30','09:00-10:30',9,1,'2026-06-03 04:30:12','2026-06-03 04:30:12',26,'scheduled',NULL,NULL),(273,'2026-01-30','09:00-10:30',5,1,'2026-06-03 04:30:12','2026-06-03 04:30:12',28,'scheduled',NULL,NULL),(274,'2026-02-06','09:00-10:30',5,1,'2026-06-03 04:30:12','2026-06-03 04:30:12',28,'scheduled',NULL,NULL),(275,'2026-02-09','09:00-10:30',5,1,'2026-06-03 04:30:12','2026-06-03 04:30:12',28,'scheduled',NULL,NULL),(276,'2026-05-08','16:00-17:30',7,1,'2026-06-03 04:30:12','2026-06-03 04:30:12',30,'scheduled',NULL,NULL),(277,'2026-05-13','16:00-17:30',7,1,'2026-06-03 04:30:12','2026-06-03 04:30:12',30,'scheduled',NULL,NULL),(278,'2026-05-19','16:00-17:30',7,1,'2026-06-03 04:30:12','2026-06-03 04:30:12',30,'scheduled',NULL,NULL),(279,'2026-05-24','16:00-17:30',7,1,'2026-06-03 04:30:12','2026-06-03 04:30:12',30,'scheduled',NULL,NULL),(280,'2026-05-31','16:00-17:30',7,1,'2026-06-03 04:30:12','2026-06-03 04:30:12',30,'scheduled',NULL,NULL),(281,'2026-02-24','09:00-10:30',6,1,'2026-06-03 04:30:12','2026-06-03 04:30:12',31,'scheduled',NULL,NULL),(282,'2026-02-28','09:00-10:30',6,1,'2026-06-03 04:30:12','2026-06-03 04:30:12',31,'scheduled',NULL,NULL),(283,'2026-03-05','09:00-10:30',6,1,'2026-06-03 04:30:12','2026-06-03 04:30:12',31,'scheduled',NULL,NULL),(284,'2026-03-10','09:00-10:30',6,1,'2026-06-03 04:30:12','2026-06-03 04:30:12',31,'scheduled',NULL,NULL),(285,'2026-03-17','09:00-10:30',6,1,'2026-06-03 04:30:12','2026-06-03 04:30:12',31,'scheduled',NULL,NULL),(286,'2026-03-23','09:00-10:30',6,1,'2026-06-03 04:30:12','2026-06-03 04:30:12',31,'scheduled',NULL,NULL),(287,'2026-03-28','09:00-10:30',6,1,'2026-06-03 04:30:12','2026-06-03 04:30:12',31,'scheduled',NULL,NULL),(288,'2026-04-04','09:00-10:30',6,1,'2026-06-03 04:30:12','2026-06-03 04:30:12',31,'scheduled',NULL,NULL),(289,'2026-04-10','09:00-10:30',6,1,'2026-06-03 04:30:12','2026-06-03 04:30:12',31,'scheduled',NULL,NULL),(290,'2026-04-16','09:00-10:30',6,1,'2026-06-03 04:30:12','2026-06-03 04:30:12',31,'scheduled',NULL,NULL),(291,'2026-04-19','09:00-10:30',6,1,'2026-06-03 04:30:12','2026-06-03 04:30:12',31,'scheduled',NULL,NULL),(292,'2026-04-23','09:00-10:30',6,1,'2026-06-03 04:30:12','2026-06-03 04:30:12',31,'scheduled',NULL,NULL),(293,'2025-12-10','16:00-17:30',9,1,'2026-06-03 04:30:12','2026-06-03 04:30:12',32,'scheduled',NULL,NULL),(294,'2025-12-16','16:00-17:30',9,1,'2026-06-03 04:30:12','2026-06-03 04:30:12',32,'scheduled',NULL,NULL),(295,'2025-12-20','16:00-17:30',9,1,'2026-06-03 04:30:12','2026-06-03 04:30:12',32,'scheduled',NULL,NULL),(296,'2025-12-23','16:00-17:30',9,1,'2026-06-03 04:30:12','2026-06-03 04:30:12',32,'scheduled',NULL,NULL),(297,'2025-12-30','16:00-17:30',9,1,'2026-06-03 04:30:12','2026-06-03 04:30:12',32,'scheduled',NULL,NULL),(298,'2026-01-05','16:00-17:30',9,1,'2026-06-03 04:30:12','2026-06-03 04:30:12',32,'scheduled',NULL,NULL),(299,'2026-01-09','16:00-17:30',9,1,'2026-06-03 04:30:12','2026-06-03 04:30:12',32,'scheduled',NULL,NULL),(300,'2026-01-15','16:00-17:30',9,1,'2026-06-03 04:30:12','2026-06-03 04:30:12',32,'scheduled',NULL,NULL),(301,'2026-01-22','16:00-17:30',9,1,'2026-06-03 04:30:12','2026-06-03 04:30:12',32,'scheduled',NULL,NULL),(302,'2026-01-28','16:00-17:30',9,1,'2026-06-03 04:30:12','2026-06-03 04:30:12',32,'scheduled',NULL,NULL),(303,'2026-02-01','16:00-17:30',9,1,'2026-06-03 04:30:12','2026-06-03 04:30:12',32,'scheduled',NULL,NULL),(304,'2026-02-07','16:00-17:30',9,1,'2026-06-03 04:30:12','2026-06-03 04:30:12',32,'scheduled',NULL,NULL),(305,'2026-02-14','16:00-17:30',9,1,'2026-06-03 04:30:12','2026-06-03 04:30:12',32,'scheduled',NULL,NULL),(306,'2026-02-20','16:00-17:30',9,1,'2026-06-03 04:30:12','2026-06-03 04:30:12',32,'scheduled',NULL,NULL),(307,'2026-02-24','16:00-17:30',9,1,'2026-06-03 04:30:12','2026-06-03 04:30:12',32,'scheduled',NULL,NULL),(308,'2026-03-02','16:00-17:30',9,1,'2026-06-03 04:30:12','2026-06-03 04:30:12',32,'scheduled',NULL,NULL),(309,'2026-03-06','16:00-17:30',9,1,'2026-06-03 04:30:12','2026-06-03 04:30:12',32,'scheduled',NULL,NULL),(310,'2026-03-13','16:00-17:30',9,1,'2026-06-03 04:30:12','2026-06-03 04:30:12',32,'scheduled',NULL,NULL),(311,'2026-03-18','16:00-17:30',9,1,'2026-06-03 04:30:12','2026-06-03 04:30:12',32,'scheduled',NULL,NULL),(312,'2026-03-25','16:00-17:30',9,1,'2026-06-03 04:30:12','2026-06-03 04:30:12',32,'scheduled',NULL,NULL),(313,'2025-10-07','09:00-10:30',9,1,'2026-06-03 04:30:12','2026-06-03 04:30:12',33,'scheduled',NULL,NULL),(314,'2025-10-13','09:00-10:30',9,1,'2026-06-03 04:30:12','2026-06-03 04:30:12',33,'scheduled',NULL,NULL),(315,'2025-10-19','09:00-10:30',9,1,'2026-06-03 04:30:12','2026-06-03 04:30:12',33,'scheduled',NULL,NULL),(316,'2025-10-23','09:00-10:30',9,1,'2026-06-03 04:30:12','2026-06-03 04:30:12',33,'scheduled',NULL,NULL),(317,'2025-10-26','09:00-10:30',9,1,'2026-06-03 04:30:12','2026-06-03 04:30:12',33,'scheduled',NULL,NULL),(318,'2025-10-29','09:00-10:30',9,1,'2026-06-03 04:30:12','2026-06-03 04:30:12',33,'scheduled',NULL,NULL),(319,'2025-11-02','09:00-10:30',9,1,'2026-06-03 04:30:12','2026-06-03 04:30:12',33,'scheduled',NULL,NULL),(320,'2025-11-08','09:00-10:30',9,1,'2026-06-03 04:30:12','2026-06-03 04:30:12',33,'scheduled',NULL,NULL),(321,'2025-11-12','09:00-10:30',9,1,'2026-06-03 04:30:12','2026-06-03 04:30:12',33,'scheduled',NULL,NULL),(322,'2025-11-15','09:00-10:30',9,1,'2026-06-03 04:30:12','2026-06-03 04:30:12',33,'scheduled',NULL,NULL),(323,'2025-11-19','09:00-10:30',9,1,'2026-06-03 04:30:12','2026-06-03 04:30:12',33,'scheduled',NULL,NULL),(324,'2025-11-24','09:00-10:30',9,1,'2026-06-03 04:30:12','2026-06-03 04:30:12',33,'scheduled',NULL,NULL),(325,'2025-11-29','09:00-10:30',9,1,'2026-06-03 04:30:12','2026-06-03 04:30:12',33,'scheduled',NULL,NULL),(326,'2025-12-04','09:00-10:30',9,1,'2026-06-03 04:30:12','2026-06-03 04:30:12',33,'scheduled',NULL,NULL),(327,'2025-12-08','09:00-10:30',9,1,'2026-06-03 04:30:12','2026-06-03 04:30:12',33,'scheduled',NULL,NULL),(328,'2025-12-13','09:00-10:30',9,1,'2026-06-03 04:30:12','2026-06-03 04:30:12',33,'scheduled',NULL,NULL),(329,'2026-04-07','14:30-16:00',6,1,'2026-06-03 04:30:12','2026-06-03 04:30:12',34,'scheduled',NULL,NULL),(330,'2026-04-14','14:30-16:00',6,1,'2026-06-03 04:30:12','2026-06-03 04:30:12',34,'scheduled',NULL,NULL),(331,'2026-04-19','14:30-16:00',6,1,'2026-06-03 04:30:12','2026-06-03 04:30:12',34,'scheduled',NULL,NULL),(332,'2026-04-23','14:30-16:00',6,1,'2026-06-03 04:30:12','2026-06-03 04:30:12',34,'scheduled',NULL,NULL),(333,'2026-04-30','14:30-16:00',6,1,'2026-06-03 04:30:12','2026-06-03 04:30:12',34,'scheduled',NULL,NULL),(334,'2026-05-04','14:30-16:00',6,1,'2026-06-03 04:30:12','2026-06-03 04:30:12',34,'scheduled',NULL,NULL),(335,'2026-05-09','14:30-16:00',6,1,'2026-06-03 04:30:12','2026-06-03 04:30:12',34,'scheduled',NULL,NULL),(336,'2026-05-15','14:30-16:00',6,1,'2026-06-03 04:30:12','2026-06-03 04:30:12',34,'scheduled',NULL,NULL),(337,'2026-02-27','14:30-16:00',5,1,'2026-06-03 04:30:12','2026-06-03 04:30:12',35,'scheduled',NULL,NULL),(338,'2026-02-14','10:30-12:00',7,1,'2026-06-03 04:30:12','2026-06-03 04:30:12',39,'scheduled',NULL,NULL),(339,'2026-02-17','10:30-12:00',7,1,'2026-06-03 04:30:12','2026-06-03 04:30:12',39,'scheduled',NULL,NULL),(340,'2026-02-20','10:30-12:00',7,1,'2026-06-03 04:30:12','2026-06-03 04:30:12',39,'scheduled',NULL,NULL),(341,'2026-02-24','10:30-12:00',7,1,'2026-06-03 04:30:12','2026-06-03 04:30:12',39,'scheduled',NULL,NULL),(342,'2026-02-28','10:30-12:00',7,1,'2026-06-03 04:30:12','2026-06-03 04:30:12',39,'scheduled',NULL,NULL),(343,'2026-03-06','10:30-12:00',7,1,'2026-06-03 04:30:12','2026-06-03 04:30:12',39,'scheduled',NULL,NULL),(344,'2026-03-12','10:30-12:00',7,1,'2026-06-03 04:30:12','2026-06-03 04:30:12',39,'scheduled',NULL,NULL),(345,'2026-03-16','10:30-12:00',7,1,'2026-06-03 04:30:12','2026-06-03 04:30:12',39,'scheduled',NULL,NULL),(346,'2026-03-21','10:30-12:00',7,1,'2026-06-03 04:30:12','2026-06-03 04:30:12',39,'scheduled',NULL,NULL),(347,'2026-03-25','10:30-12:00',7,1,'2026-06-03 04:30:12','2026-06-03 04:30:12',39,'scheduled',NULL,NULL),(348,'2025-08-21','10:30-12:00',6,1,'2026-06-03 04:30:12','2026-06-03 04:30:12',40,'scheduled',NULL,NULL),(349,'2025-08-25','10:30-12:00',6,1,'2026-06-03 04:30:12','2026-06-03 04:30:12',40,'scheduled',NULL,NULL),(350,'2026-03-24','10:30-12:00',7,1,'2026-06-03 04:30:12','2026-06-03 04:30:12',41,'scheduled',NULL,NULL),(351,'2026-01-29','09:00-10:30',5,1,'2026-06-03 04:30:12','2026-06-03 04:30:12',42,'scheduled',NULL,NULL),(352,'2026-02-05','09:00-10:30',5,1,'2026-06-03 04:30:12','2026-06-03 04:30:12',42,'scheduled',NULL,NULL),(353,'2026-02-10','09:00-10:30',5,1,'2026-06-03 04:30:12','2026-06-03 04:30:12',42,'scheduled',NULL,NULL),(354,'2026-02-19','09:00-10:30',5,1,'2026-06-03 04:30:12','2026-06-03 04:30:12',42,'scheduled',NULL,NULL),(355,'2026-02-25','09:00-10:30',5,1,'2026-06-03 04:30:12','2026-06-03 04:30:12',42,'scheduled',NULL,NULL),(356,'2026-03-02','09:00-10:30',5,1,'2026-06-03 04:30:12','2026-06-03 04:30:12',42,'scheduled',NULL,NULL),(357,'2026-03-09','09:00-10:30',5,1,'2026-06-03 04:30:12','2026-06-03 04:30:12',42,'scheduled',NULL,NULL),(358,'2026-03-07','16:00-17:30',7,1,'2026-06-03 04:30:12','2026-06-03 04:30:12',43,'scheduled',NULL,NULL),(359,'2026-03-13','16:00-17:30',7,1,'2026-06-03 04:30:12','2026-06-03 04:30:12',43,'scheduled',NULL,NULL),(360,'2026-03-22','16:00-17:30',7,1,'2026-06-03 04:30:12','2026-06-03 04:30:12',43,'scheduled',NULL,NULL),(361,'2026-03-27','16:00-17:30',7,1,'2026-06-03 04:30:12','2026-06-03 04:30:12',43,'scheduled',NULL,NULL),(362,'2026-03-15','09:00-10:30',7,1,'2026-06-03 04:30:12','2026-06-03 04:30:12',44,'scheduled',NULL,NULL),(363,'2026-03-21','09:00-10:30',7,1,'2026-06-03 04:30:12','2026-06-03 04:30:12',44,'scheduled',NULL,NULL),(364,'2026-03-29','09:00-10:30',7,1,'2026-06-03 04:30:12','2026-06-03 04:30:12',44,'scheduled',NULL,NULL),(365,'2026-02-24','10:30-12:00',5,1,'2026-06-03 04:30:12','2026-06-03 04:30:12',46,'scheduled',NULL,NULL),(366,'2026-03-05','10:30-12:00',5,1,'2026-06-03 04:30:12','2026-06-03 04:30:12',46,'scheduled',NULL,NULL),(367,'2026-03-14','10:30-12:00',5,1,'2026-06-03 04:30:12','2026-06-03 04:30:12',46,'scheduled',NULL,NULL),(368,'2026-03-20','10:30-12:00',5,1,'2026-06-03 04:30:12','2026-06-03 04:30:12',46,'scheduled',NULL,NULL),(369,'2026-03-28','10:30-12:00',5,1,'2026-06-03 04:30:12','2026-06-03 04:30:12',46,'scheduled',NULL,NULL),(370,'2026-04-05','10:30-12:00',5,1,'2026-06-03 04:30:12','2026-06-03 04:30:12',46,'scheduled',NULL,NULL),(371,'2026-04-13','10:30-12:00',5,1,'2026-06-03 04:30:12','2026-06-03 04:30:12',46,'scheduled',NULL,NULL),(372,'2026-04-19','10:30-12:00',5,1,'2026-06-03 04:30:12','2026-06-03 04:30:12',46,'scheduled',NULL,NULL),(373,'2026-04-27','10:30-12:00',5,1,'2026-06-03 04:30:12','2026-06-03 04:30:12',46,'scheduled',NULL,NULL),(374,'2026-05-03','10:30-12:00',5,1,'2026-06-03 04:30:12','2026-06-03 04:30:12',46,'scheduled',NULL,NULL),(375,'2026-05-09','10:30-12:00',5,1,'2026-06-03 04:30:12','2026-06-03 04:30:12',46,'scheduled',NULL,NULL),(376,'2026-05-16','10:30-12:00',5,1,'2026-06-03 04:30:12','2026-06-03 04:30:12',46,'scheduled',NULL,NULL),(377,'2026-05-21','10:30-12:00',5,1,'2026-06-03 04:30:12','2026-06-03 04:30:12',46,'scheduled',NULL,NULL),(378,'2026-05-28','10:30-12:00',5,1,'2026-06-03 04:30:12','2026-06-03 04:30:12',46,'scheduled',NULL,NULL),(379,'2026-06-03','10:30-12:00',5,1,'2026-06-03 04:30:12','2026-06-03 04:30:12',46,'scheduled',NULL,NULL),(380,'2026-04-08','14:30-16:00',2,1,'2026-06-03 04:30:12','2026-06-03 04:30:12',47,'scheduled',NULL,NULL),(381,'2026-04-14','14:30-16:00',2,1,'2026-06-03 04:30:12','2026-06-03 04:30:12',47,'scheduled',NULL,NULL),(382,'2026-04-21','14:30-16:00',2,1,'2026-06-03 04:30:12','2026-06-03 04:30:12',47,'scheduled',NULL,NULL),(383,'2026-04-27','14:30-16:00',2,1,'2026-06-03 04:30:12','2026-06-03 04:30:12',47,'scheduled',NULL,NULL),(384,'2026-05-04','14:30-16:00',2,1,'2026-06-03 04:30:12','2026-06-03 04:30:12',47,'scheduled',NULL,NULL),(385,'2026-05-12','14:30-16:00',2,1,'2026-06-03 04:30:12','2026-06-03 04:30:12',47,'scheduled',NULL,NULL),(386,'2026-05-19','14:30-16:00',2,1,'2026-06-03 04:30:12','2026-06-03 04:30:12',47,'scheduled',NULL,NULL),(387,'2026-05-25','14:30-16:00',2,1,'2026-06-03 04:30:12','2026-06-03 04:30:12',47,'scheduled',NULL,NULL),(388,'2026-05-30','14:30-16:00',2,1,'2026-06-03 04:30:12','2026-06-03 04:30:12',47,'scheduled',NULL,NULL),(389,'2026-04-22','18:30-20:00',3,1,'2026-06-03 04:30:12','2026-06-03 04:30:12',48,'scheduled',NULL,NULL),(390,'2026-04-28','18:30-20:00',3,1,'2026-06-03 04:30:12','2026-06-03 04:30:12',48,'scheduled',NULL,NULL),(391,'2026-05-05','18:30-20:00',3,1,'2026-06-03 04:30:12','2026-06-03 04:30:12',48,'scheduled',NULL,NULL),(392,'2026-05-11','18:30-20:00',3,1,'2026-06-03 04:30:12','2026-06-03 04:30:12',48,'scheduled',NULL,NULL),(393,'2026-05-18','18:30-20:00',3,1,'2026-06-03 04:30:12','2026-06-03 04:30:12',48,'scheduled',NULL,NULL),(394,'2026-05-23','18:30-20:00',3,1,'2026-06-03 04:30:12','2026-06-03 04:30:12',48,'scheduled',NULL,NULL),(395,'2026-05-28','18:30-20:00',3,1,'2026-06-03 04:30:12','2026-06-03 04:30:12',48,'scheduled',NULL,NULL),(396,'2026-02-26','09:00-10:30',4,1,'2026-06-03 04:30:12','2026-06-03 04:30:12',49,'scheduled',NULL,NULL),(397,'2026-04-22','09:00-10:30',8,1,'2026-06-03 04:30:12','2026-06-03 04:30:12',50,'scheduled',NULL,NULL),(398,'2026-04-27','09:00-10:30',8,1,'2026-06-03 04:30:12','2026-06-03 04:30:12',50,'scheduled',NULL,NULL);
/*!40000 ALTER TABLE `attendance` ENABLE KEYS */;
UNLOCK TABLES;

--
-- Table structure for table `attendance_student`
--

DROP TABLE IF EXISTS `attendance_student`;
/*!40101 SET @saved_cs_client     = @@character_set_client */;
/*!50503 SET character_set_client = utf8mb4 */;
CREATE TABLE `attendance_student` (
  `id` bigint unsigned NOT NULL AUTO_INCREMENT,
  `attendance_id` bigint unsigned NOT NULL,
  `enrollment_id` bigint unsigned NOT NULL,
  `is_present` tinyint(1) NOT NULL DEFAULT '1',
  `notes` text CHARACTER SET utf8mb4 COLLATE utf8mb4_unicode_ci,
  `created_at` timestamp NULL DEFAULT NULL,
  `updated_at` timestamp NULL DEFAULT NULL,
  PRIMARY KEY (`id`),
  UNIQUE KEY `attendance_student_attendance_id_enrollment_id_unique` (`attendance_id`,`enrollment_id`),
  KEY `attendance_student_enrollment_id_foreign` (`enrollment_id`),
  CONSTRAINT `attendance_student_attendance_id_foreign` FOREIGN KEY (`attendance_id`) REFERENCES `attendance` (`id`) ON DELETE CASCADE,
  CONSTRAINT `attendance_student_enrollment_id_foreign` FOREIGN KEY (`enrollment_id`) REFERENCES `enrollments` (`id`) ON DELETE CASCADE
) ENGINE=InnoDB AUTO_INCREMENT=551 DEFAULT CHARSET=utf8mb4 COLLATE=utf8mb4_unicode_ci;
/*!40101 SET character_set_client = @saved_cs_client */;

--
-- Dumping data for table `attendance_student`
--

LOCK TABLES `attendance_student` WRITE;
/*!40000 ALTER TABLE `attendance_student` DISABLE KEYS */;
INSERT INTO `attendance_student` VALUES (1,1,1,0,'Perlu lebih banyak latihan speaking.','2026-06-03 04:30:12','2026-06-03 04:30:12'),(2,2,1,1,'Aktif dalam diskusi, vocabulary berkembang.','2026-06-03 04:30:12','2026-06-03 04:30:12'),(3,3,1,1,'Progres bagus, pronunciation sudah meningkat.','2026-06-03 04:30:12','2026-06-03 04:30:12'),(4,4,1,1,NULL,'2026-06-03 04:30:12','2026-06-03 04:30:12'),(5,5,1,1,'Progres bagus, pronunciation sudah meningkat.','2026-06-03 04:30:12','2026-06-03 04:30:12'),(6,6,1,0,'Progres bagus, pronunciation sudah meningkat.','2026-06-03 04:30:12','2026-06-03 04:30:12'),(7,7,2,1,'Progres bagus, pronunciation sudah meningkat.','2026-06-03 04:30:12','2026-06-03 04:30:12'),(8,8,2,1,'Masih perlu perbaikan di grammar.','2026-06-03 04:30:12','2026-06-03 04:30:12'),(9,9,2,1,'Aktif dalam diskusi, vocabulary berkembang.','2026-06-03 04:30:12','2026-06-03 04:30:12'),(10,10,2,1,NULL,'2026-06-03 04:30:12','2026-06-03 04:30:12'),(11,11,2,1,'Excellent! Sudah percaya diri berbicara.','2026-06-03 04:30:12','2026-06-03 04:30:12'),(12,12,2,1,'Masih perlu perbaikan di grammar.','2026-06-03 04:30:12','2026-06-03 04:30:12'),(13,13,2,1,'Progres bagus, pronunciation sudah meningkat.','2026-06-03 04:30:12','2026-06-03 04:30:12'),(14,14,2,1,'Progres bagus, pronunciation sudah meningkat.','2026-06-03 04:30:12','2026-06-03 04:30:12'),(15,15,3,1,NULL,'2026-06-03 04:30:12','2026-06-03 04:30:12'),(16,16,3,1,'Progres bagus, pronunciation sudah meningkat.','2026-06-03 04:30:12','2026-06-03 04:30:12'),(17,17,3,0,'Aktif dalam diskusi, vocabulary berkembang.','2026-06-03 04:30:12','2026-06-03 04:30:12'),(18,18,3,1,'Excellent! Sudah percaya diri berbicara.','2026-06-03 04:30:12','2026-06-03 04:30:12'),(19,19,3,0,'Perlu lebih banyak latihan speaking.','2026-06-03 04:30:12','2026-06-03 04:30:12'),(20,20,3,1,'Aktif dalam diskusi, vocabulary berkembang.','2026-06-03 04:30:12','2026-06-03 04:30:12'),(21,21,4,1,'Perlu lebih banyak latihan speaking.','2026-06-03 04:30:12','2026-06-03 04:30:12'),(22,22,4,0,NULL,'2026-06-03 04:30:12','2026-06-03 04:30:12'),(23,23,4,1,'Progres bagus, pronunciation sudah meningkat.','2026-06-03 04:30:12','2026-06-03 04:30:12'),(24,24,4,0,'Aktif dalam diskusi, vocabulary berkembang.','2026-06-03 04:30:12','2026-06-03 04:30:12'),(25,25,4,0,'Aktif dalam diskusi, vocabulary berkembang.','2026-06-03 04:30:12','2026-06-03 04:30:12'),(26,26,4,1,'Aktif dalam diskusi, vocabulary berkembang.','2026-06-03 04:30:12','2026-06-03 04:30:12'),(27,27,4,1,'Aktif dalam diskusi, vocabulary berkembang.','2026-06-03 04:30:12','2026-06-03 04:30:12'),(28,28,4,1,'Perlu lebih banyak latihan speaking.','2026-06-03 04:30:12','2026-06-03 04:30:12'),(29,29,4,1,'Progres bagus, pronunciation sudah meningkat.','2026-06-03 04:30:12','2026-06-03 04:30:12'),(30,30,4,1,'Aktif dalam diskusi, vocabulary berkembang.','2026-06-03 04:30:12','2026-06-03 04:30:12'),(31,31,4,0,'Masih perlu perbaikan di grammar.','2026-06-03 04:30:12','2026-06-03 04:30:12'),(32,32,4,1,'Excellent! Sudah percaya diri berbicara.','2026-06-03 04:30:12','2026-06-03 04:30:12'),(33,33,4,1,'Excellent! Sudah percaya diri berbicara.','2026-06-03 04:30:12','2026-06-03 04:30:12'),(34,34,4,1,'Masih perlu perbaikan di grammar.','2026-06-03 04:30:12','2026-06-03 04:30:12'),(35,35,4,1,'Aktif dalam diskusi, vocabulary berkembang.','2026-06-03 04:30:12','2026-06-03 04:30:12'),(36,36,4,1,NULL,'2026-06-03 04:30:12','2026-06-03 04:30:12'),(37,37,4,0,'Masih perlu perbaikan di grammar.','2026-06-03 04:30:12','2026-06-03 04:30:12'),(38,38,4,1,NULL,'2026-06-03 04:30:12','2026-06-03 04:30:12'),(39,39,4,1,'Masih perlu perbaikan di grammar.','2026-06-03 04:30:12','2026-06-03 04:30:12'),(40,40,5,1,'Perlu lebih banyak latihan speaking.','2026-06-03 04:30:12','2026-06-03 04:30:12'),(41,41,5,1,NULL,'2026-06-03 04:30:12','2026-06-03 04:30:12'),(42,42,5,1,'Perlu lebih banyak latihan speaking.','2026-06-03 04:30:12','2026-06-03 04:30:12'),(43,43,5,1,'Excellent! Sudah percaya diri berbicara.','2026-06-03 04:30:12','2026-06-03 04:30:12'),(44,44,5,1,'Perlu lebih banyak latihan speaking.','2026-06-03 04:30:12','2026-06-03 04:30:12'),(45,45,5,1,'Aktif dalam diskusi, vocabulary berkembang.','2026-06-03 04:30:12','2026-06-03 04:30:12'),(46,46,5,1,NULL,'2026-06-03 04:30:12','2026-06-03 04:30:12'),(47,47,5,1,'Masih perlu perbaikan di grammar.','2026-06-03 04:30:12','2026-06-03 04:30:12'),(48,48,5,1,NULL,'2026-06-03 04:30:12','2026-06-03 04:30:12'),(49,49,5,0,'Perlu lebih banyak latihan speaking.','2026-06-03 04:30:12','2026-06-03 04:30:12'),(50,50,5,1,'Aktif dalam diskusi, vocabulary berkembang.','2026-06-03 04:30:12','2026-06-03 04:30:12'),(51,51,5,1,'Masih perlu perbaikan di grammar.','2026-06-03 04:30:12','2026-06-03 04:30:12'),(52,52,5,1,'Perlu lebih banyak latihan speaking.','2026-06-03 04:30:12','2026-06-03 04:30:12'),(53,53,5,1,'Excellent! Sudah percaya diri berbicara.','2026-06-03 04:30:12','2026-06-03 04:30:12'),(54,54,5,0,'Masih perlu perbaikan di grammar.','2026-06-03 04:30:12','2026-06-03 04:30:12'),(55,55,5,1,NULL,'2026-06-03 04:30:12','2026-06-03 04:30:12'),(56,56,5,1,'Masih perlu perbaikan di grammar.','2026-06-03 04:30:12','2026-06-03 04:30:12'),(57,57,5,1,'Masih perlu perbaikan di grammar.','2026-06-03 04:30:12','2026-06-03 04:30:12'),(58,58,5,0,'Progres bagus, pronunciation sudah meningkat.','2026-06-03 04:30:12','2026-06-03 04:30:12'),(59,59,5,1,NULL,'2026-06-03 04:30:12','2026-06-03 04:30:12'),(60,60,5,1,'Aktif dalam diskusi, vocabulary berkembang.','2026-06-03 04:30:12','2026-06-03 04:30:12'),(61,61,5,1,'Masih perlu perbaikan di grammar.','2026-06-03 04:30:12','2026-06-03 04:30:12'),(62,62,5,1,'Aktif dalam diskusi, vocabulary berkembang.','2026-06-03 04:30:12','2026-06-03 04:30:12'),(63,63,5,1,'Aktif dalam diskusi, vocabulary berkembang.','2026-06-03 04:30:12','2026-06-03 04:30:12'),(64,64,6,1,NULL,'2026-06-03 04:30:12','2026-06-03 04:30:12'),(65,65,6,1,'Excellent! Sudah percaya diri berbicara.','2026-06-03 04:30:12','2026-06-03 04:30:12'),(66,66,6,1,'Aktif dalam diskusi, vocabulary berkembang.','2026-06-03 04:30:12','2026-06-03 04:30:12'),(67,67,6,1,NULL,'2026-06-03 04:30:12','2026-06-03 04:30:12'),(68,68,6,1,'Progres bagus, pronunciation sudah meningkat.','2026-06-03 04:30:12','2026-06-03 04:30:12'),(69,69,6,1,'Masih perlu perbaikan di grammar.','2026-06-03 04:30:12','2026-06-03 04:30:12'),(70,70,6,1,NULL,'2026-06-03 04:30:12','2026-06-03 04:30:12'),(71,71,6,0,'Excellent! Sudah percaya diri berbicara.','2026-06-03 04:30:12','2026-06-03 04:30:12'),(72,72,6,1,'Excellent! Sudah percaya diri berbicara.','2026-06-03 04:30:12','2026-06-03 04:30:12'),(73,73,6,1,NULL,'2026-06-03 04:30:12','2026-06-03 04:30:12'),(74,74,6,1,NULL,'2026-06-03 04:30:12','2026-06-03 04:30:12'),(75,75,6,1,'Aktif dalam diskusi, vocabulary berkembang.','2026-06-03 04:30:12','2026-06-03 04:30:12'),(76,76,6,1,'Aktif dalam diskusi, vocabulary berkembang.','2026-06-03 04:30:12','2026-06-03 04:30:12'),(77,77,6,1,'Progres bagus, pronunciation sudah meningkat.','2026-06-03 04:30:12','2026-06-03 04:30:12'),(78,78,6,1,'Progres bagus, pronunciation sudah meningkat.','2026-06-03 04:30:12','2026-06-03 04:30:12'),(79,79,6,1,NULL,'2026-06-03 04:30:12','2026-06-03 04:30:12'),(80,80,7,1,'Masih perlu perbaikan di grammar.','2026-06-03 04:30:12','2026-06-03 04:30:12'),(81,81,7,0,'Progres bagus, pronunciation sudah meningkat.','2026-06-03 04:30:12','2026-06-03 04:30:12'),(82,82,7,0,'Masih perlu perbaikan di grammar.','2026-06-03 04:30:12','2026-06-03 04:30:12'),(83,83,7,1,NULL,'2026-06-03 04:30:12','2026-06-03 04:30:12'),(84,84,7,1,'Aktif dalam diskusi, vocabulary berkembang.','2026-06-03 04:30:12','2026-06-03 04:30:12'),(85,85,7,1,NULL,'2026-06-03 04:30:12','2026-06-03 04:30:12'),(86,86,7,1,'Aktif dalam diskusi, vocabulary berkembang.','2026-06-03 04:30:12','2026-06-03 04:30:12'),(87,87,9,0,'Masih perlu perbaikan di grammar.','2026-06-03 04:30:12','2026-06-03 04:30:12'),(88,88,9,0,'Perlu lebih banyak latihan speaking.','2026-06-03 04:30:12','2026-06-03 04:30:12'),(89,89,9,0,'Perlu lebih banyak latihan speaking.','2026-06-03 04:30:12','2026-06-03 04:30:12'),(90,90,9,1,NULL,'2026-06-03 04:30:12','2026-06-03 04:30:12'),(91,91,9,1,'Masih perlu perbaikan di grammar.','2026-06-03 04:30:12','2026-06-03 04:30:12'),(92,92,9,1,'Excellent! Sudah percaya diri berbicara.','2026-06-03 04:30:12','2026-06-03 04:30:12'),(93,93,9,1,'Progres bagus, pronunciation sudah meningkat.','2026-06-03 04:30:12','2026-06-03 04:30:12'),(94,94,9,1,NULL,'2026-06-03 04:30:12','2026-06-03 04:30:12'),(95,95,9,1,'Perlu lebih banyak latihan speaking.','2026-06-03 04:30:12','2026-06-03 04:30:12'),(96,96,9,0,NULL,'2026-06-03 04:30:12','2026-06-03 04:30:12'),(97,97,9,0,'Masih perlu perbaikan di grammar.','2026-06-03 04:30:12','2026-06-03 04:30:12'),(98,98,9,1,'Excellent! Sudah percaya diri berbicara.','2026-06-03 04:30:12','2026-06-03 04:30:12'),(99,99,9,1,'Aktif dalam diskusi, vocabulary berkembang.','2026-06-03 04:30:12','2026-06-03 04:30:12'),(100,100,9,1,'Excellent! Sudah percaya diri berbicara.','2026-06-03 04:30:12','2026-06-03 04:30:12'),(101,101,9,1,'Excellent! Sudah percaya diri berbicara.','2026-06-03 04:30:12','2026-06-03 04:30:12'),(102,102,9,1,'Perlu lebih banyak latihan speaking.','2026-06-03 04:30:12','2026-06-03 04:30:12'),(103,103,9,1,'Aktif dalam diskusi, vocabulary berkembang.','2026-06-03 04:30:12','2026-06-03 04:30:12'),(104,104,9,0,NULL,'2026-06-03 04:30:12','2026-06-03 04:30:12'),(105,105,9,1,NULL,'2026-06-03 04:30:12','2026-06-03 04:30:12'),(106,106,9,1,'Perlu lebih banyak latihan speaking.','2026-06-03 04:30:12','2026-06-03 04:30:12'),(107,107,9,1,'Excellent! Sudah percaya diri berbicara.','2026-06-03 04:30:12','2026-06-03 04:30:12'),(108,108,9,1,'Excellent! Sudah percaya diri berbicara.','2026-06-03 04:30:12','2026-06-03 04:30:12'),(109,109,9,1,'Progres bagus, pronunciation sudah meningkat.','2026-06-03 04:30:12','2026-06-03 04:30:12'),(110,110,9,1,'Excellent! Sudah percaya diri berbicara.','2026-06-03 04:30:12','2026-06-03 04:30:12'),(111,111,10,1,'Aktif dalam diskusi, vocabulary berkembang.','2026-06-03 04:30:12','2026-06-03 04:30:12'),(112,112,10,0,NULL,'2026-06-03 04:30:12','2026-06-03 04:30:12'),(113,113,10,1,NULL,'2026-06-03 04:30:12','2026-06-03 04:30:12'),(114,114,10,1,'Masih perlu perbaikan di grammar.','2026-06-03 04:30:12','2026-06-03 04:30:12'),(115,115,10,1,'Progres bagus, pronunciation sudah meningkat.','2026-06-03 04:30:12','2026-06-03 04:30:12'),(116,116,10,1,'Perlu lebih banyak latihan speaking.','2026-06-03 04:30:12','2026-06-03 04:30:12'),(117,117,10,1,'Masih perlu perbaikan di grammar.','2026-06-03 04:30:12','2026-06-03 04:30:12'),(118,118,10,1,'Masih perlu perbaikan di grammar.','2026-06-03 04:30:12','2026-06-03 04:30:12'),(119,119,10,0,'Excellent! Sudah percaya diri berbicara.','2026-06-03 04:30:12','2026-06-03 04:30:12'),(120,120,10,0,'Excellent! Sudah percaya diri berbicara.','2026-06-03 04:30:12','2026-06-03 04:30:12'),(121,121,10,1,'Excellent! Sudah percaya diri berbicara.','2026-06-03 04:30:12','2026-06-03 04:30:12'),(122,122,10,0,'Excellent! Sudah percaya diri berbicara.','2026-06-03 04:30:12','2026-06-03 04:30:12'),(123,123,10,0,'Masih perlu perbaikan di grammar.','2026-06-03 04:30:12','2026-06-03 04:30:12'),(124,124,10,1,'Aktif dalam diskusi, vocabulary berkembang.','2026-06-03 04:30:12','2026-06-03 04:30:12'),(125,125,10,1,'Progres bagus, pronunciation sudah meningkat.','2026-06-03 04:30:12','2026-06-03 04:30:12'),(126,126,10,1,NULL,'2026-06-03 04:30:12','2026-06-03 04:30:12'),(127,127,10,1,NULL,'2026-06-03 04:30:12','2026-06-03 04:30:12'),(128,128,10,1,'Masih perlu perbaikan di grammar.','2026-06-03 04:30:12','2026-06-03 04:30:12'),(129,129,10,1,NULL,'2026-06-03 04:30:12','2026-06-03 04:30:12'),(130,130,10,1,NULL,'2026-06-03 04:30:12','2026-06-03 04:30:12'),(131,131,10,1,'Progres bagus, pronunciation sudah meningkat.','2026-06-03 04:30:12','2026-06-03 04:30:12'),(132,132,10,1,'Aktif dalam diskusi, vocabulary berkembang.','2026-06-03 04:30:12','2026-06-03 04:30:12'),(133,133,10,1,NULL,'2026-06-03 04:30:12','2026-06-03 04:30:12'),(134,134,10,1,NULL,'2026-06-03 04:30:12','2026-06-03 04:30:12'),(135,135,10,1,'Perlu lebih banyak latihan speaking.','2026-06-03 04:30:12','2026-06-03 04:30:12'),(136,136,10,1,NULL,'2026-06-03 04:30:12','2026-06-03 04:30:12'),(137,137,10,1,NULL,'2026-06-03 04:30:12','2026-06-03 04:30:12'),(138,138,10,1,'Aktif dalam diskusi, vocabulary berkembang.','2026-06-03 04:30:12','2026-06-03 04:30:12'),(139,139,10,1,'Excellent! Sudah percaya diri berbicara.','2026-06-03 04:30:12','2026-06-03 04:30:12'),(140,140,10,1,'Progres bagus, pronunciation sudah meningkat.','2026-06-03 04:30:12','2026-06-03 04:30:12'),(141,141,10,1,'Excellent! Sudah percaya diri berbicara.','2026-06-03 04:30:12','2026-06-03 04:30:12'),(142,142,10,0,'Masih perlu perbaikan di grammar.','2026-06-03 04:30:12','2026-06-03 04:30:12'),(143,143,10,1,NULL,'2026-06-03 04:30:12','2026-06-03 04:30:12'),(144,144,10,1,'Aktif dalam diskusi, vocabulary berkembang.','2026-06-03 04:30:12','2026-06-03 04:30:12'),(145,145,10,0,'Excellent! Sudah percaya diri berbicara.','2026-06-03 04:30:12','2026-06-03 04:30:12'),(146,146,11,1,'Perlu lebih banyak latihan speaking.','2026-06-03 04:30:12','2026-06-03 04:30:12'),(147,147,12,1,'Progres bagus, pronunciation sudah meningkat.','2026-06-03 04:30:12','2026-06-03 04:30:12'),(148,148,12,1,'Excellent! Sudah percaya diri berbicara.','2026-06-03 04:30:12','2026-06-03 04:30:12'),(149,149,12,1,NULL,'2026-06-03 04:30:12','2026-06-03 04:30:12'),(150,150,12,1,NULL,'2026-06-03 04:30:12','2026-06-03 04:30:12'),(151,151,12,1,'Aktif dalam diskusi, vocabulary berkembang.','2026-06-03 04:30:12','2026-06-03 04:30:12'),(152,152,12,1,'Progres bagus, pronunciation sudah meningkat.','2026-06-03 04:30:12','2026-06-03 04:30:12'),(153,153,12,1,'Excellent! Sudah percaya diri berbicara.','2026-06-03 04:30:12','2026-06-03 04:30:12'),(154,154,12,1,'Aktif dalam diskusi, vocabulary berkembang.','2026-06-03 04:30:12','2026-06-03 04:30:12'),(155,155,12,1,NULL,'2026-06-03 04:30:12','2026-06-03 04:30:12'),(156,156,12,1,'Progres bagus, pronunciation sudah meningkat.','2026-06-03 04:30:12','2026-06-03 04:30:12'),(157,157,12,1,NULL,'2026-06-03 04:30:12','2026-06-03 04:30:12'),(158,158,12,1,'Progres bagus, pronunciation sudah meningkat.','2026-06-03 04:30:12','2026-06-03 04:30:12'),(159,159,12,0,'Aktif dalam diskusi, vocabulary berkembang.','2026-06-03 04:30:12','2026-06-03 04:30:12'),(160,160,13,1,'Progres bagus, pronunciation sudah meningkat.','2026-06-03 04:30:12','2026-06-03 04:30:12'),(161,161,13,0,'Progres bagus, pronunciation sudah meningkat.','2026-06-03 04:30:12','2026-06-03 04:30:12'),(162,162,13,0,'Masih perlu perbaikan di grammar.','2026-06-03 04:30:12','2026-06-03 04:30:12'),(163,163,13,1,'Perlu lebih banyak latihan speaking.','2026-06-03 04:30:12','2026-06-03 04:30:12'),(164,164,13,1,'Perlu lebih banyak latihan speaking.','2026-06-03 04:30:12','2026-06-03 04:30:12'),(165,165,13,0,NULL,'2026-06-03 04:30:12','2026-06-03 04:30:12'),(166,166,13,1,'Progres bagus, pronunciation sudah meningkat.','2026-06-03 04:30:12','2026-06-03 04:30:12'),(167,167,13,1,NULL,'2026-06-03 04:30:12','2026-06-03 04:30:12'),(168,168,13,0,NULL,'2026-06-03 04:30:12','2026-06-03 04:30:12'),(169,169,13,1,'Progres bagus, pronunciation sudah meningkat.','2026-06-03 04:30:12','2026-06-03 04:30:12'),(170,170,17,1,NULL,'2026-06-03 04:30:12','2026-06-03 04:30:12'),(171,171,17,1,'Aktif dalam diskusi, vocabulary berkembang.','2026-06-03 04:30:12','2026-06-03 04:30:12'),(172,172,17,0,'Progres bagus, pronunciation sudah meningkat.','2026-06-03 04:30:12','2026-06-03 04:30:12'),(173,173,17,1,'Aktif dalam diskusi, vocabulary berkembang.','2026-06-03 04:30:12','2026-06-03 04:30:12'),(174,174,18,1,'Aktif dalam diskusi, vocabulary berkembang.','2026-06-03 04:30:12','2026-06-03 04:30:12'),(175,175,18,1,'Masih perlu perbaikan di grammar.','2026-06-03 04:30:12','2026-06-03 04:30:12'),(176,176,18,1,NULL,'2026-06-03 04:30:12','2026-06-03 04:30:12'),(177,177,18,1,'Perlu lebih banyak latihan speaking.','2026-06-03 04:30:12','2026-06-03 04:30:12'),(178,178,18,0,'Masih perlu perbaikan di grammar.','2026-06-03 04:30:12','2026-06-03 04:30:12'),(179,179,18,1,NULL,'2026-06-03 04:30:12','2026-06-03 04:30:12'),(180,180,18,1,'Progres bagus, pronunciation sudah meningkat.','2026-06-03 04:30:12','2026-06-03 04:30:12'),(181,181,18,1,'Excellent! Sudah percaya diri berbicara.','2026-06-03 04:30:12','2026-06-03 04:30:12'),(182,182,18,1,NULL,'2026-06-03 04:30:12','2026-06-03 04:30:12'),(183,183,18,1,'Masih perlu perbaikan di grammar.','2026-06-03 04:30:12','2026-06-03 04:30:12'),(184,184,18,0,'Excellent! Sudah percaya diri berbicara.','2026-06-03 04:30:12','2026-06-03 04:30:12'),(185,185,18,0,'Aktif dalam diskusi, vocabulary berkembang.','2026-06-03 04:30:12','2026-06-03 04:30:12'),(186,186,19,1,'Masih perlu perbaikan di grammar.','2026-06-03 04:30:12','2026-06-03 04:30:12'),(187,187,19,0,'Aktif dalam diskusi, vocabulary berkembang.','2026-06-03 04:30:12','2026-06-03 04:30:12'),(188,188,19,0,NULL,'2026-06-03 04:30:12','2026-06-03 04:30:12'),(189,189,19,1,'Aktif dalam diskusi, vocabulary berkembang.','2026-06-03 04:30:12','2026-06-03 04:30:12'),(190,190,20,1,NULL,'2026-06-03 04:30:12','2026-06-03 04:30:12'),(191,191,20,1,NULL,'2026-06-03 04:30:12','2026-06-03 04:30:12'),(192,192,20,1,'Progres bagus, pronunciation sudah meningkat.','2026-06-03 04:30:12','2026-06-03 04:30:12'),(193,193,21,1,NULL,'2026-06-03 04:30:12','2026-06-03 04:30:12'),(194,194,21,1,NULL,'2026-06-03 04:30:12','2026-06-03 04:30:12'),(195,195,21,1,NULL,'2026-06-03 04:30:12','2026-06-03 04:30:12'),(196,196,21,0,NULL,'2026-06-03 04:30:12','2026-06-03 04:30:12'),(197,197,21,0,'Aktif dalam diskusi, vocabulary berkembang.','2026-06-03 04:30:12','2026-06-03 04:30:12'),(198,198,21,1,'Excellent! Sudah percaya diri berbicara.','2026-06-03 04:30:12','2026-06-03 04:30:12'),(199,199,21,1,'Masih perlu perbaikan di grammar.','2026-06-03 04:30:12','2026-06-03 04:30:12'),(200,200,21,1,'Progres bagus, pronunciation sudah meningkat.','2026-06-03 04:30:12','2026-06-03 04:30:12'),(201,201,21,1,'Progres bagus, pronunciation sudah meningkat.','2026-06-03 04:30:12','2026-06-03 04:30:12'),(202,202,21,1,NULL,'2026-06-03 04:30:12','2026-06-03 04:30:12'),(203,203,22,1,'Aktif dalam diskusi, vocabulary berkembang.','2026-06-03 04:30:12','2026-06-03 04:30:12'),(204,204,22,1,'Masih perlu perbaikan di grammar.','2026-06-03 04:30:12','2026-06-03 04:30:12'),(205,205,22,1,NULL,'2026-06-03 04:30:12','2026-06-03 04:30:12'),(206,206,22,1,NULL,'2026-06-03 04:30:12','2026-06-03 04:30:12'),(207,207,22,1,NULL,'2026-06-03 04:30:12','2026-06-03 04:30:12'),(208,208,22,0,NULL,'2026-06-03 04:30:12','2026-06-03 04:30:12'),(209,209,22,1,'Aktif dalam diskusi, vocabulary berkembang.','2026-06-03 04:30:12','2026-06-03 04:30:12'),(210,210,22,1,NULL,'2026-06-03 04:30:12','2026-06-03 04:30:12'),(211,211,22,1,'Excellent! Sudah percaya diri berbicara.','2026-06-03 04:30:12','2026-06-03 04:30:12'),(212,212,22,1,'Excellent! Sudah percaya diri berbicara.','2026-06-03 04:30:12','2026-06-03 04:30:12'),(213,213,22,1,'Excellent! Sudah percaya diri berbicara.','2026-06-03 04:30:12','2026-06-03 04:30:12'),(214,214,22,1,NULL,'2026-06-03 04:30:12','2026-06-03 04:30:12'),(215,215,22,1,NULL,'2026-06-03 04:30:12','2026-06-03 04:30:12'),(216,216,22,1,'Masih perlu perbaikan di grammar.','2026-06-03 04:30:12','2026-06-03 04:30:12'),(217,217,22,1,NULL,'2026-06-03 04:30:12','2026-06-03 04:30:12'),(218,218,22,1,'Perlu lebih banyak latihan speaking.','2026-06-03 04:30:12','2026-06-03 04:30:12'),(219,219,22,0,'Progres bagus, pronunciation sudah meningkat.','2026-06-03 04:30:12','2026-06-03 04:30:12'),(220,220,22,1,NULL,'2026-06-03 04:30:12','2026-06-03 04:30:12'),(221,221,22,1,'Perlu lebih banyak latihan speaking.','2026-06-03 04:30:12','2026-06-03 04:30:12'),(222,222,22,1,'Progres bagus, pronunciation sudah meningkat.','2026-06-03 04:30:12','2026-06-03 04:30:12'),(223,223,22,1,'Progres bagus, pronunciation sudah meningkat.','2026-06-03 04:30:12','2026-06-03 04:30:12'),(224,224,22,1,'Aktif dalam diskusi, vocabulary berkembang.','2026-06-03 04:30:12','2026-06-03 04:30:12'),(225,225,22,1,'Excellent! Sudah percaya diri berbicara.','2026-06-03 04:30:12','2026-06-03 04:30:12'),(226,226,22,1,NULL,'2026-06-03 04:30:12','2026-06-03 04:30:12'),(227,227,22,1,'Aktif dalam diskusi, vocabulary berkembang.','2026-06-03 04:30:12','2026-06-03 04:30:12'),(228,228,23,0,'Perlu lebih banyak latihan speaking.','2026-06-03 04:30:12','2026-06-03 04:30:12'),(229,229,23,1,NULL,'2026-06-03 04:30:12','2026-06-03 04:30:12'),(230,230,23,1,'Excellent! Sudah percaya diri berbicara.','2026-06-03 04:30:12','2026-06-03 04:30:12'),(231,231,23,1,NULL,'2026-06-03 04:30:12','2026-06-03 04:30:12'),(232,232,23,1,'Masih perlu perbaikan di grammar.','2026-06-03 04:30:12','2026-06-03 04:30:12'),(233,233,23,1,'Excellent! Sudah percaya diri berbicara.','2026-06-03 04:30:12','2026-06-03 04:30:12'),(234,234,23,1,NULL,'2026-06-03 04:30:12','2026-06-03 04:30:12'),(235,235,24,1,'Excellent! Sudah percaya diri berbicara.','2026-06-03 04:30:12','2026-06-03 04:30:12'),(236,236,24,0,'Aktif dalam diskusi, vocabulary berkembang.','2026-06-03 04:30:12','2026-06-03 04:30:12'),(237,237,24,1,'Aktif dalam diskusi, vocabulary berkembang.','2026-06-03 04:30:12','2026-06-03 04:30:12'),(238,238,24,1,'Aktif dalam diskusi, vocabulary berkembang.','2026-06-03 04:30:12','2026-06-03 04:30:12'),(239,239,24,1,NULL,'2026-06-03 04:30:12','2026-06-03 04:30:12'),(240,240,24,1,'Aktif dalam diskusi, vocabulary berkembang.','2026-06-03 04:30:12','2026-06-03 04:30:12'),(241,241,24,1,NULL,'2026-06-03 04:30:12','2026-06-03 04:30:12'),(242,242,24,1,'Masih perlu perbaikan di grammar.','2026-06-03 04:30:12','2026-06-03 04:30:12'),(243,243,24,1,NULL,'2026-06-03 04:30:12','2026-06-03 04:30:12'),(244,244,25,1,NULL,'2026-06-03 04:30:12','2026-06-03 04:30:12'),(245,245,25,0,'Masih perlu perbaikan di grammar.','2026-06-03 04:30:12','2026-06-03 04:30:12'),(246,246,25,0,NULL,'2026-06-03 04:30:12','2026-06-03 04:30:12'),(247,247,25,1,'Aktif dalam diskusi, vocabulary berkembang.','2026-06-03 04:30:12','2026-06-03 04:30:12'),(248,248,25,1,'Progres bagus, pronunciation sudah meningkat.','2026-06-03 04:30:12','2026-06-03 04:30:12'),(249,249,25,1,'Aktif dalam diskusi, vocabulary berkembang.','2026-06-03 04:30:12','2026-06-03 04:30:12'),(250,250,25,1,NULL,'2026-06-03 04:30:12','2026-06-03 04:30:12'),(251,251,25,1,'Aktif dalam diskusi, vocabulary berkembang.','2026-06-03 04:30:12','2026-06-03 04:30:12'),(252,252,25,0,'Aktif dalam diskusi, vocabulary berkembang.','2026-06-03 04:30:12','2026-06-03 04:30:12'),(253,253,25,1,'Perlu lebih banyak latihan speaking.','2026-06-03 04:30:12','2026-06-03 04:30:12'),(254,254,25,0,'Aktif dalam diskusi, vocabulary berkembang.','2026-06-03 04:30:12','2026-06-03 04:30:12'),(255,255,25,1,'Aktif dalam diskusi, vocabulary berkembang.','2026-06-03 04:30:12','2026-06-03 04:30:12'),(256,256,25,1,'Masih perlu perbaikan di grammar.','2026-06-03 04:30:12','2026-06-03 04:30:12'),(257,257,25,1,'Progres bagus, pronunciation sudah meningkat.','2026-06-03 04:30:12','2026-06-03 04:30:12'),(258,258,25,1,NULL,'2026-06-03 04:30:12','2026-06-03 04:30:12'),(259,259,25,1,NULL,'2026-06-03 04:30:12','2026-06-03 04:30:12'),(260,260,25,1,'Progres bagus, pronunciation sudah meningkat.','2026-06-03 04:30:12','2026-06-03 04:30:12'),(261,261,25,1,'Aktif dalam diskusi, vocabulary berkembang.','2026-06-03 04:30:12','2026-06-03 04:30:12'),(262,262,25,1,'Masih perlu perbaikan di grammar.','2026-06-03 04:30:12','2026-06-03 04:30:12'),(263,263,26,0,'Perlu lebih banyak latihan speaking.','2026-06-03 04:30:12','2026-06-03 04:30:12'),(264,264,26,1,NULL,'2026-06-03 04:30:12','2026-06-03 04:30:12'),(265,265,26,1,'Excellent! Sudah percaya diri berbicara.','2026-06-03 04:30:12','2026-06-03 04:30:12'),(266,266,26,1,'Progres bagus, pronunciation sudah meningkat.','2026-06-03 04:30:12','2026-06-03 04:30:12'),(267,267,26,1,'Excellent! Sudah percaya diri berbicara.','2026-06-03 04:30:12','2026-06-03 04:30:12'),(268,268,26,1,'Masih perlu perbaikan di grammar.','2026-06-03 04:30:12','2026-06-03 04:30:12'),(269,269,26,1,'Perlu lebih banyak latihan speaking.','2026-06-03 04:30:12','2026-06-03 04:30:12'),(270,270,26,1,NULL,'2026-06-03 04:30:12','2026-06-03 04:30:12'),(271,271,26,1,NULL,'2026-06-03 04:30:12','2026-06-03 04:30:12'),(272,272,26,1,'Excellent! Sudah percaya diri berbicara.','2026-06-03 04:30:12','2026-06-03 04:30:12'),(273,273,28,1,'Excellent! Sudah percaya diri berbicara.','2026-06-03 04:30:12','2026-06-03 04:30:12'),(274,274,28,1,NULL,'2026-06-03 04:30:12','2026-06-03 04:30:12'),(275,275,28,1,NULL,'2026-06-03 04:30:12','2026-06-03 04:30:12'),(276,276,30,1,'Progres bagus, pronunciation sudah meningkat.','2026-06-03 04:30:12','2026-06-03 04:30:12'),(277,277,30,0,'Excellent! Sudah percaya diri berbicara.','2026-06-03 04:30:12','2026-06-03 04:30:12'),(278,278,30,1,'Progres bagus, pronunciation sudah meningkat.','2026-06-03 04:30:12','2026-06-03 04:30:12'),(279,279,30,1,'Masih perlu perbaikan di grammar.','2026-06-03 04:30:12','2026-06-03 04:30:12'),(280,280,30,1,NULL,'2026-06-03 04:30:12','2026-06-03 04:30:12'),(281,281,31,1,NULL,'2026-06-03 04:30:12','2026-06-03 04:30:12'),(282,282,31,0,'Perlu lebih banyak latihan speaking.','2026-06-03 04:30:12','2026-06-03 04:30:12'),(283,283,31,1,NULL,'2026-06-03 04:30:12','2026-06-03 04:30:12'),(284,284,31,0,'Excellent! Sudah percaya diri berbicara.','2026-06-03 04:30:12','2026-06-03 04:30:12'),(285,285,31,1,NULL,'2026-06-03 04:30:12','2026-06-03 04:30:12'),(286,286,31,1,'Progres bagus, pronunciation sudah meningkat.','2026-06-03 04:30:12','2026-06-03 04:30:12'),(287,287,31,0,'Excellent! Sudah percaya diri berbicara.','2026-06-03 04:30:12','2026-06-03 04:30:12'),(288,288,31,1,NULL,'2026-06-03 04:30:12','2026-06-03 04:30:12'),(289,289,31,1,'Masih perlu perbaikan di grammar.','2026-06-03 04:30:12','2026-06-03 04:30:12'),(290,290,31,1,'Masih perlu perbaikan di grammar.','2026-06-03 04:30:12','2026-06-03 04:30:12'),(291,291,31,1,'Excellent! Sudah percaya diri berbicara.','2026-06-03 04:30:12','2026-06-03 04:30:12'),(292,292,31,1,'Excellent! Sudah percaya diri berbicara.','2026-06-03 04:30:12','2026-06-03 04:30:12'),(293,293,32,1,NULL,'2026-06-03 04:30:12','2026-06-03 04:30:12'),(294,294,32,1,'Masih perlu perbaikan di grammar.','2026-06-03 04:30:12','2026-06-03 04:30:12'),(295,295,32,1,'Perlu lebih banyak latihan speaking.','2026-06-03 04:30:12','2026-06-03 04:30:12'),(296,296,32,0,'Excellent! Sudah percaya diri berbicara.','2026-06-03 04:30:12','2026-06-03 04:30:12'),(297,297,32,1,'Progres bagus, pronunciation sudah meningkat.','2026-06-03 04:30:12','2026-06-03 04:30:12'),(298,298,32,1,'Masih perlu perbaikan di grammar.','2026-06-03 04:30:12','2026-06-03 04:30:12'),(299,299,32,1,'Excellent! Sudah percaya diri berbicara.','2026-06-03 04:30:12','2026-06-03 04:30:12'),(300,300,32,1,NULL,'2026-06-03 04:30:12','2026-06-03 04:30:12'),(301,301,32,1,'Perlu lebih banyak latihan speaking.','2026-06-03 04:30:12','2026-06-03 04:30:12'),(302,302,32,0,'Masih perlu perbaikan di grammar.','2026-06-03 04:30:12','2026-06-03 04:30:12'),(303,303,32,1,'Masih perlu perbaikan di grammar.','2026-06-03 04:30:12','2026-06-03 04:30:12'),(304,304,32,1,'Perlu lebih banyak latihan speaking.','2026-06-03 04:30:12','2026-06-03 04:30:12'),(305,305,32,1,'Masih perlu perbaikan di grammar.','2026-06-03 04:30:12','2026-06-03 04:30:12'),(306,306,32,1,'Masih perlu perbaikan di grammar.','2026-06-03 04:30:12','2026-06-03 04:30:12'),(307,307,32,1,'Perlu lebih banyak latihan speaking.','2026-06-03 04:30:12','2026-06-03 04:30:12'),(308,308,32,0,'Perlu lebih banyak latihan speaking.','2026-06-03 04:30:12','2026-06-03 04:30:12'),(309,309,32,0,'Perlu lebih banyak latihan speaking.','2026-06-03 04:30:12','2026-06-03 04:30:12'),(310,310,32,1,'Perlu lebih banyak latihan speaking.','2026-06-03 04:30:12','2026-06-03 04:30:12'),(311,311,32,1,'Masih perlu perbaikan di grammar.','2026-06-03 04:30:12','2026-06-03 04:30:12'),(312,312,32,1,NULL,'2026-06-03 04:30:12','2026-06-03 04:30:12'),(313,313,33,1,'Masih perlu perbaikan di grammar.','2026-06-03 04:30:12','2026-06-03 04:30:12'),(314,314,33,1,'Progres bagus, pronunciation sudah meningkat.','2026-06-03 04:30:12','2026-06-03 04:30:12'),(315,315,33,0,'Excellent! Sudah percaya diri berbicara.','2026-06-03 04:30:12','2026-06-03 04:30:12'),(316,316,33,1,NULL,'2026-06-03 04:30:12','2026-06-03 04:30:12'),(317,317,33,1,NULL,'2026-06-03 04:30:12','2026-06-03 04:30:12'),(318,318,33,1,NULL,'2026-06-03 04:30:12','2026-06-03 04:30:12'),(319,319,33,1,NULL,'2026-06-03 04:30:12','2026-06-03 04:30:12'),(320,320,33,1,'Excellent! Sudah percaya diri berbicara.','2026-06-03 04:30:12','2026-06-03 04:30:12'),(321,321,33,1,'Progres bagus, pronunciation sudah meningkat.','2026-06-03 04:30:12','2026-06-03 04:30:12'),(322,322,33,1,'Aktif dalam diskusi, vocabulary berkembang.','2026-06-03 04:30:12','2026-06-03 04:30:12'),(323,323,33,1,'Masih perlu perbaikan di grammar.','2026-06-03 04:30:12','2026-06-03 04:30:12'),(324,324,33,1,'Aktif dalam diskusi, vocabulary berkembang.','2026-06-03 04:30:12','2026-06-03 04:30:12'),(325,325,33,1,'Aktif dalam diskusi, vocabulary berkembang.','2026-06-03 04:30:12','2026-06-03 04:30:12'),(326,326,33,1,'Progres bagus, pronunciation sudah meningkat.','2026-06-03 04:30:12','2026-06-03 04:30:12'),(327,327,33,1,'Aktif dalam diskusi, vocabulary berkembang.','2026-06-03 04:30:12','2026-06-03 04:30:12'),(328,328,33,1,'Masih perlu perbaikan di grammar.','2026-06-03 04:30:12','2026-06-03 04:30:12'),(329,329,34,1,'Excellent! Sudah percaya diri berbicara.','2026-06-03 04:30:12','2026-06-03 04:30:12'),(330,330,34,1,'Masih perlu perbaikan di grammar.','2026-06-03 04:30:12','2026-06-03 04:30:12'),(331,331,34,0,'Excellent! Sudah percaya diri berbicara.','2026-06-03 04:30:12','2026-06-03 04:30:12'),(332,332,34,1,'Masih perlu perbaikan di grammar.','2026-06-03 04:30:12','2026-06-03 04:30:12'),(333,333,34,1,'Excellent! Sudah percaya diri berbicara.','2026-06-03 04:30:12','2026-06-03 04:30:12'),(334,334,34,1,'Perlu lebih banyak latihan speaking.','2026-06-03 04:30:12','2026-06-03 04:30:12'),(335,335,34,1,'Masih perlu perbaikan di grammar.','2026-06-03 04:30:12','2026-06-03 04:30:12'),(336,336,34,1,'Excellent! Sudah percaya diri berbicara.','2026-06-03 04:30:12','2026-06-03 04:30:12'),(337,337,35,1,'Progres bagus, pronunciation sudah meningkat.','2026-06-03 04:30:12','2026-06-03 04:30:12'),(338,338,39,0,NULL,'2026-06-03 04:30:12','2026-06-03 04:30:12'),(339,339,39,1,'Excellent! Sudah percaya diri berbicara.','2026-06-03 04:30:12','2026-06-03 04:30:12'),(340,340,39,1,NULL,'2026-06-03 04:30:12','2026-06-03 04:30:12'),(341,341,39,1,'Aktif dalam diskusi, vocabulary berkembang.','2026-06-03 04:30:12','2026-06-03 04:30:12'),(342,342,39,1,'Masih perlu perbaikan di grammar.','2026-06-03 04:30:12','2026-06-03 04:30:12'),(343,343,39,1,'Progres bagus, pronunciation sudah meningkat.','2026-06-03 04:30:12','2026-06-03 04:30:12'),(344,344,39,1,'Aktif dalam diskusi, vocabulary berkembang.','2026-06-03 04:30:12','2026-06-03 04:30:12'),(345,345,39,1,NULL,'2026-06-03 04:30:12','2026-06-03 04:30:12'),(346,346,39,1,NULL,'2026-06-03 04:30:12','2026-06-03 04:30:12'),(347,347,39,0,NULL,'2026-06-03 04:30:12','2026-06-03 04:30:12'),(348,348,40,1,NULL,'2026-06-03 04:30:12','2026-06-03 04:30:12'),(349,349,40,1,'Excellent! Sudah percaya diri berbicara.','2026-06-03 04:30:12','2026-06-03 04:30:12'),(350,350,41,1,'Progres bagus, pronunciation sudah meningkat.','2026-06-03 04:30:12','2026-06-03 04:30:12'),(351,350,42,1,'Masih perlu perbaikan di grammar.','2026-06-03 04:30:12','2026-06-03 04:30:12'),(352,351,43,1,NULL,'2026-06-03 04:30:12','2026-06-03 04:30:12'),(353,351,44,1,'Excellent! Sudah percaya diri berbicara.','2026-06-03 04:30:12','2026-06-03 04:30:12'),(354,352,43,1,'Aktif dalam diskusi, vocabulary berkembang.','2026-06-03 04:30:12','2026-06-03 04:30:12'),(355,352,44,1,'Progres bagus, pronunciation sudah meningkat.','2026-06-03 04:30:12','2026-06-03 04:30:12'),(356,353,43,1,'Excellent! Sudah percaya diri berbicara.','2026-06-03 04:30:12','2026-06-03 04:30:12'),(357,353,44,0,NULL,'2026-06-03 04:30:12','2026-06-03 04:30:12'),(358,354,43,1,NULL,'2026-06-03 04:30:12','2026-06-03 04:30:12'),(359,354,44,1,'Masih perlu perbaikan di grammar.','2026-06-03 04:30:12','2026-06-03 04:30:12'),(360,355,43,1,'Perlu lebih banyak latihan speaking.','2026-06-03 04:30:12','2026-06-03 04:30:12'),(361,355,44,1,'Excellent! Sudah percaya diri berbicara.','2026-06-03 04:30:12','2026-06-03 04:30:12'),(362,356,43,0,'Masih perlu perbaikan di grammar.','2026-06-03 04:30:12','2026-06-03 04:30:12'),(363,356,44,0,'Progres bagus, pronunciation sudah meningkat.','2026-06-03 04:30:12','2026-06-03 04:30:12'),(364,357,43,1,NULL,'2026-06-03 04:30:12','2026-06-03 04:30:12'),(365,357,44,1,'Aktif dalam diskusi, vocabulary berkembang.','2026-06-03 04:30:12','2026-06-03 04:30:12'),(366,358,45,1,NULL,'2026-06-03 04:30:12','2026-06-03 04:30:12'),(367,358,46,0,'Aktif dalam diskusi, vocabulary berkembang.','2026-06-03 04:30:12','2026-06-03 04:30:12'),(368,358,47,0,'Perlu lebih banyak latihan speaking.','2026-06-03 04:30:12','2026-06-03 04:30:12'),(369,358,48,0,'Aktif dalam diskusi, vocabulary berkembang.','2026-06-03 04:30:12','2026-06-03 04:30:12'),(370,359,45,1,NULL,'2026-06-03 04:30:12','2026-06-03 04:30:12'),(371,359,46,1,'Aktif dalam diskusi, vocabulary berkembang.','2026-06-03 04:30:12','2026-06-03 04:30:12'),(372,359,47,1,'Aktif dalam diskusi, vocabulary berkembang.','2026-06-03 04:30:12','2026-06-03 04:30:12'),(373,359,48,1,'Perlu lebih banyak latihan speaking.','2026-06-03 04:30:12','2026-06-03 04:30:12'),(374,360,45,0,NULL,'2026-06-03 04:30:12','2026-06-03 04:30:12'),(375,360,46,0,'Progres bagus, pronunciation sudah meningkat.','2026-06-03 04:30:12','2026-06-03 04:30:12'),(376,360,47,0,'Perlu lebih banyak latihan speaking.','2026-06-03 04:30:12','2026-06-03 04:30:12'),(377,360,48,1,'Progres bagus, pronunciation sudah meningkat.','2026-06-03 04:30:12','2026-06-03 04:30:12'),(378,361,45,1,NULL,'2026-06-03 04:30:12','2026-06-03 04:30:12'),(379,361,46,1,NULL,'2026-06-03 04:30:12','2026-06-03 04:30:12'),(380,361,47,1,NULL,'2026-06-03 04:30:12','2026-06-03 04:30:12'),(381,361,48,1,NULL,'2026-06-03 04:30:12','2026-06-03 04:30:12'),(382,362,49,1,'Aktif dalam diskusi, vocabulary berkembang.','2026-06-03 04:30:12','2026-06-03 04:30:12'),(383,362,50,1,NULL,'2026-06-03 04:30:12','2026-06-03 04:30:12'),(384,363,49,0,NULL,'2026-06-03 04:30:12','2026-06-03 04:30:12'),(385,363,50,1,'Progres bagus, pronunciation sudah meningkat.','2026-06-03 04:30:12','2026-06-03 04:30:12'),(386,364,49,1,'Excellent! Sudah percaya diri berbicara.','2026-06-03 04:30:12','2026-06-03 04:30:12'),(387,364,50,1,NULL,'2026-06-03 04:30:12','2026-06-03 04:30:12'),(388,365,54,1,'Progres bagus, pronunciation sudah meningkat.','2026-06-03 04:30:12','2026-06-03 04:30:12'),(389,365,55,1,NULL,'2026-06-03 04:30:12','2026-06-03 04:30:12'),(390,366,54,1,'Aktif dalam diskusi, vocabulary berkembang.','2026-06-03 04:30:12','2026-06-03 04:30:12'),(391,366,55,1,'Excellent! Sudah percaya diri berbicara.','2026-06-03 04:30:12','2026-06-03 04:30:12'),(392,367,54,1,'Masih perlu perbaikan di grammar.','2026-06-03 04:30:12','2026-06-03 04:30:12'),(393,367,55,1,'Aktif dalam diskusi, vocabulary berkembang.','2026-06-03 04:30:12','2026-06-03 04:30:12'),(394,368,54,1,'Masih perlu perbaikan di grammar.','2026-06-03 04:30:12','2026-06-03 04:30:12'),(395,368,55,0,NULL,'2026-06-03 04:30:12','2026-06-03 04:30:12'),(396,369,54,1,NULL,'2026-06-03 04:30:12','2026-06-03 04:30:12'),(397,369,55,1,NULL,'2026-06-03 04:30:12','2026-06-03 04:30:12'),(398,370,54,1,'Aktif dalam diskusi, vocabulary berkembang.','2026-06-03 04:30:12','2026-06-03 04:30:12'),(399,370,55,0,'Masih perlu perbaikan di grammar.','2026-06-03 04:30:12','2026-06-03 04:30:12'),(400,371,54,1,NULL,'2026-06-03 04:30:12','2026-06-03 04:30:12'),(401,371,55,1,'Excellent! Sudah percaya diri berbicara.','2026-06-03 04:30:12','2026-06-03 04:30:12'),(402,372,54,1,'Aktif dalam diskusi, vocabulary berkembang.','2026-06-03 04:30:12','2026-06-03 04:30:12'),(403,372,55,1,'Excellent! Sudah percaya diri berbicara.','2026-06-03 04:30:12','2026-06-03 04:30:12'),(404,373,54,1,NULL,'2026-06-03 04:30:12','2026-06-03 04:30:12'),(405,373,55,1,'Excellent! Sudah percaya diri berbicara.','2026-06-03 04:30:12','2026-06-03 04:30:12'),(406,374,54,1,'Excellent! Sudah percaya diri berbicara.','2026-06-03 04:30:12','2026-06-03 04:30:12'),(407,374,55,1,'Perlu lebih banyak latihan speaking.','2026-06-03 04:30:12','2026-06-03 04:30:12'),(408,375,54,1,'Progres bagus, pronunciation sudah meningkat.','2026-06-03 04:30:12','2026-06-03 04:30:12'),(409,375,55,1,'Masih perlu perbaikan di grammar.','2026-06-03 04:30:12','2026-06-03 04:30:12'),(410,376,54,1,'Progres bagus, pronunciation sudah meningkat.','2026-06-03 04:30:12','2026-06-03 04:30:12'),(411,376,55,0,'Masih perlu perbaikan di grammar.','2026-06-03 04:30:12','2026-06-03 04:30:12'),(412,377,54,1,NULL,'2026-06-03 04:30:12','2026-06-03 04:30:12'),(413,377,55,0,'Perlu lebih banyak latihan speaking.','2026-06-03 04:30:12','2026-06-03 04:30:12'),(414,378,54,1,'Aktif dalam diskusi, vocabulary berkembang.','2026-06-03 04:30:12','2026-06-03 04:30:12'),(415,378,55,1,'Perlu lebih banyak latihan speaking.','2026-06-03 04:30:12','2026-06-03 04:30:12'),(416,379,54,1,'Perlu lebih banyak latihan speaking.','2026-06-03 04:30:12','2026-06-03 04:30:12'),(417,379,55,1,NULL,'2026-06-03 04:30:12','2026-06-03 04:30:12'),(418,380,56,1,NULL,'2026-06-03 04:30:12','2026-06-03 04:30:12'),(419,380,57,1,'Excellent! Sudah percaya diri berbicara.','2026-06-03 04:30:12','2026-06-03 04:30:12'),(420,380,58,1,'Aktif dalam diskusi, vocabulary berkembang.','2026-06-03 04:30:12','2026-06-03 04:30:12'),(421,380,59,1,'Progres bagus, pronunciation sudah meningkat.','2026-06-03 04:30:12','2026-06-03 04:30:12'),(422,380,60,0,NULL,'2026-06-03 04:30:12','2026-06-03 04:30:12'),(423,380,61,1,NULL,'2026-06-03 04:30:12','2026-06-03 04:30:12'),(424,380,62,1,'Excellent! Sudah percaya diri berbicara.','2026-06-03 04:30:12','2026-06-03 04:30:12'),(425,380,63,1,'Excellent! Sudah percaya diri berbicara.','2026-06-03 04:30:12','2026-06-03 04:30:12'),(426,381,56,1,'Perlu lebih banyak latihan speaking.','2026-06-03 04:30:12','2026-06-03 04:30:12'),(427,381,57,1,'Progres bagus, pronunciation sudah meningkat.','2026-06-03 04:30:12','2026-06-03 04:30:12'),(428,381,58,0,'Excellent! Sudah percaya diri berbicara.','2026-06-03 04:30:12','2026-06-03 04:30:12'),(429,381,59,0,'Perlu lebih banyak latihan speaking.','2026-06-03 04:30:12','2026-06-03 04:30:12'),(430,381,60,1,'Excellent! Sudah percaya diri berbicara.','2026-06-03 04:30:12','2026-06-03 04:30:12'),(431,381,61,1,'Progres bagus, pronunciation sudah meningkat.','2026-06-03 04:30:12','2026-06-03 04:30:12'),(432,381,62,1,'Masih perlu perbaikan di grammar.','2026-06-03 04:30:12','2026-06-03 04:30:12'),(433,381,63,1,'Masih perlu perbaikan di grammar.','2026-06-03 04:30:12','2026-06-03 04:30:12'),(434,382,56,1,NULL,'2026-06-03 04:30:12','2026-06-03 04:30:12'),(435,382,57,0,'Masih perlu perbaikan di grammar.','2026-06-03 04:30:12','2026-06-03 04:30:12'),(436,382,58,1,NULL,'2026-06-03 04:30:12','2026-06-03 04:30:12'),(437,382,59,1,NULL,'2026-06-03 04:30:12','2026-06-03 04:30:12'),(438,382,60,1,'Perlu lebih banyak latihan speaking.','2026-06-03 04:30:12','2026-06-03 04:30:12'),(439,382,61,1,'Aktif dalam diskusi, vocabulary berkembang.','2026-06-03 04:30:12','2026-06-03 04:30:12'),(440,382,62,1,NULL,'2026-06-03 04:30:12','2026-06-03 04:30:12'),(441,382,63,0,'Progres bagus, pronunciation sudah meningkat.','2026-06-03 04:30:12','2026-06-03 04:30:12'),(442,383,56,1,NULL,'2026-06-03 04:30:12','2026-06-03 04:30:12'),(443,383,57,1,'Masih perlu perbaikan di grammar.','2026-06-03 04:30:12','2026-06-03 04:30:12'),(444,383,58,1,NULL,'2026-06-03 04:30:12','2026-06-03 04:30:12'),(445,383,59,1,'Progres bagus, pronunciation sudah meningkat.','2026-06-03 04:30:12','2026-06-03 04:30:12'),(446,383,60,1,'Progres bagus, pronunciation sudah meningkat.','2026-06-03 04:30:12','2026-06-03 04:30:12'),(447,383,61,1,'Perlu lebih banyak latihan speaking.','2026-06-03 04:30:12','2026-06-03 04:30:12'),(448,383,62,1,'Masih perlu perbaikan di grammar.','2026-06-03 04:30:12','2026-06-03 04:30:12'),(449,383,63,1,NULL,'2026-06-03 04:30:12','2026-06-03 04:30:12'),(450,384,56,1,'Masih perlu perbaikan di grammar.','2026-06-03 04:30:12','2026-06-03 04:30:12'),(451,384,57,1,'Masih perlu perbaikan di grammar.','2026-06-03 04:30:12','2026-06-03 04:30:12'),(452,384,58,1,NULL,'2026-06-03 04:30:12','2026-06-03 04:30:12'),(453,384,59,1,'Excellent! Sudah percaya diri berbicara.','2026-06-03 04:30:12','2026-06-03 04:30:12'),(454,384,60,1,NULL,'2026-06-03 04:30:12','2026-06-03 04:30:12'),(455,384,61,1,NULL,'2026-06-03 04:30:12','2026-06-03 04:30:12'),(456,384,62,1,'Aktif dalam diskusi, vocabulary berkembang.','2026-06-03 04:30:12','2026-06-03 04:30:12'),(457,384,63,1,'Excellent! Sudah percaya diri berbicara.','2026-06-03 04:30:12','2026-06-03 04:30:12'),(458,385,56,1,'Aktif dalam diskusi, vocabulary berkembang.','2026-06-03 04:30:12','2026-06-03 04:30:12'),(459,385,57,1,'Aktif dalam diskusi, vocabulary berkembang.','2026-06-03 04:30:12','2026-06-03 04:30:12'),(460,385,58,1,NULL,'2026-06-03 04:30:12','2026-06-03 04:30:12'),(461,385,59,1,'Progres bagus, pronunciation sudah meningkat.','2026-06-03 04:30:12','2026-06-03 04:30:12'),(462,385,60,0,'Progres bagus, pronunciation sudah meningkat.','2026-06-03 04:30:12','2026-06-03 04:30:12'),(463,385,61,1,NULL,'2026-06-03 04:30:12','2026-06-03 04:30:12'),(464,385,62,1,NULL,'2026-06-03 04:30:12','2026-06-03 04:30:12'),(465,385,63,1,NULL,'2026-06-03 04:30:12','2026-06-03 04:30:12'),(466,386,56,1,'Masih perlu perbaikan di grammar.','2026-06-03 04:30:12','2026-06-03 04:30:12'),(467,386,57,1,NULL,'2026-06-03 04:30:12','2026-06-03 04:30:12'),(468,386,58,0,'Masih perlu perbaikan di grammar.','2026-06-03 04:30:12','2026-06-03 04:30:12'),(469,386,59,1,'Progres bagus, pronunciation sudah meningkat.','2026-06-03 04:30:12','2026-06-03 04:30:12'),(470,386,60,0,'Progres bagus, pronunciation sudah meningkat.','2026-06-03 04:30:12','2026-06-03 04:30:12'),(471,386,61,1,'Excellent! Sudah percaya diri berbicara.','2026-06-03 04:30:12','2026-06-03 04:30:12'),(472,386,62,0,'Masih perlu perbaikan di grammar.','2026-06-03 04:30:12','2026-06-03 04:30:12'),(473,386,63,1,'Progres bagus, pronunciation sudah meningkat.','2026-06-03 04:30:12','2026-06-03 04:30:12'),(474,387,56,1,NULL,'2026-06-03 04:30:12','2026-06-03 04:30:12'),(475,387,57,1,NULL,'2026-06-03 04:30:12','2026-06-03 04:30:12'),(476,387,58,1,'Progres bagus, pronunciation sudah meningkat.','2026-06-03 04:30:12','2026-06-03 04:30:12'),(477,387,59,1,'Excellent! Sudah percaya diri berbicara.','2026-06-03 04:30:12','2026-06-03 04:30:12'),(478,387,60,1,NULL,'2026-06-03 04:30:12','2026-06-03 04:30:12'),(479,387,61,0,'Excellent! Sudah percaya diri berbicara.','2026-06-03 04:30:12','2026-06-03 04:30:12'),(480,387,62,1,'Progres bagus, pronunciation sudah meningkat.','2026-06-03 04:30:12','2026-06-03 04:30:12'),(481,387,63,1,'Progres bagus, pronunciation sudah meningkat.','2026-06-03 04:30:12','2026-06-03 04:30:12'),(482,388,56,1,'Aktif dalam diskusi, vocabulary berkembang.','2026-06-03 04:30:12','2026-06-03 04:30:12'),(483,388,57,1,NULL,'2026-06-03 04:30:12','2026-06-03 04:30:12'),(484,388,58,1,NULL,'2026-06-03 04:30:12','2026-06-03 04:30:12'),(485,388,59,1,'Aktif dalam diskusi, vocabulary berkembang.','2026-06-03 04:30:12','2026-06-03 04:30:12'),(486,388,60,1,NULL,'2026-06-03 04:30:12','2026-06-03 04:30:12'),(487,388,61,0,'Perlu lebih banyak latihan speaking.','2026-06-03 04:30:12','2026-06-03 04:30:12'),(488,388,62,1,NULL,'2026-06-03 04:30:12','2026-06-03 04:30:12'),(489,388,63,1,'Masih perlu perbaikan di grammar.','2026-06-03 04:30:12','2026-06-03 04:30:12'),(490,389,64,1,'Masih perlu perbaikan di grammar.','2026-06-03 04:30:12','2026-06-03 04:30:12'),(491,389,65,1,NULL,'2026-06-03 04:30:12','2026-06-03 04:30:12'),(492,389,66,1,'Excellent! Sudah percaya diri berbicara.','2026-06-03 04:30:12','2026-06-03 04:30:12'),(493,389,67,1,NULL,'2026-06-03 04:30:12','2026-06-03 04:30:12'),(494,389,69,0,'Perlu lebih banyak latihan speaking.','2026-06-03 04:30:12','2026-06-03 04:30:12'),(495,389,71,0,'Excellent! Sudah percaya diri berbicara.','2026-06-03 04:30:12','2026-06-03 04:30:12'),(496,390,64,1,'Perlu lebih banyak latihan speaking.','2026-06-03 04:30:12','2026-06-03 04:30:12'),(497,390,65,1,'Excellent! Sudah percaya diri berbicara.','2026-06-03 04:30:12','2026-06-03 04:30:12'),(498,390,66,1,'Excellent! Sudah percaya diri berbicara.','2026-06-03 04:30:12','2026-06-03 04:30:12'),(499,390,67,1,'Perlu lebih banyak latihan speaking.','2026-06-03 04:30:12','2026-06-03 04:30:12'),(500,390,69,1,'Progres bagus, pronunciation sudah meningkat.','2026-06-03 04:30:12','2026-06-03 04:30:12'),(501,390,71,1,'Excellent! Sudah percaya diri berbicara.','2026-06-03 04:30:12','2026-06-03 04:30:12'),(502,391,64,1,NULL,'2026-06-03 04:30:12','2026-06-03 04:30:12'),(503,391,65,1,'Aktif dalam diskusi, vocabulary berkembang.','2026-06-03 04:30:12','2026-06-03 04:30:12'),(504,391,66,1,'Masih perlu perbaikan di grammar.','2026-06-03 04:30:12','2026-06-03 04:30:12'),(505,391,67,1,'Perlu lebih banyak latihan speaking.','2026-06-03 04:30:12','2026-06-03 04:30:12'),(506,391,69,1,NULL,'2026-06-03 04:30:12','2026-06-03 04:30:12'),(507,391,71,1,'Excellent! Sudah percaya diri berbicara.','2026-06-03 04:30:12','2026-06-03 04:30:12'),(508,392,64,1,'Perlu lebih banyak latihan speaking.','2026-06-03 04:30:12','2026-06-03 04:30:12'),(509,392,65,0,'Masih perlu perbaikan di grammar.','2026-06-03 04:30:12','2026-06-03 04:30:12'),(510,392,66,0,NULL,'2026-06-03 04:30:12','2026-06-03 04:30:12'),(511,392,67,1,'Aktif dalam diskusi, vocabulary berkembang.','2026-06-03 04:30:12','2026-06-03 04:30:12'),(512,392,69,0,NULL,'2026-06-03 04:30:12','2026-06-03 04:30:12'),(513,392,71,1,'Masih perlu perbaikan di grammar.','2026-06-03 04:30:12','2026-06-03 04:30:12'),(514,393,64,1,NULL,'2026-06-03 04:30:12','2026-06-03 04:30:12'),(515,393,65,0,NULL,'2026-06-03 04:30:12','2026-06-03 04:30:12'),(516,393,66,1,'Masih perlu perbaikan di grammar.','2026-06-03 04:30:12','2026-06-03 04:30:12'),(517,393,67,1,'Progres bagus, pronunciation sudah meningkat.','2026-06-03 04:30:12','2026-06-03 04:30:12'),(518,393,69,1,'Masih perlu perbaikan di grammar.','2026-06-03 04:30:12','2026-06-03 04:30:12'),(519,393,71,1,'Progres bagus, pronunciation sudah meningkat.','2026-06-03 04:30:12','2026-06-03 04:30:12'),(520,394,64,1,'Masih perlu perbaikan di grammar.','2026-06-03 04:30:12','2026-06-03 04:30:12'),(521,394,65,1,'Perlu lebih banyak latihan speaking.','2026-06-03 04:30:12','2026-06-03 04:30:12'),(522,394,66,0,'Excellent! Sudah percaya diri berbicara.','2026-06-03 04:30:12','2026-06-03 04:30:12'),(523,394,67,1,'Excellent! Sudah percaya diri berbicara.','2026-06-03 04:30:12','2026-06-03 04:30:12'),(524,394,69,1,'Aktif dalam diskusi, vocabulary berkembang.','2026-06-03 04:30:12','2026-06-03 04:30:12'),(525,394,71,0,'Masih perlu perbaikan di grammar.','2026-06-03 04:30:12','2026-06-03 04:30:12'),(526,395,64,1,'Aktif dalam diskusi, vocabulary berkembang.','2026-06-03 04:30:12','2026-06-03 04:30:12'),(527,395,65,1,NULL,'2026-06-03 04:30:12','2026-06-03 04:30:12'),(528,395,66,1,'Excellent! Sudah percaya diri berbicara.','2026-06-03 04:30:12','2026-06-03 04:30:12'),(529,395,67,1,'Perlu lebih banyak latihan speaking.','2026-06-03 04:30:12','2026-06-03 04:30:12'),(530,395,69,1,'Aktif dalam diskusi, vocabulary berkembang.','2026-06-03 04:30:12','2026-06-03 04:30:12'),(531,395,71,1,'Perlu lebih banyak latihan speaking.','2026-06-03 04:30:12','2026-06-03 04:30:12'),(532,396,72,1,'Perlu lebih banyak latihan speaking.','2026-06-03 04:30:12','2026-06-03 04:30:12'),(533,396,73,1,'Masih perlu perbaikan di grammar.','2026-06-03 04:30:12','2026-06-03 04:30:12'),(534,396,75,1,'Excellent! Sudah percaya diri berbicara.','2026-06-03 04:30:12','2026-06-03 04:30:12'),(535,396,76,0,'Masih perlu perbaikan di grammar.','2026-06-03 04:30:12','2026-06-03 04:30:12'),(536,396,77,1,'Masih perlu perbaikan di grammar.','2026-06-03 04:30:12','2026-06-03 04:30:12'),(537,397,79,1,'Excellent! Sudah percaya diri berbicara.','2026-06-03 04:30:12','2026-06-03 04:30:12'),(538,397,81,1,'Aktif dalam diskusi, vocabulary berkembang.','2026-06-03 04:30:12','2026-06-03 04:30:12'),(539,397,82,1,NULL,'2026-06-03 04:30:12','2026-06-03 04:30:12'),(540,397,83,1,'Excellent! Sudah percaya diri berbicara.','2026-06-03 04:30:12','2026-06-03 04:30:12'),(541,397,84,1,'Perlu lebih banyak latihan speaking.','2026-06-03 04:30:12','2026-06-03 04:30:12'),(542,397,85,0,NULL,'2026-06-03 04:30:12','2026-06-03 04:30:12'),(543,397,86,1,'Perlu lebih banyak latihan speaking.','2026-06-03 04:30:12','2026-06-03 04:30:12'),(544,398,79,0,'Progres bagus, pronunciation sudah meningkat.','2026-06-03 04:30:12','2026-06-03 04:30:12'),(545,398,81,1,'Excellent! Sudah percaya diri berbicara.','2026-06-03 04:30:12','2026-06-03 04:30:12'),(546,398,82,1,'Progres bagus, pronunciation sudah meningkat.','2026-06-03 04:30:12','2026-06-03 04:30:12'),(547,398,83,1,'Aktif dalam diskusi, vocabulary berkembang.','2026-06-03 04:30:12','2026-06-03 04:30:12'),(548,398,84,1,'Excellent! Sudah percaya diri berbicara.','2026-06-03 04:30:12','2026-06-03 04:30:12'),(549,398,85,1,'Masih perlu perbaikan di grammar.','2026-06-03 04:30:12','2026-06-03 04:30:12'),(550,398,86,0,NULL,'2026-06-03 04:30:12','2026-06-03 04:30:12');
/*!40000 ALTER TABLE `attendance_student` ENABLE KEYS */;
UNLOCK TABLES;

--
-- Table structure for table `attendance_tutor`
--

DROP TABLE IF EXISTS `attendance_tutor`;
/*!40101 SET @saved_cs_client     = @@character_set_client */;
/*!50503 SET character_set_client = utf8mb4 */;
CREATE TABLE `attendance_tutor` (
  `id` bigint unsigned NOT NULL AUTO_INCREMENT,
  `attendance_id` bigint unsigned NOT NULL,
  `tutor_id` bigint unsigned NOT NULL,
  `payable_amount` decimal(15,2) NOT NULL,
  `pending_rate` tinyint(1) NOT NULL DEFAULT '0',
  `journal_id` bigint unsigned DEFAULT NULL,
  `is_replacement` tinyint(1) NOT NULL DEFAULT '0',
  `is_team_teaching` tinyint(1) NOT NULL DEFAULT '0',
  `created_at` timestamp NULL DEFAULT NULL,
  `updated_at` timestamp NULL DEFAULT NULL,
  `paid_at` timestamp NULL DEFAULT NULL,
  `replaced_tutor_id` bigint unsigned DEFAULT NULL,
  PRIMARY KEY (`id`),
  UNIQUE KEY `attendance_tutor_attendance_id_tutor_id_unique` (`attendance_id`,`tutor_id`),
  KEY `attendance_tutor_attendance_id_foreign` (`attendance_id`),
  KEY `attendance_tutor_tutor_id_foreign` (`tutor_id`),
  KEY `attendance_tutor_journal_id_foreign` (`journal_id`),
  KEY `attendance_tutor_replaced_tutor_id_foreign` (`replaced_tutor_id`),
  CONSTRAINT `attendance_tutor_attendance_id_foreign` FOREIGN KEY (`attendance_id`) REFERENCES `attendance` (`id`) ON DELETE CASCADE,
  CONSTRAINT `attendance_tutor_journal_id_foreign` FOREIGN KEY (`journal_id`) REFERENCES `journals` (`id`),
  CONSTRAINT `attendance_tutor_replaced_tutor_id_foreign` FOREIGN KEY (`replaced_tutor_id`) REFERENCES `tutors` (`id`) ON DELETE SET NULL,
  CONSTRAINT `attendance_tutor_tutor_id_foreign` FOREIGN KEY (`tutor_id`) REFERENCES `tutors` (`id`)
) ENGINE=InnoDB AUTO_INCREMENT=399 DEFAULT CHARSET=utf8mb4 COLLATE=utf8mb4_unicode_ci;
/*!40101 SET character_set_client = @saved_cs_client */;

--
-- Dumping data for table `attendance_tutor`
--

LOCK TABLES `attendance_tutor` WRITE;
/*!40000 ALTER TABLE `attendance_tutor` DISABLE KEYS */;
INSERT INTO `attendance_tutor` VALUES (1,1,1,100000.00,0,88,0,0,'2026-06-03 04:30:12','2026-06-03 04:30:28','2026-04-29 17:00:00',NULL),(2,2,1,100000.00,0,90,0,0,'2026-06-03 04:30:12','2026-06-03 04:30:28','2026-04-29 17:00:00',NULL),(3,3,1,100000.00,0,92,0,0,'2026-06-03 04:30:12','2026-06-03 04:30:28','2026-04-29 17:00:00',NULL),(4,4,1,100000.00,0,94,0,0,'2026-06-03 04:30:12','2026-06-03 04:30:28','2026-05-30 17:00:00',NULL),(5,5,1,100000.00,0,96,0,0,'2026-06-03 04:30:12','2026-06-03 04:30:28','2026-05-30 17:00:00',NULL),(6,6,1,100000.00,0,98,0,0,'2026-06-03 04:30:12','2026-06-03 04:30:28','2026-05-30 17:00:00',NULL),(7,7,4,75000.00,0,100,0,0,'2026-06-03 04:30:12','2026-06-03 04:30:28','2026-01-30 17:00:00',NULL),(8,8,4,75000.00,0,102,0,0,'2026-06-03 04:30:12','2026-06-03 04:30:28','2026-01-30 17:00:00',NULL),(9,9,4,75000.00,0,104,0,0,'2026-06-03 04:30:12','2026-06-03 04:30:28','2026-01-30 17:00:00',NULL),(10,10,4,75000.00,0,106,0,0,'2026-06-03 04:30:12','2026-06-03 04:30:28','2026-01-30 17:00:00',NULL),(11,11,4,75000.00,0,108,0,0,'2026-06-03 04:30:12','2026-06-03 04:30:28','2026-02-27 17:00:00',NULL),(12,12,4,75000.00,0,110,0,0,'2026-06-03 04:30:12','2026-06-03 04:30:28','2026-02-27 17:00:00',NULL),(13,13,4,75000.00,0,112,0,0,'2026-06-03 04:30:12','2026-06-03 04:30:28','2026-02-27 17:00:00',NULL),(14,14,4,75000.00,0,114,0,0,'2026-06-03 04:30:12','2026-06-03 04:30:28','2026-02-27 17:00:00',NULL),(15,15,31,75000.00,0,116,0,0,'2026-06-03 04:30:12','2026-06-03 04:30:12',NULL,NULL),(16,16,31,75000.00,0,118,0,0,'2026-06-03 04:30:12','2026-06-03 04:30:12',NULL,NULL),(17,17,31,75000.00,0,120,0,0,'2026-06-03 04:30:12','2026-06-03 04:30:28','2026-01-30 17:00:00',NULL),(18,18,31,75000.00,0,122,0,0,'2026-06-03 04:30:12','2026-06-03 04:30:28','2026-01-30 17:00:00',NULL),(19,19,31,75000.00,0,124,0,0,'2026-06-03 04:30:12','2026-06-03 04:30:28','2026-01-30 17:00:00',NULL),(20,20,31,75000.00,0,126,0,0,'2026-06-03 04:30:12','2026-06-03 04:30:28','2026-01-30 17:00:00',NULL),(21,21,33,95000.00,0,128,0,0,'2026-06-03 04:30:12','2026-06-03 04:30:28','2026-03-30 17:00:00',NULL),(22,22,33,95000.00,0,130,0,0,'2026-06-03 04:30:12','2026-06-03 04:30:28','2026-03-30 17:00:00',NULL),(23,23,33,95000.00,0,132,0,0,'2026-06-03 04:30:12','2026-06-03 04:30:28','2026-03-30 17:00:00',NULL),(24,24,33,95000.00,0,134,0,0,'2026-06-03 04:30:12','2026-06-03 04:30:28','2026-03-30 17:00:00',NULL),(25,25,33,95000.00,0,136,0,0,'2026-06-03 04:30:12','2026-06-03 04:30:28','2026-03-30 17:00:00',NULL),(26,26,33,95000.00,0,138,0,0,'2026-06-03 04:30:12','2026-06-03 04:30:28','2026-03-30 17:00:00',NULL),(27,27,33,95000.00,0,140,0,0,'2026-06-03 04:30:12','2026-06-03 04:30:28','2026-04-29 17:00:00',NULL),(28,28,33,95000.00,0,142,0,0,'2026-06-03 04:30:12','2026-06-03 04:30:28','2026-04-29 17:00:00',NULL),(29,29,33,95000.00,0,144,0,0,'2026-06-03 04:30:12','2026-06-03 04:30:28','2026-04-29 17:00:00',NULL),(30,30,33,95000.00,0,146,0,0,'2026-06-03 04:30:12','2026-06-03 04:30:28','2026-04-29 17:00:00',NULL),(31,31,33,95000.00,0,148,0,0,'2026-06-03 04:30:12','2026-06-03 04:30:28','2026-04-29 17:00:00',NULL),(32,32,33,95000.00,0,150,0,0,'2026-06-03 04:30:12','2026-06-03 04:30:28','2026-04-29 17:00:00',NULL),(33,33,33,95000.00,0,152,0,0,'2026-06-03 04:30:12','2026-06-03 04:30:28','2026-05-30 17:00:00',NULL),(34,34,33,95000.00,0,154,0,0,'2026-06-03 04:30:12','2026-06-03 04:30:28','2026-05-30 17:00:00',NULL),(35,35,33,95000.00,0,156,0,0,'2026-06-03 04:30:12','2026-06-03 04:30:28','2026-05-30 17:00:00',NULL),(36,36,33,95000.00,0,158,0,0,'2026-06-03 04:30:12','2026-06-03 04:30:28','2026-05-30 17:00:00',NULL),(37,37,33,95000.00,0,160,0,0,'2026-06-03 04:30:12','2026-06-03 04:30:28','2026-05-30 17:00:00',NULL),(38,38,33,95000.00,0,162,0,0,'2026-06-03 04:30:12','2026-06-03 04:30:28','2026-05-30 17:00:00',NULL),(39,39,33,95000.00,0,164,0,0,'2026-06-03 04:30:12','2026-06-03 04:30:12',NULL,NULL),(40,40,12,75000.00,0,166,0,0,'2026-06-03 04:30:12','2026-06-03 04:30:12',NULL,NULL),(41,41,12,75000.00,0,168,0,0,'2026-06-03 04:30:12','2026-06-03 04:30:12',NULL,NULL),(42,42,12,75000.00,0,170,0,0,'2026-06-03 04:30:12','2026-06-03 04:30:12',NULL,NULL),(43,43,12,75000.00,0,172,0,0,'2026-06-03 04:30:12','2026-06-03 04:30:12',NULL,NULL),(44,44,12,75000.00,0,174,0,0,'2026-06-03 04:30:12','2026-06-03 04:30:12',NULL,NULL),(45,45,12,75000.00,0,176,0,0,'2026-06-03 04:30:12','2026-06-03 04:30:12',NULL,NULL),(46,46,12,75000.00,0,178,0,0,'2026-06-03 04:30:12','2026-06-03 04:30:12',NULL,NULL),(47,47,12,75000.00,0,180,0,0,'2026-06-03 04:30:12','2026-06-03 04:30:12',NULL,NULL),(48,48,12,75000.00,0,182,0,0,'2026-06-03 04:30:12','2026-06-03 04:30:12',NULL,NULL),(49,49,12,75000.00,0,184,0,0,'2026-06-03 04:30:12','2026-06-03 04:30:12',NULL,NULL),(50,50,12,75000.00,0,186,0,0,'2026-06-03 04:30:12','2026-06-03 04:30:12',NULL,NULL),(51,51,12,75000.00,0,188,0,0,'2026-06-03 04:30:12','2026-06-03 04:30:12',NULL,NULL),(52,52,12,75000.00,0,190,0,0,'2026-06-03 04:30:12','2026-06-03 04:30:12',NULL,NULL),(53,53,12,75000.00,0,192,0,0,'2026-06-03 04:30:12','2026-06-03 04:30:12',NULL,NULL),(54,54,12,75000.00,0,194,0,0,'2026-06-03 04:30:12','2026-06-03 04:30:12',NULL,NULL),(55,55,12,75000.00,0,196,0,0,'2026-06-03 04:30:12','2026-06-03 04:30:12',NULL,NULL),(56,56,12,75000.00,0,198,0,0,'2026-06-03 04:30:12','2026-06-03 04:30:12',NULL,NULL),(57,57,12,75000.00,0,200,0,0,'2026-06-03 04:30:12','2026-06-03 04:30:12',NULL,NULL),(58,58,12,75000.00,0,202,0,0,'2026-06-03 04:30:12','2026-06-03 04:30:12',NULL,NULL),(59,59,12,75000.00,0,204,0,0,'2026-06-03 04:30:12','2026-06-03 04:30:12',NULL,NULL),(60,60,12,75000.00,0,206,0,0,'2026-06-03 04:30:12','2026-06-03 04:30:12',NULL,NULL),(61,61,12,75000.00,0,208,0,0,'2026-06-03 04:30:12','2026-06-03 04:30:12',NULL,NULL),(62,62,12,75000.00,0,210,0,0,'2026-06-03 04:30:12','2026-06-03 04:30:12',NULL,NULL),(63,63,12,75000.00,0,212,0,0,'2026-06-03 04:30:12','2026-06-03 04:30:12',NULL,NULL),(64,64,24,75000.00,0,214,0,0,'2026-06-03 04:30:12','2026-06-03 04:30:12',NULL,NULL),(65,65,24,75000.00,0,216,0,0,'2026-06-03 04:30:12','2026-06-03 04:30:12',NULL,NULL),(66,66,24,75000.00,0,218,0,0,'2026-06-03 04:30:12','2026-06-03 04:30:12',NULL,NULL),(67,67,24,75000.00,0,220,0,0,'2026-06-03 04:30:12','2026-06-03 04:30:12',NULL,NULL),(68,68,24,75000.00,0,222,0,0,'2026-06-03 04:30:12','2026-06-03 04:30:12',NULL,NULL),(69,69,24,75000.00,0,224,0,0,'2026-06-03 04:30:12','2026-06-03 04:30:12',NULL,NULL),(70,70,24,75000.00,0,226,0,0,'2026-06-03 04:30:12','2026-06-03 04:30:12',NULL,NULL),(71,71,24,75000.00,0,228,0,0,'2026-06-03 04:30:12','2026-06-03 04:30:12',NULL,NULL),(72,72,24,75000.00,0,230,0,0,'2026-06-03 04:30:12','2026-06-03 04:30:12',NULL,NULL),(73,73,24,75000.00,0,232,0,0,'2026-06-03 04:30:12','2026-06-03 04:30:12',NULL,NULL),(74,74,24,75000.00,0,234,0,0,'2026-06-03 04:30:12','2026-06-03 04:30:12',NULL,NULL),(75,75,24,75000.00,0,236,0,0,'2026-06-03 04:30:12','2026-06-03 04:30:12',NULL,NULL),(76,76,24,75000.00,0,238,0,0,'2026-06-03 04:30:12','2026-06-03 04:30:12',NULL,NULL),(77,77,24,75000.00,0,240,0,0,'2026-06-03 04:30:12','2026-06-03 04:30:12',NULL,NULL),(78,78,24,75000.00,0,242,0,0,'2026-06-03 04:30:12','2026-06-03 04:30:12',NULL,NULL),(79,79,24,75000.00,0,244,0,0,'2026-06-03 04:30:12','2026-06-03 04:30:12',NULL,NULL),(80,80,27,100000.00,0,246,0,0,'2026-06-03 04:30:12','2026-06-03 04:30:28','2026-04-29 17:00:00',NULL),(81,81,27,100000.00,0,248,0,0,'2026-06-03 04:30:12','2026-06-03 04:30:28','2026-04-29 17:00:00',NULL),(82,82,27,100000.00,0,250,0,0,'2026-06-03 04:30:12','2026-06-03 04:30:28','2026-04-29 17:00:00',NULL),(83,83,27,100000.00,0,252,0,0,'2026-06-03 04:30:12','2026-06-03 04:30:28','2026-05-30 17:00:00',NULL),(84,84,27,100000.00,0,254,0,0,'2026-06-03 04:30:12','2026-06-03 04:30:28','2026-05-30 17:00:00',NULL),(85,85,27,100000.00,0,256,0,0,'2026-06-03 04:30:12','2026-06-03 04:30:28','2026-05-30 17:00:00',NULL),(86,86,27,100000.00,0,258,0,0,'2026-06-03 04:30:12','2026-06-03 04:30:28','2026-05-30 17:00:00',NULL),(87,87,37,85000.00,0,260,0,0,'2026-06-03 04:30:12','2026-06-03 04:30:12',NULL,NULL),(88,88,37,85000.00,0,262,0,0,'2026-06-03 04:30:12','2026-06-03 04:30:12',NULL,NULL),(89,89,37,85000.00,0,264,0,0,'2026-06-03 04:30:12','2026-06-03 04:30:12',NULL,NULL),(90,90,37,85000.00,0,266,0,0,'2026-06-03 04:30:12','2026-06-03 04:30:12',NULL,NULL),(91,91,37,85000.00,0,268,0,0,'2026-06-03 04:30:12','2026-06-03 04:30:12',NULL,NULL),(92,92,37,85000.00,0,270,0,0,'2026-06-03 04:30:12','2026-06-03 04:30:12',NULL,NULL),(93,93,37,85000.00,0,272,0,0,'2026-06-03 04:30:12','2026-06-03 04:30:12',NULL,NULL),(94,94,37,85000.00,0,274,0,0,'2026-06-03 04:30:12','2026-06-03 04:30:12',NULL,NULL),(95,95,37,85000.00,0,276,0,0,'2026-06-03 04:30:12','2026-06-03 04:30:12',NULL,NULL),(96,96,37,85000.00,0,278,0,0,'2026-06-03 04:30:12','2026-06-03 04:30:12',NULL,NULL),(97,97,37,85000.00,0,280,0,0,'2026-06-03 04:30:12','2026-06-03 04:30:12',NULL,NULL),(98,98,37,85000.00,0,282,0,0,'2026-06-03 04:30:12','2026-06-03 04:30:12',NULL,NULL),(99,99,37,85000.00,0,284,0,0,'2026-06-03 04:30:12','2026-06-03 04:30:12',NULL,NULL),(100,100,37,85000.00,0,286,0,0,'2026-06-03 04:30:12','2026-06-03 04:30:12',NULL,NULL),(101,101,37,85000.00,0,288,0,0,'2026-06-03 04:30:12','2026-06-03 04:30:12',NULL,NULL),(102,102,37,85000.00,0,290,0,0,'2026-06-03 04:30:12','2026-06-03 04:30:12',NULL,NULL),(103,103,37,85000.00,0,292,0,0,'2026-06-03 04:30:12','2026-06-03 04:30:12',NULL,NULL),(104,104,37,85000.00,0,294,0,0,'2026-06-03 04:30:12','2026-06-03 04:30:12',NULL,NULL),(105,105,37,85000.00,0,296,0,0,'2026-06-03 04:30:12','2026-06-03 04:30:12',NULL,NULL),(106,106,37,85000.00,0,298,0,0,'2026-06-03 04:30:12','2026-06-03 04:30:12',NULL,NULL),(107,107,37,85000.00,0,300,0,0,'2026-06-03 04:30:12','2026-06-03 04:30:12',NULL,NULL),(108,108,37,85000.00,0,302,0,0,'2026-06-03 04:30:12','2026-06-03 04:30:12',NULL,NULL),(109,109,37,85000.00,0,304,0,0,'2026-06-03 04:30:12','2026-06-03 04:30:12',NULL,NULL),(110,110,37,85000.00,0,306,0,0,'2026-06-03 04:30:12','2026-06-03 04:30:12',NULL,NULL),(111,111,17,100000.00,0,308,0,0,'2026-06-03 04:30:12','2026-06-03 04:30:12',NULL,NULL),(112,112,17,100000.00,0,310,0,0,'2026-06-03 04:30:12','2026-06-03 04:30:12',NULL,NULL),(113,113,17,100000.00,0,312,0,0,'2026-06-03 04:30:12','2026-06-03 04:30:12',NULL,NULL),(114,114,17,100000.00,0,314,0,0,'2026-06-03 04:30:12','2026-06-03 04:30:12',NULL,NULL),(115,115,17,100000.00,0,316,0,0,'2026-06-03 04:30:12','2026-06-03 04:30:12',NULL,NULL),(116,116,17,100000.00,0,318,0,0,'2026-06-03 04:30:12','2026-06-03 04:30:12',NULL,NULL),(117,117,17,100000.00,0,320,0,0,'2026-06-03 04:30:12','2026-06-03 04:30:12',NULL,NULL),(118,118,17,100000.00,0,322,0,0,'2026-06-03 04:30:12','2026-06-03 04:30:12',NULL,NULL),(119,119,17,100000.00,0,324,0,0,'2026-06-03 04:30:12','2026-06-03 04:30:12',NULL,NULL),(120,120,17,100000.00,0,326,0,0,'2026-06-03 04:30:12','2026-06-03 04:30:12',NULL,NULL),(121,121,17,100000.00,0,328,0,0,'2026-06-03 04:30:12','2026-06-03 04:30:12',NULL,NULL),(122,122,17,100000.00,0,330,0,0,'2026-06-03 04:30:12','2026-06-03 04:30:12',NULL,NULL),(123,123,17,100000.00,0,332,0,0,'2026-06-03 04:30:12','2026-06-03 04:30:12',NULL,NULL),(124,124,17,100000.00,0,334,0,0,'2026-06-03 04:30:12','2026-06-03 04:30:12',NULL,NULL),(125,125,17,100000.00,0,336,0,0,'2026-06-03 04:30:12','2026-06-03 04:30:12',NULL,NULL),(126,126,17,100000.00,0,338,0,0,'2026-06-03 04:30:12','2026-06-03 04:30:12',NULL,NULL),(127,127,17,100000.00,0,340,0,0,'2026-06-03 04:30:12','2026-06-03 04:30:12',NULL,NULL),(128,128,17,100000.00,0,342,0,0,'2026-06-03 04:30:12','2026-06-03 04:30:12',NULL,NULL),(129,129,17,100000.00,0,344,0,0,'2026-06-03 04:30:12','2026-06-03 04:30:12',NULL,NULL),(130,130,17,100000.00,0,346,0,0,'2026-06-03 04:30:12','2026-06-03 04:30:28','2026-01-30 17:00:00',NULL),(131,131,17,100000.00,0,348,0,0,'2026-06-03 04:30:12','2026-06-03 04:30:28','2026-01-30 17:00:00',NULL),(132,132,17,100000.00,0,350,0,0,'2026-06-03 04:30:12','2026-06-03 04:30:28','2026-01-30 17:00:00',NULL),(133,133,17,100000.00,0,352,0,0,'2026-06-03 04:30:12','2026-06-03 04:30:28','2026-01-30 17:00:00',NULL),(134,134,17,100000.00,0,354,0,0,'2026-06-03 04:30:12','2026-06-03 04:30:28','2026-01-30 17:00:00',NULL),(135,135,17,100000.00,0,356,0,0,'2026-06-03 04:30:12','2026-06-03 04:30:28','2026-02-27 17:00:00',NULL),(136,136,17,100000.00,0,358,0,0,'2026-06-03 04:30:12','2026-06-03 04:30:28','2026-02-27 17:00:00',NULL),(137,137,17,100000.00,0,360,0,0,'2026-06-03 04:30:12','2026-06-03 04:30:28','2026-02-27 17:00:00',NULL),(138,138,17,100000.00,0,362,0,0,'2026-06-03 04:30:12','2026-06-03 04:30:28','2026-02-27 17:00:00',NULL),(139,139,17,100000.00,0,364,0,0,'2026-06-03 04:30:12','2026-06-03 04:30:28','2026-02-27 17:00:00',NULL),(140,140,17,100000.00,0,366,0,0,'2026-06-03 04:30:12','2026-06-03 04:30:28','2026-02-27 17:00:00',NULL),(141,141,17,100000.00,0,368,0,0,'2026-06-03 04:30:12','2026-06-03 04:30:28','2026-03-30 17:00:00',NULL),(142,142,17,100000.00,0,370,0,0,'2026-06-03 04:30:12','2026-06-03 04:30:28','2026-03-30 17:00:00',NULL),(143,143,17,100000.00,0,372,0,0,'2026-06-03 04:30:12','2026-06-03 04:30:28','2026-03-30 17:00:00',NULL),(144,144,17,100000.00,0,374,0,0,'2026-06-03 04:30:12','2026-06-03 04:30:28','2026-03-30 17:00:00',NULL),(145,145,17,100000.00,0,376,0,0,'2026-06-03 04:30:12','2026-06-03 04:30:28','2026-03-30 17:00:00',NULL),(146,146,36,85000.00,0,378,0,0,'2026-06-03 04:30:12','2026-06-03 04:30:28','2026-02-27 17:00:00',NULL),(147,147,37,75000.00,0,380,0,0,'2026-06-03 04:30:12','2026-06-03 04:30:28','2026-02-27 17:00:00',NULL),(148,148,37,75000.00,0,382,0,0,'2026-06-03 04:30:12','2026-06-03 04:30:28','2026-03-30 17:00:00',NULL),(149,149,37,75000.00,0,384,0,0,'2026-06-03 04:30:12','2026-06-03 04:30:28','2026-03-30 17:00:00',NULL),(150,150,37,75000.00,0,386,0,0,'2026-06-03 04:30:12','2026-06-03 04:30:28','2026-03-30 17:00:00',NULL),(151,151,37,75000.00,0,388,0,0,'2026-06-03 04:30:12','2026-06-03 04:30:28','2026-03-30 17:00:00',NULL),(152,152,37,75000.00,0,390,0,0,'2026-06-03 04:30:12','2026-06-03 04:30:28','2026-03-30 17:00:00',NULL),(153,153,37,75000.00,0,392,0,0,'2026-06-03 04:30:12','2026-06-03 04:30:28','2026-03-30 17:00:00',NULL),(154,154,37,75000.00,0,394,0,0,'2026-06-03 04:30:12','2026-06-03 04:30:28','2026-04-29 17:00:00',NULL),(155,155,37,75000.00,0,396,0,0,'2026-06-03 04:30:12','2026-06-03 04:30:28','2026-04-29 17:00:00',NULL),(156,156,37,75000.00,0,398,0,0,'2026-06-03 04:30:12','2026-06-03 04:30:28','2026-04-29 17:00:00',NULL),(157,157,37,75000.00,0,400,0,0,'2026-06-03 04:30:12','2026-06-03 04:30:28','2026-04-29 17:00:00',NULL),(158,158,37,75000.00,0,402,0,0,'2026-06-03 04:30:12','2026-06-03 04:30:28','2026-04-29 17:00:00',NULL),(159,159,37,75000.00,0,404,0,0,'2026-06-03 04:30:12','2026-06-03 04:30:28','2026-04-29 17:00:00',NULL),(160,160,39,100000.00,0,406,0,0,'2026-06-03 04:30:12','2026-06-03 04:30:28','2026-03-30 17:00:00',NULL),(161,161,39,100000.00,0,408,0,0,'2026-06-03 04:30:12','2026-06-03 04:30:28','2026-03-30 17:00:00',NULL),(162,162,39,100000.00,0,410,0,0,'2026-06-03 04:30:12','2026-06-03 04:30:28','2026-03-30 17:00:00',NULL),(163,163,39,100000.00,0,412,0,0,'2026-06-03 04:30:12','2026-06-03 04:30:28','2026-03-30 17:00:00',NULL),(164,164,39,100000.00,0,414,0,0,'2026-06-03 04:30:12','2026-06-03 04:30:28','2026-03-30 17:00:00',NULL),(165,165,39,100000.00,0,416,0,0,'2026-06-03 04:30:12','2026-06-03 04:30:28','2026-04-29 17:00:00',NULL),(166,166,39,100000.00,0,418,0,0,'2026-06-03 04:30:12','2026-06-03 04:30:28','2026-04-29 17:00:00',NULL),(167,167,39,100000.00,0,420,0,0,'2026-06-03 04:30:12','2026-06-03 04:30:28','2026-04-29 17:00:00',NULL),(168,168,39,100000.00,0,422,0,0,'2026-06-03 04:30:12','2026-06-03 04:30:28','2026-04-29 17:00:00',NULL),(169,169,39,100000.00,0,424,0,0,'2026-06-03 04:30:12','2026-06-03 04:30:28','2026-04-29 17:00:00',NULL),(170,170,9,85000.00,0,426,0,0,'2026-06-03 04:30:12','2026-06-03 04:30:28','2026-02-27 17:00:00',NULL),(171,171,9,85000.00,0,428,0,0,'2026-06-03 04:30:12','2026-06-03 04:30:28','2026-02-27 17:00:00',NULL),(172,172,9,85000.00,0,430,0,0,'2026-06-03 04:30:12','2026-06-03 04:30:28','2026-02-27 17:00:00',NULL),(173,173,9,85000.00,0,432,0,0,'2026-06-03 04:30:12','2026-06-03 04:30:28','2026-03-30 17:00:00',NULL),(174,174,18,95000.00,0,434,0,0,'2026-06-03 04:30:12','2026-06-03 04:30:12',NULL,NULL),(175,175,18,95000.00,0,436,0,0,'2026-06-03 04:30:12','2026-06-03 04:30:12',NULL,NULL),(176,176,18,95000.00,0,438,0,0,'2026-06-03 04:30:12','2026-06-03 04:30:12',NULL,NULL),(177,177,18,95000.00,0,440,0,0,'2026-06-03 04:30:12','2026-06-03 04:30:12',NULL,NULL),(178,178,18,95000.00,0,442,0,0,'2026-06-03 04:30:12','2026-06-03 04:30:12',NULL,NULL),(179,179,18,95000.00,0,444,0,0,'2026-06-03 04:30:12','2026-06-03 04:30:12',NULL,NULL),(180,180,18,95000.00,0,446,0,0,'2026-06-03 04:30:12','2026-06-03 04:30:12',NULL,NULL),(181,181,18,95000.00,0,448,0,0,'2026-06-03 04:30:12','2026-06-03 04:30:12',NULL,NULL),(182,182,18,95000.00,0,450,0,0,'2026-06-03 04:30:12','2026-06-03 04:30:12',NULL,NULL),(183,183,18,95000.00,0,452,0,0,'2026-06-03 04:30:12','2026-06-03 04:30:28','2026-01-30 17:00:00',NULL),(184,184,18,95000.00,0,454,0,0,'2026-06-03 04:30:12','2026-06-03 04:30:28','2026-01-30 17:00:00',NULL),(185,185,18,95000.00,0,456,0,0,'2026-06-03 04:30:12','2026-06-03 04:30:28','2026-01-30 17:00:00',NULL),(186,186,14,75000.00,0,458,0,0,'2026-06-03 04:30:12','2026-06-03 04:30:28','2026-03-30 17:00:00',NULL),(187,187,14,75000.00,0,460,0,0,'2026-06-03 04:30:12','2026-06-03 04:30:28','2026-03-30 17:00:00',NULL),(188,188,14,75000.00,0,462,0,0,'2026-06-03 04:30:12','2026-06-03 04:30:28','2026-03-30 17:00:00',NULL),(189,189,14,75000.00,0,464,0,0,'2026-06-03 04:30:12','2026-06-03 04:30:28','2026-03-30 17:00:00',NULL),(190,190,20,100000.00,0,466,0,0,'2026-06-03 04:30:12','2026-06-03 04:30:12',NULL,NULL),(191,191,20,100000.00,0,468,0,0,'2026-06-03 04:30:12','2026-06-03 04:30:12',NULL,NULL),(192,192,20,100000.00,0,470,0,0,'2026-06-03 04:30:12','2026-06-03 04:30:12',NULL,NULL),(193,193,25,85000.00,0,472,0,0,'2026-06-03 04:30:12','2026-06-03 04:30:12',NULL,NULL),(194,194,25,85000.00,0,474,0,0,'2026-06-03 04:30:12','2026-06-03 04:30:12',NULL,NULL),(195,195,25,85000.00,0,476,0,0,'2026-06-03 04:30:12','2026-06-03 04:30:12',NULL,NULL),(196,196,25,85000.00,0,478,0,0,'2026-06-03 04:30:12','2026-06-03 04:30:12',NULL,NULL),(197,197,25,85000.00,0,480,0,0,'2026-06-03 04:30:12','2026-06-03 04:30:12',NULL,NULL),(198,198,25,85000.00,0,482,0,0,'2026-06-03 04:30:12','2026-06-03 04:30:12',NULL,NULL),(199,199,25,85000.00,0,484,0,0,'2026-06-03 04:30:12','2026-06-03 04:30:12',NULL,NULL),(200,200,25,85000.00,0,486,0,0,'2026-06-03 04:30:12','2026-06-03 04:30:12',NULL,NULL),(201,201,25,85000.00,0,488,0,0,'2026-06-03 04:30:12','2026-06-03 04:30:12',NULL,NULL),(202,202,25,85000.00,0,490,0,0,'2026-06-03 04:30:12','2026-06-03 04:30:12',NULL,NULL),(203,203,10,95000.00,0,492,0,0,'2026-06-03 04:30:12','2026-06-03 04:30:28','2026-01-30 17:00:00',NULL),(204,204,10,95000.00,0,494,0,0,'2026-06-03 04:30:12','2026-06-03 04:30:28','2026-01-30 17:00:00',NULL),(205,205,10,95000.00,0,496,0,0,'2026-06-03 04:30:12','2026-06-03 04:30:28','2026-02-27 17:00:00',NULL),(206,206,10,95000.00,0,498,0,0,'2026-06-03 04:30:12','2026-06-03 04:30:28','2026-02-27 17:00:00',NULL),(207,207,10,95000.00,0,500,0,0,'2026-06-03 04:30:12','2026-06-03 04:30:28','2026-02-27 17:00:00',NULL),(208,208,10,95000.00,0,502,0,0,'2026-06-03 04:30:12','2026-06-03 04:30:28','2026-02-27 17:00:00',NULL),(209,209,10,95000.00,0,504,0,0,'2026-06-03 04:30:12','2026-06-03 04:30:28','2026-02-27 17:00:00',NULL),(210,210,10,95000.00,0,506,0,0,'2026-06-03 04:30:12','2026-06-03 04:30:28','2026-02-27 17:00:00',NULL),(211,211,10,95000.00,0,508,0,0,'2026-06-03 04:30:12','2026-06-03 04:30:28','2026-03-30 17:00:00',NULL),(212,212,10,95000.00,0,510,0,0,'2026-06-03 04:30:12','2026-06-03 04:30:28','2026-03-30 17:00:00',NULL),(213,213,10,95000.00,0,512,0,0,'2026-06-03 04:30:12','2026-06-03 04:30:28','2026-03-30 17:00:00',NULL),(214,214,10,95000.00,0,514,0,0,'2026-06-03 04:30:12','2026-06-03 04:30:28','2026-03-30 17:00:00',NULL),(215,215,10,95000.00,0,516,0,0,'2026-06-03 04:30:12','2026-06-03 04:30:28','2026-03-30 17:00:00',NULL),(216,216,10,95000.00,0,518,0,0,'2026-06-03 04:30:12','2026-06-03 04:30:28','2026-04-29 17:00:00',NULL),(217,217,10,95000.00,0,520,0,0,'2026-06-03 04:30:12','2026-06-03 04:30:28','2026-04-29 17:00:00',NULL),(218,218,10,95000.00,0,522,0,0,'2026-06-03 04:30:12','2026-06-03 04:30:28','2026-04-29 17:00:00',NULL),(219,219,10,95000.00,0,524,0,0,'2026-06-03 04:30:12','2026-06-03 04:30:28','2026-04-29 17:00:00',NULL),(220,220,10,95000.00,0,526,0,0,'2026-06-03 04:30:12','2026-06-03 04:30:28','2026-04-29 17:00:00',NULL),(221,221,10,95000.00,0,528,0,0,'2026-06-03 04:30:12','2026-06-03 04:30:28','2026-04-29 17:00:00',NULL),(222,222,10,95000.00,0,530,0,0,'2026-06-03 04:30:12','2026-06-03 04:30:28','2026-05-30 17:00:00',NULL),(223,223,10,95000.00,0,532,0,0,'2026-06-03 04:30:12','2026-06-03 04:30:28','2026-05-30 17:00:00',NULL),(224,224,10,95000.00,0,534,0,0,'2026-06-03 04:30:12','2026-06-03 04:30:28','2026-05-30 17:00:00',NULL),(225,225,10,95000.00,0,536,0,0,'2026-06-03 04:30:12','2026-06-03 04:30:28','2026-05-30 17:00:00',NULL),(226,226,10,95000.00,0,538,0,0,'2026-06-03 04:30:12','2026-06-03 04:30:28','2026-05-30 17:00:00',NULL),(227,227,10,95000.00,0,540,0,0,'2026-06-03 04:30:12','2026-06-03 04:30:28','2026-05-30 17:00:00',NULL),(228,228,17,75000.00,0,542,0,0,'2026-06-03 04:30:12','2026-06-03 04:30:28','2026-04-29 17:00:00',NULL),(229,229,17,75000.00,0,544,0,0,'2026-06-03 04:30:12','2026-06-03 04:30:28','2026-05-30 17:00:00',NULL),(230,230,17,75000.00,0,546,0,0,'2026-06-03 04:30:12','2026-06-03 04:30:28','2026-05-30 17:00:00',NULL),(231,231,17,75000.00,0,548,0,0,'2026-06-03 04:30:12','2026-06-03 04:30:28','2026-05-30 17:00:00',NULL),(232,232,17,75000.00,0,550,0,0,'2026-06-03 04:30:12','2026-06-03 04:30:28','2026-05-30 17:00:00',NULL),(233,233,17,75000.00,0,552,0,0,'2026-06-03 04:30:12','2026-06-03 04:30:28','2026-05-30 17:00:00',NULL),(234,234,17,75000.00,0,554,0,0,'2026-06-03 04:30:12','2026-06-03 04:30:28','2026-05-30 17:00:00',NULL),(235,235,32,75000.00,0,556,0,0,'2026-06-03 04:30:12','2026-06-03 04:30:12',NULL,NULL),(236,236,32,75000.00,0,558,0,0,'2026-06-03 04:30:12','2026-06-03 04:30:12',NULL,NULL),(237,237,32,75000.00,0,560,0,0,'2026-06-03 04:30:12','2026-06-03 04:30:12',NULL,NULL),(238,238,32,75000.00,0,562,0,0,'2026-06-03 04:30:12','2026-06-03 04:30:12',NULL,NULL),(239,239,32,75000.00,0,564,0,0,'2026-06-03 04:30:12','2026-06-03 04:30:12',NULL,NULL),(240,240,32,75000.00,0,566,0,0,'2026-06-03 04:30:12','2026-06-03 04:30:12',NULL,NULL),(241,241,32,75000.00,0,568,0,0,'2026-06-03 04:30:12','2026-06-03 04:30:12',NULL,NULL),(242,242,32,75000.00,0,570,0,0,'2026-06-03 04:30:12','2026-06-03 04:30:12',NULL,NULL),(243,243,32,75000.00,0,572,0,0,'2026-06-03 04:30:12','2026-06-03 04:30:12',NULL,NULL),(244,244,21,95000.00,0,574,0,0,'2026-06-03 04:30:12','2026-06-03 04:30:12',NULL,NULL),(245,245,21,95000.00,0,576,0,0,'2026-06-03 04:30:12','2026-06-03 04:30:12',NULL,NULL),(246,246,21,95000.00,0,578,0,0,'2026-06-03 04:30:12','2026-06-03 04:30:12',NULL,NULL),(247,247,21,95000.00,0,580,0,0,'2026-06-03 04:30:12','2026-06-03 04:30:12',NULL,NULL),(248,248,21,95000.00,0,582,0,0,'2026-06-03 04:30:12','2026-06-03 04:30:12',NULL,NULL),(249,249,21,95000.00,0,584,0,0,'2026-06-03 04:30:12','2026-06-03 04:30:12',NULL,NULL),(250,250,21,95000.00,0,586,0,0,'2026-06-03 04:30:12','2026-06-03 04:30:12',NULL,NULL),(251,251,21,95000.00,0,588,0,0,'2026-06-03 04:30:12','2026-06-03 04:30:12',NULL,NULL),(252,252,21,95000.00,0,590,0,0,'2026-06-03 04:30:12','2026-06-03 04:30:12',NULL,NULL),(253,253,21,95000.00,0,592,0,0,'2026-06-03 04:30:12','2026-06-03 04:30:12',NULL,NULL),(254,254,21,95000.00,0,594,0,0,'2026-06-03 04:30:12','2026-06-03 04:30:12',NULL,NULL),(255,255,21,95000.00,0,596,0,0,'2026-06-03 04:30:12','2026-06-03 04:30:12',NULL,NULL),(256,256,21,95000.00,0,598,0,0,'2026-06-03 04:30:12','2026-06-03 04:30:12',NULL,NULL),(257,257,21,95000.00,0,600,0,0,'2026-06-03 04:30:12','2026-06-03 04:30:12',NULL,NULL),(258,258,21,95000.00,0,602,0,0,'2026-06-03 04:30:12','2026-06-03 04:30:12',NULL,NULL),(259,259,21,95000.00,0,604,0,0,'2026-06-03 04:30:12','2026-06-03 04:30:12',NULL,NULL),(260,260,21,95000.00,0,606,0,0,'2026-06-03 04:30:12','2026-06-03 04:30:12',NULL,NULL),(261,261,21,95000.00,0,608,0,0,'2026-06-03 04:30:12','2026-06-03 04:30:12',NULL,NULL),(262,262,21,95000.00,0,610,0,0,'2026-06-03 04:30:12','2026-06-03 04:30:12',NULL,NULL),(263,263,28,75000.00,0,612,0,0,'2026-06-03 04:30:12','2026-06-03 04:30:12',NULL,NULL),(264,264,28,75000.00,0,614,0,0,'2026-06-03 04:30:12','2026-06-03 04:30:12',NULL,NULL),(265,265,28,75000.00,0,616,0,0,'2026-06-03 04:30:12','2026-06-03 04:30:12',NULL,NULL),(266,266,28,75000.00,0,618,0,0,'2026-06-03 04:30:12','2026-06-03 04:30:12',NULL,NULL),(267,267,28,75000.00,0,620,0,0,'2026-06-03 04:30:12','2026-06-03 04:30:12',NULL,NULL),(268,268,28,75000.00,0,622,0,0,'2026-06-03 04:30:12','2026-06-03 04:30:12',NULL,NULL),(269,269,28,75000.00,0,624,0,0,'2026-06-03 04:30:12','2026-06-03 04:30:12',NULL,NULL),(270,270,28,75000.00,0,626,0,0,'2026-06-03 04:30:12','2026-06-03 04:30:12',NULL,NULL),(271,271,28,75000.00,0,628,0,0,'2026-06-03 04:30:12','2026-06-03 04:30:12',NULL,NULL),(272,272,28,75000.00,0,630,0,0,'2026-06-03 04:30:12','2026-06-03 04:30:12',NULL,NULL),(273,273,32,75000.00,0,632,0,0,'2026-06-03 04:30:12','2026-06-03 04:30:28','2026-01-30 17:00:00',NULL),(274,274,32,75000.00,0,634,0,0,'2026-06-03 04:30:12','2026-06-03 04:30:28','2026-02-27 17:00:00',NULL),(275,275,32,75000.00,0,636,0,0,'2026-06-03 04:30:12','2026-06-03 04:30:28','2026-02-27 17:00:00',NULL),(276,276,10,95000.00,0,638,0,0,'2026-06-03 04:30:12','2026-06-03 04:30:28','2026-05-30 17:00:00',NULL),(277,277,10,95000.00,0,640,0,0,'2026-06-03 04:30:12','2026-06-03 04:30:28','2026-05-30 17:00:00',NULL),(278,278,10,95000.00,0,642,0,0,'2026-06-03 04:30:12','2026-06-03 04:30:28','2026-05-30 17:00:00',NULL),(279,279,10,95000.00,0,644,0,0,'2026-06-03 04:30:12','2026-06-03 04:30:28','2026-05-30 17:00:00',NULL),(280,280,10,95000.00,0,646,0,0,'2026-06-03 04:30:12','2026-06-03 04:30:28','2026-05-30 17:00:00',NULL),(281,281,29,85000.00,0,648,0,0,'2026-06-03 04:30:12','2026-06-03 04:30:28','2026-02-27 17:00:00',NULL),(282,282,29,85000.00,0,650,0,0,'2026-06-03 04:30:12','2026-06-03 04:30:28','2026-02-27 17:00:00',NULL),(283,283,29,85000.00,0,652,0,0,'2026-06-03 04:30:12','2026-06-03 04:30:28','2026-03-30 17:00:00',NULL),(284,284,29,85000.00,0,654,0,0,'2026-06-03 04:30:12','2026-06-03 04:30:28','2026-03-30 17:00:00',NULL),(285,285,29,85000.00,0,656,0,0,'2026-06-03 04:30:12','2026-06-03 04:30:28','2026-03-30 17:00:00',NULL),(286,286,29,85000.00,0,658,0,0,'2026-06-03 04:30:12','2026-06-03 04:30:28','2026-03-30 17:00:00',NULL),(287,287,29,85000.00,0,660,0,0,'2026-06-03 04:30:12','2026-06-03 04:30:28','2026-03-30 17:00:00',NULL),(288,288,29,85000.00,0,662,0,0,'2026-06-03 04:30:12','2026-06-03 04:30:28','2026-04-29 17:00:00',NULL),(289,289,29,85000.00,0,664,0,0,'2026-06-03 04:30:12','2026-06-03 04:30:28','2026-04-29 17:00:00',NULL),(290,290,29,85000.00,0,666,0,0,'2026-06-03 04:30:12','2026-06-03 04:30:28','2026-04-29 17:00:00',NULL),(291,291,29,85000.00,0,668,0,0,'2026-06-03 04:30:12','2026-06-03 04:30:28','2026-04-29 17:00:00',NULL),(292,292,29,85000.00,0,670,0,0,'2026-06-03 04:30:12','2026-06-03 04:30:28','2026-04-29 17:00:00',NULL),(293,293,31,85000.00,0,672,0,0,'2026-06-03 04:30:12','2026-06-03 04:30:12',NULL,NULL),(294,294,31,85000.00,0,674,0,0,'2026-06-03 04:30:12','2026-06-03 04:30:12',NULL,NULL),(295,295,31,85000.00,0,676,0,0,'2026-06-03 04:30:12','2026-06-03 04:30:12',NULL,NULL),(296,296,31,85000.00,0,678,0,0,'2026-06-03 04:30:12','2026-06-03 04:30:12',NULL,NULL),(297,297,31,85000.00,0,680,0,0,'2026-06-03 04:30:12','2026-06-03 04:30:12',NULL,NULL),(298,298,31,85000.00,0,682,0,0,'2026-06-03 04:30:12','2026-06-03 04:30:28','2026-01-30 17:00:00',NULL),(299,299,31,85000.00,0,684,0,0,'2026-06-03 04:30:12','2026-06-03 04:30:28','2026-01-30 17:00:00',NULL),(300,300,31,85000.00,0,686,0,0,'2026-06-03 04:30:12','2026-06-03 04:30:28','2026-01-30 17:00:00',NULL),(301,301,31,85000.00,0,688,0,0,'2026-06-03 04:30:12','2026-06-03 04:30:28','2026-01-30 17:00:00',NULL),(302,302,31,85000.00,0,690,0,0,'2026-06-03 04:30:12','2026-06-03 04:30:28','2026-01-30 17:00:00',NULL),(303,303,31,85000.00,0,692,0,0,'2026-06-03 04:30:12','2026-06-03 04:30:28','2026-02-27 17:00:00',NULL),(304,304,31,85000.00,0,694,0,0,'2026-06-03 04:30:12','2026-06-03 04:30:28','2026-02-27 17:00:00',NULL),(305,305,31,85000.00,0,696,0,0,'2026-06-03 04:30:12','2026-06-03 04:30:28','2026-02-27 17:00:00',NULL),(306,306,31,85000.00,0,698,0,0,'2026-06-03 04:30:12','2026-06-03 04:30:28','2026-02-27 17:00:00',NULL),(307,307,31,85000.00,0,700,0,0,'2026-06-03 04:30:12','2026-06-03 04:30:28','2026-02-27 17:00:00',NULL),(308,308,31,85000.00,0,702,0,0,'2026-06-03 04:30:12','2026-06-03 04:30:28','2026-03-30 17:00:00',NULL),(309,309,31,85000.00,0,704,0,0,'2026-06-03 04:30:12','2026-06-03 04:30:28','2026-03-30 17:00:00',NULL),(310,310,31,85000.00,0,706,0,0,'2026-06-03 04:30:12','2026-06-03 04:30:28','2026-03-30 17:00:00',NULL),(311,311,31,85000.00,0,708,0,0,'2026-06-03 04:30:12','2026-06-03 04:30:28','2026-03-30 17:00:00',NULL),(312,312,31,85000.00,0,710,0,0,'2026-06-03 04:30:12','2026-06-03 04:30:28','2026-03-30 17:00:00',NULL),(313,313,12,95000.00,0,712,0,0,'2026-06-03 04:30:12','2026-06-03 04:30:12',NULL,NULL),(314,314,12,95000.00,0,714,0,0,'2026-06-03 04:30:12','2026-06-03 04:30:12',NULL,NULL),(315,315,12,95000.00,0,716,0,0,'2026-06-03 04:30:12','2026-06-03 04:30:12',NULL,NULL),(316,316,12,95000.00,0,718,0,0,'2026-06-03 04:30:12','2026-06-03 04:30:12',NULL,NULL),(317,317,12,95000.00,0,720,0,0,'2026-06-03 04:30:12','2026-06-03 04:30:12',NULL,NULL),(318,318,12,95000.00,0,722,0,0,'2026-06-03 04:30:12','2026-06-03 04:30:12',NULL,NULL),(319,319,12,95000.00,0,724,0,0,'2026-06-03 04:30:12','2026-06-03 04:30:12',NULL,NULL),(320,320,12,95000.00,0,726,0,0,'2026-06-03 04:30:12','2026-06-03 04:30:12',NULL,NULL),(321,321,12,95000.00,0,728,0,0,'2026-06-03 04:30:12','2026-06-03 04:30:12',NULL,NULL),(322,322,12,95000.00,0,730,0,0,'2026-06-03 04:30:12','2026-06-03 04:30:12',NULL,NULL),(323,323,12,95000.00,0,732,0,0,'2026-06-03 04:30:12','2026-06-03 04:30:12',NULL,NULL),(324,324,12,95000.00,0,734,0,0,'2026-06-03 04:30:12','2026-06-03 04:30:12',NULL,NULL),(325,325,12,95000.00,0,736,0,0,'2026-06-03 04:30:12','2026-06-03 04:30:12',NULL,NULL),(326,326,12,95000.00,0,738,0,0,'2026-06-03 04:30:12','2026-06-03 04:30:12',NULL,NULL),(327,327,12,95000.00,0,740,0,0,'2026-06-03 04:30:12','2026-06-03 04:30:12',NULL,NULL),(328,328,12,95000.00,0,742,0,0,'2026-06-03 04:30:12','2026-06-03 04:30:12',NULL,NULL),(329,329,10,95000.00,0,744,0,0,'2026-06-03 04:30:12','2026-06-03 04:30:28','2026-04-29 17:00:00',NULL),(330,330,10,95000.00,0,746,0,0,'2026-06-03 04:30:12','2026-06-03 04:30:28','2026-04-29 17:00:00',NULL),(331,331,10,95000.00,0,748,0,0,'2026-06-03 04:30:12','2026-06-03 04:30:28','2026-04-29 17:00:00',NULL),(332,332,10,95000.00,0,750,0,0,'2026-06-03 04:30:12','2026-06-03 04:30:28','2026-04-29 17:00:00',NULL),(333,333,10,95000.00,0,752,0,0,'2026-06-03 04:30:12','2026-06-03 04:30:28','2026-04-29 17:00:00',NULL),(334,334,10,95000.00,0,754,0,0,'2026-06-03 04:30:12','2026-06-03 04:30:28','2026-05-30 17:00:00',NULL),(335,335,10,95000.00,0,756,0,0,'2026-06-03 04:30:12','2026-06-03 04:30:28','2026-05-30 17:00:00',NULL),(336,336,10,95000.00,0,758,0,0,'2026-06-03 04:30:12','2026-06-03 04:30:28','2026-05-30 17:00:00',NULL),(337,337,28,95000.00,0,760,0,0,'2026-06-03 04:30:12','2026-06-03 04:30:28','2026-02-27 17:00:00',NULL),(338,338,11,85000.00,0,762,0,0,'2026-06-03 04:30:12','2026-06-03 04:30:28','2026-02-27 17:00:00',NULL),(339,339,11,85000.00,0,764,0,0,'2026-06-03 04:30:12','2026-06-03 04:30:28','2026-02-27 17:00:00',NULL),(340,340,11,85000.00,0,766,0,0,'2026-06-03 04:30:12','2026-06-03 04:30:28','2026-02-27 17:00:00',NULL),(341,341,11,85000.00,0,768,0,0,'2026-06-03 04:30:12','2026-06-03 04:30:28','2026-02-27 17:00:00',NULL),(342,342,11,85000.00,0,770,0,0,'2026-06-03 04:30:12','2026-06-03 04:30:28','2026-02-27 17:00:00',NULL),(343,343,11,85000.00,0,772,0,0,'2026-06-03 04:30:12','2026-06-03 04:30:28','2026-03-30 17:00:00',NULL),(344,344,11,85000.00,0,774,0,0,'2026-06-03 04:30:12','2026-06-03 04:30:28','2026-03-30 17:00:00',NULL),(345,345,11,85000.00,0,776,0,0,'2026-06-03 04:30:12','2026-06-03 04:30:28','2026-03-30 17:00:00',NULL),(346,346,11,85000.00,0,778,0,0,'2026-06-03 04:30:12','2026-06-03 04:30:28','2026-03-30 17:00:00',NULL),(347,347,11,85000.00,0,780,0,0,'2026-06-03 04:30:12','2026-06-03 04:30:28','2026-03-30 17:00:00',NULL),(348,348,38,75000.00,0,782,0,0,'2026-06-03 04:30:12','2026-06-03 04:30:12',NULL,NULL),(349,349,38,75000.00,0,784,0,0,'2026-06-03 04:30:12','2026-06-03 04:30:12',NULL,NULL),(350,350,40,80000.00,0,787,0,0,'2026-06-03 04:30:12','2026-06-03 04:30:28','2026-03-30 17:00:00',NULL),(351,351,37,70000.00,0,790,0,0,'2026-06-03 04:30:12','2026-06-03 04:30:28','2026-01-30 17:00:00',NULL),(352,352,37,70000.00,0,793,0,0,'2026-06-03 04:30:12','2026-06-03 04:30:28','2026-02-27 17:00:00',NULL),(353,353,37,70000.00,0,796,0,0,'2026-06-03 04:30:12','2026-06-03 04:30:28','2026-02-27 17:00:00',NULL),(354,354,37,70000.00,0,799,0,0,'2026-06-03 04:30:12','2026-06-03 04:30:28','2026-02-27 17:00:00',NULL),(355,355,37,70000.00,0,802,0,0,'2026-06-03 04:30:12','2026-06-03 04:30:28','2026-02-27 17:00:00',NULL),(356,356,37,70000.00,0,805,0,0,'2026-06-03 04:30:12','2026-06-03 04:30:28','2026-03-30 17:00:00',NULL),(357,357,37,70000.00,0,808,0,0,'2026-06-03 04:30:12','2026-06-03 04:30:28','2026-03-30 17:00:00',NULL),(358,358,24,70000.00,0,813,0,0,'2026-06-03 04:30:12','2026-06-03 04:30:28','2026-03-30 17:00:00',NULL),(359,359,24,70000.00,0,818,0,0,'2026-06-03 04:30:12','2026-06-03 04:30:28','2026-03-30 17:00:00',NULL),(360,360,24,70000.00,0,823,0,0,'2026-06-03 04:30:12','2026-06-03 04:30:28','2026-03-30 17:00:00',NULL),(361,361,24,70000.00,0,828,0,0,'2026-06-03 04:30:12','2026-06-03 04:30:28','2026-03-30 17:00:00',NULL),(362,362,9,60000.00,0,831,0,0,'2026-06-03 04:30:12','2026-06-03 04:30:28','2026-03-30 17:00:00',NULL),(363,363,9,60000.00,0,834,0,0,'2026-06-03 04:30:12','2026-06-03 04:30:28','2026-03-30 17:00:00',NULL),(364,364,9,60000.00,0,837,0,0,'2026-06-03 04:30:12','2026-06-03 04:30:28','2026-03-30 17:00:00',NULL),(365,365,6,70000.00,0,840,0,0,'2026-06-03 04:30:12','2026-06-03 04:30:28','2026-02-27 17:00:00',NULL),(366,366,6,70000.00,0,843,0,0,'2026-06-03 04:30:12','2026-06-03 04:30:28','2026-03-30 17:00:00',NULL),(367,367,6,70000.00,0,846,0,0,'2026-06-03 04:30:12','2026-06-03 04:30:28','2026-03-30 17:00:00',NULL),(368,368,6,70000.00,0,849,0,0,'2026-06-03 04:30:12','2026-06-03 04:30:28','2026-03-30 17:00:00',NULL),(369,369,6,70000.00,0,852,0,0,'2026-06-03 04:30:12','2026-06-03 04:30:28','2026-03-30 17:00:00',NULL),(370,370,6,70000.00,0,855,0,0,'2026-06-03 04:30:12','2026-06-03 04:30:28','2026-04-29 17:00:00',NULL),(371,371,6,70000.00,0,858,0,0,'2026-06-03 04:30:12','2026-06-03 04:30:28','2026-04-29 17:00:00',NULL),(372,372,6,70000.00,0,861,0,0,'2026-06-03 04:30:12','2026-06-03 04:30:28','2026-04-29 17:00:00',NULL),(373,373,6,70000.00,0,864,0,0,'2026-06-03 04:30:12','2026-06-03 04:30:28','2026-04-29 17:00:00',NULL),(374,374,6,70000.00,0,867,0,0,'2026-06-03 04:30:12','2026-06-03 04:30:28','2026-05-30 17:00:00',NULL),(375,375,6,70000.00,0,870,0,0,'2026-06-03 04:30:12','2026-06-03 04:30:28','2026-05-30 17:00:00',NULL),(376,376,6,70000.00,0,873,0,0,'2026-06-03 04:30:12','2026-06-03 04:30:28','2026-05-30 17:00:00',NULL),(377,377,6,70000.00,0,876,0,0,'2026-06-03 04:30:12','2026-06-03 04:30:28','2026-05-30 17:00:00',NULL),(378,378,6,70000.00,0,879,0,0,'2026-06-03 04:30:12','2026-06-03 04:30:28','2026-05-30 17:00:00',NULL),(379,379,6,70000.00,0,882,0,0,'2026-06-03 04:30:12','2026-06-03 04:30:12',NULL,NULL),(380,380,40,60000.00,0,891,0,0,'2026-06-03 04:30:12','2026-06-03 04:30:28','2026-04-29 17:00:00',NULL),(381,381,40,60000.00,0,900,0,0,'2026-06-03 04:30:12','2026-06-03 04:30:28','2026-04-29 17:00:00',NULL),(382,382,40,60000.00,0,909,0,0,'2026-06-03 04:30:12','2026-06-03 04:30:28','2026-04-29 17:00:00',NULL),(383,383,40,60000.00,0,918,0,0,'2026-06-03 04:30:12','2026-06-03 04:30:28','2026-04-29 17:00:00',NULL),(384,384,40,60000.00,0,927,0,0,'2026-06-03 04:30:12','2026-06-03 04:30:28','2026-05-30 17:00:00',NULL),(385,385,40,60000.00,0,936,0,0,'2026-06-03 04:30:12','2026-06-03 04:30:28','2026-05-30 17:00:00',NULL),(386,386,40,60000.00,0,945,0,0,'2026-06-03 04:30:12','2026-06-03 04:30:28','2026-05-30 17:00:00',NULL),(387,387,40,60000.00,0,954,0,0,'2026-06-03 04:30:12','2026-06-03 04:30:28','2026-05-30 17:00:00',NULL),(388,388,40,60000.00,0,963,0,0,'2026-06-03 04:30:12','2026-06-03 04:30:28','2026-05-30 17:00:00',NULL),(389,389,3,50000.00,0,970,0,0,'2026-06-03 04:30:12','2026-06-03 04:30:28','2026-04-29 17:00:00',NULL),(390,390,3,50000.00,0,977,0,0,'2026-06-03 04:30:12','2026-06-03 04:30:28','2026-04-29 17:00:00',NULL),(391,391,3,50000.00,0,984,0,0,'2026-06-03 04:30:12','2026-06-03 04:30:28','2026-05-30 17:00:00',NULL),(392,392,3,50000.00,0,991,0,0,'2026-06-03 04:30:12','2026-06-03 04:30:28','2026-05-30 17:00:00',NULL),(393,393,3,50000.00,0,998,0,0,'2026-06-03 04:30:12','2026-06-03 04:30:28','2026-05-30 17:00:00',NULL),(394,394,3,50000.00,0,1005,0,0,'2026-06-03 04:30:12','2026-06-03 04:30:28','2026-05-30 17:00:00',NULL),(395,395,3,50000.00,0,1012,0,0,'2026-06-03 04:30:12','2026-06-03 04:30:28','2026-05-30 17:00:00',NULL),(396,396,15,60000.00,0,1018,0,0,'2026-06-03 04:30:12','2026-06-03 04:30:28','2026-02-27 17:00:00',NULL),(397,397,11,60000.00,0,1026,0,0,'2026-06-03 04:30:12','2026-06-03 04:30:28','2026-04-29 17:00:00',NULL),(398,398,11,60000.00,0,1034,0,0,'2026-06-03 04:30:12','2026-06-03 04:30:28','2026-04-29 17:00:00',NULL);
/*!40000 ALTER TABLE `attendance_tutor` ENABLE KEYS */;
UNLOCK TABLES;

--
-- Table structure for table `cache`
--

DROP TABLE IF EXISTS `cache`;
/*!40101 SET @saved_cs_client     = @@character_set_client */;
/*!50503 SET character_set_client = utf8mb4 */;
CREATE TABLE `cache` (
  `key` varchar(255) CHARACTER SET utf8mb4 COLLATE utf8mb4_unicode_ci NOT NULL,
  `value` mediumtext CHARACTER SET utf8mb4 COLLATE utf8mb4_unicode_ci NOT NULL,
  `expiration` bigint NOT NULL,
  PRIMARY KEY (`key`),
  KEY `cache_expiration_index` (`expiration`)
) ENGINE=InnoDB DEFAULT CHARSET=utf8mb4 COLLATE=utf8mb4_unicode_ci;
/*!40101 SET character_set_client = @saved_cs_client */;

--
-- Dumping data for table `cache`
--

LOCK TABLES `cache` WRITE;
/*!40000 ALTER TABLE `cache` DISABLE KEYS */;
INSERT INTO `cache` VALUES ('just-speak-system-cache-novita.anistiya@justspeak.co.id|127.0.0.1','i:2;',1778923436),('just-speak-system-cache-novita.anistiya@justspeak.co.id|127.0.0.1:timer','i:1778923435;',1778923435);
/*!40000 ALTER TABLE `cache` ENABLE KEYS */;
UNLOCK TABLES;

--
-- Table structure for table `cache_locks`
--

DROP TABLE IF EXISTS `cache_locks`;
/*!40101 SET @saved_cs_client     = @@character_set_client */;
/*!50503 SET character_set_client = utf8mb4 */;
CREATE TABLE `cache_locks` (
  `key` varchar(255) CHARACTER SET utf8mb4 COLLATE utf8mb4_unicode_ci NOT NULL,
  `owner` varchar(255) CHARACTER SET utf8mb4 COLLATE utf8mb4_unicode_ci NOT NULL,
  `expiration` bigint NOT NULL,
  PRIMARY KEY (`key`),
  KEY `cache_locks_expiration_index` (`expiration`)
) ENGINE=InnoDB DEFAULT CHARSET=utf8mb4 COLLATE=utf8mb4_unicode_ci;
/*!40101 SET character_set_client = @saved_cs_client */;

--
-- Dumping data for table `cache_locks`
--

LOCK TABLES `cache_locks` WRITE;
/*!40000 ALTER TABLE `cache_locks` DISABLE KEYS */;
/*!40000 ALTER TABLE `cache_locks` ENABLE KEYS */;
UNLOCK TABLES;

--
-- Table structure for table `class_session_tutor`
--

DROP TABLE IF EXISTS `class_session_tutor`;
/*!40101 SET @saved_cs_client     = @@character_set_client */;
/*!50503 SET character_set_client = utf8mb4 */;
CREATE TABLE `class_session_tutor` (
  `id` bigint unsigned NOT NULL AUTO_INCREMENT,
  `class_session_id` bigint unsigned NOT NULL,
  `tutor_id` bigint unsigned NOT NULL,
  `status` varchar(255) CHARACTER SET utf8mb4 COLLATE utf8mb4_unicode_ci NOT NULL DEFAULT 'pending',
  `created_at` timestamp NULL DEFAULT NULL,
  `updated_at` timestamp NULL DEFAULT NULL,
  PRIMARY KEY (`id`),
  UNIQUE KEY `class_session_tutor_class_session_id_tutor_id_unique` (`class_session_id`,`tutor_id`),
  KEY `class_session_tutor_tutor_id_foreign` (`tutor_id`),
  CONSTRAINT `class_session_tutor_class_session_id_foreign` FOREIGN KEY (`class_session_id`) REFERENCES `class_sessions` (`id`) ON DELETE CASCADE,
  CONSTRAINT `class_session_tutor_tutor_id_foreign` FOREIGN KEY (`tutor_id`) REFERENCES `tutors` (`id`) ON DELETE CASCADE
) ENGINE=InnoDB AUTO_INCREMENT=51 DEFAULT CHARSET=utf8mb4 COLLATE=utf8mb4_unicode_ci;
/*!40101 SET character_set_client = @saved_cs_client */;

--
-- Dumping data for table `class_session_tutor`
--

LOCK TABLES `class_session_tutor` WRITE;
/*!40000 ALTER TABLE `class_session_tutor` DISABLE KEYS */;
INSERT INTO `class_session_tutor` VALUES (1,1,1,'confirmed','2026-06-03 04:30:10','2026-06-03 04:30:10'),(2,2,4,'confirmed','2026-06-03 04:30:10','2026-06-03 04:30:10'),(3,3,31,'confirmed','2026-06-03 04:30:10','2026-06-03 04:30:10'),(4,4,33,'confirmed','2026-06-03 04:30:10','2026-06-03 04:30:10'),(5,5,12,'confirmed','2026-06-03 04:30:10','2026-06-03 04:30:10'),(6,6,24,'confirmed','2026-06-03 04:30:10','2026-06-03 04:30:10'),(7,7,27,'confirmed','2026-06-03 04:30:10','2026-06-03 04:30:10'),(8,8,20,'confirmed','2026-06-03 04:30:10','2026-06-03 04:30:10'),(9,9,37,'confirmed','2026-06-03 04:30:10','2026-06-03 04:30:10'),(10,10,17,'confirmed','2026-06-03 04:30:10','2026-06-03 04:30:10'),(11,11,36,'confirmed','2026-06-03 04:30:10','2026-06-03 04:30:10'),(12,12,37,'confirmed','2026-06-03 04:30:10','2026-06-03 04:30:10'),(13,13,39,'confirmed','2026-06-03 04:30:10','2026-06-03 04:30:10'),(14,14,28,'confirmed','2026-06-03 04:30:10','2026-06-03 04:30:10'),(15,15,13,'confirmed','2026-06-03 04:30:10','2026-06-03 04:30:10'),(16,16,40,'confirmed','2026-06-03 04:30:10','2026-06-03 04:30:10'),(17,17,9,'confirmed','2026-06-03 04:30:10','2026-06-03 04:30:10'),(18,18,18,'confirmed','2026-06-03 04:30:10','2026-06-03 04:30:10'),(19,19,14,'confirmed','2026-06-03 04:30:10','2026-06-03 04:30:10'),(20,20,20,'confirmed','2026-06-03 04:30:10','2026-06-03 04:30:10'),(21,21,25,'confirmed','2026-06-03 04:30:10','2026-06-03 04:30:10'),(22,22,10,'confirmed','2026-06-03 04:30:10','2026-06-03 04:30:10'),(23,23,17,'confirmed','2026-06-03 04:30:10','2026-06-03 04:30:10'),(24,24,32,'confirmed','2026-06-03 04:30:10','2026-06-03 04:30:10'),(25,25,21,'confirmed','2026-06-03 04:30:10','2026-06-03 04:30:10'),(26,26,28,'confirmed','2026-06-03 04:30:10','2026-06-03 04:30:10'),(27,27,1,'confirmed','2026-06-03 04:30:10','2026-06-03 04:30:10'),(28,28,32,'confirmed','2026-06-03 04:30:10','2026-06-03 04:30:10'),(29,29,29,'confirmed','2026-06-03 04:30:10','2026-06-03 04:30:10'),(30,30,10,'confirmed','2026-06-03 04:30:10','2026-06-03 04:30:10'),(31,31,29,'confirmed','2026-06-03 04:30:10','2026-06-03 04:30:10'),(32,32,31,'confirmed','2026-06-03 04:30:10','2026-06-03 04:30:10'),(33,33,12,'confirmed','2026-06-03 04:30:10','2026-06-03 04:30:10'),(34,34,10,'confirmed','2026-06-03 04:30:10','2026-06-03 04:30:10'),(35,35,28,'confirmed','2026-06-03 04:30:10','2026-06-03 04:30:10'),(36,36,22,'confirmed','2026-06-03 04:30:10','2026-06-03 04:30:10'),(37,37,27,'confirmed','2026-06-03 04:30:10','2026-06-03 04:30:10'),(38,38,23,'confirmed','2026-06-03 04:30:10','2026-06-03 04:30:10'),(39,39,11,'confirmed','2026-06-03 04:30:10','2026-06-03 04:30:10'),(40,40,38,'confirmed','2026-06-03 04:30:10','2026-06-03 04:30:10'),(41,41,40,'confirmed','2026-06-03 04:30:11','2026-06-03 04:30:11'),(42,42,37,'confirmed','2026-06-03 04:30:11','2026-06-03 04:30:11'),(43,43,24,'confirmed','2026-06-03 04:30:11','2026-06-03 04:30:11'),(44,44,9,'confirmed','2026-06-03 04:30:11','2026-06-03 04:30:11'),(45,45,30,'confirmed','2026-06-03 04:30:11','2026-06-03 04:30:11'),(46,46,6,'confirmed','2026-06-03 04:30:11','2026-06-03 04:30:11'),(47,47,40,'confirmed','2026-06-03 04:30:12','2026-06-03 04:30:12'),(48,48,3,'confirmed','2026-06-03 04:30:12','2026-06-03 04:30:12'),(49,49,15,'confirmed','2026-06-03 04:30:12','2026-06-03 04:30:12'),(50,50,11,'confirmed','2026-06-03 04:30:12','2026-06-03 04:30:12');
/*!40000 ALTER TABLE `class_session_tutor` ENABLE KEYS */;
UNLOCK TABLES;

--
-- Table structure for table `class_sessions`
--

DROP TABLE IF EXISTS `class_sessions`;
/*!40101 SET @saved_cs_client     = @@character_set_client */;
/*!50503 SET character_set_client = utf8mb4 */;
CREATE TABLE `class_sessions` (
  `id` bigint unsigned NOT NULL AUTO_INCREMENT,
  `name` varchar(255) CHARACTER SET utf8mb4 COLLATE utf8mb4_unicode_ci NOT NULL,
  `program_id` bigint unsigned NOT NULL,
  `class_type` varchar(255) COLLATE utf8mb4_unicode_ci DEFAULT NULL,
  `status` enum('active','inactive') CHARACTER SET utf8mb4 COLLATE utf8mb4_unicode_ci NOT NULL DEFAULT 'active',
  `created_at` timestamp NULL DEFAULT NULL,
  `updated_at` timestamp NULL DEFAULT NULL,
  PRIMARY KEY (`id`),
  UNIQUE KEY `class_sessions_name_unique` (`name`),
  KEY `class_sessions_program_id_foreign` (`program_id`),
  CONSTRAINT `class_sessions_program_id_foreign` FOREIGN KEY (`program_id`) REFERENCES `programs` (`id`)
) ENGINE=InnoDB AUTO_INCREMENT=51 DEFAULT CHARSET=utf8mb4 COLLATE=utf8mb4_unicode_ci;
/*!40101 SET character_set_client = @saved_cs_client */;

--
-- Dumping data for table `class_sessions`
--

LOCK TABLES `class_sessions` WRITE;
/*!40000 ALTER TABLE `class_sessions` DISABLE KEYS */;
INSERT INTO `class_sessions` VALUES (1,'Tutor_Murid_0',11,'private','active','2026-06-03 04:30:10','2026-06-03 04:30:10'),(2,'Ali_Murid_1',10,'private','active','2026-06-03 04:30:10','2026-06-03 04:30:10'),(3,'Reinaldy_Andi_0',1,'private','inactive','2026-06-03 04:30:10','2026-06-03 04:30:10'),(4,'Sabrina_Andi_1',11,'private','active','2026-06-03 04:30:10','2026-06-03 04:30:10'),(5,'Daka_Budi_0',11,'private','inactive','2026-06-03 04:30:10','2026-06-03 04:30:10'),(6,'Nazaha_Budi_1',9,'private','active','2026-06-03 04:30:10','2026-06-03 04:30:10'),(7,'Qorrie_Citra_0',12,'private','active','2026-06-03 04:30:10','2026-06-03 04:30:10'),(8,'Lathifa_Citra_1',9,'private','inactive','2026-06-03 04:30:10','2026-06-03 04:30:10'),(9,'Shine_Dian_0',13,'private','inactive','2026-06-03 04:30:10','2026-06-03 04:30:10'),(10,'Fadlan_Dian_1',15,'private','active','2026-06-03 04:30:10','2026-06-03 04:30:10'),(11,'Sandrina_Dian_2',7,'private','inactive','2026-06-03 04:30:10','2026-06-03 04:30:10'),(12,'Shine_Eka_0',9,'private','inactive','2026-06-03 04:30:10','2026-06-03 04:30:10'),(13,'Tiara_Eka_1',12,'private','active','2026-06-03 04:30:10','2026-06-03 04:30:10'),(14,'Rafayfa_Eka_2',10,'private','inactive','2026-06-03 04:30:10','2026-06-03 04:30:10'),(15,'Dewi_Fajar_0',16,'private','inactive','2026-06-03 04:30:10','2026-06-03 04:30:10'),(16,'Tiur_Gita_0',13,'private','inactive','2026-06-03 04:30:10','2026-06-03 04:30:10'),(17,'Azizah_Hendra_0',1,'private','active','2026-06-03 04:30:10','2026-06-03 04:30:10'),(18,'Hasyika_Hendra_1',12,'private','inactive','2026-06-03 04:30:10','2026-06-03 04:30:10'),(19,'Dhanissa_Indah_0',2,'private','active','2026-06-03 04:30:10','2026-06-03 04:30:10'),(20,'Lathifa_Indah_1',11,'private','inactive','2026-06-03 04:30:10','2026-06-03 04:30:10'),(21,'Novita_Joko_0',12,'private','active','2026-06-03 04:30:10','2026-06-03 04:30:10'),(22,'Azka_Joko_1',14,'private','active','2026-06-03 04:30:10','2026-06-03 04:30:10'),(23,'Fadlan_Kartika_0',5,'private','inactive','2026-06-03 04:30:10','2026-06-03 04:30:10'),(24,'Rizal_Lukman_0',10,'private','active','2026-06-03 04:30:10','2026-06-03 04:30:10'),(25,'Luftiah_Maya_0',11,'private','active','2026-06-03 04:30:10','2026-06-03 04:30:10'),(26,'Rafayfa_Maya_1',12,'private','active','2026-06-03 04:30:10','2026-06-03 04:30:10'),(27,'Tutor_Maya_2',12,'private','inactive','2026-06-03 04:30:10','2026-06-03 04:30:10'),(28,'Rizal_Nanda_0',10,'private','active','2026-06-03 04:30:10','2026-06-03 04:30:10'),(29,'Rasyiq_Nanda_1',12,'private','inactive','2026-06-03 04:30:10','2026-06-03 04:30:10'),(30,'Azka_Omar_0',6,'private','inactive','2026-06-03 04:30:10','2026-06-03 04:30:10'),(31,'Rasyiq_Omar_1',15,'private','inactive','2026-06-03 04:30:10','2026-06-03 04:30:10'),(32,'Reinaldy_Omar_2',13,'private','active','2026-06-03 04:30:10','2026-06-03 04:30:10'),(33,'Daka_Putri_0',13,'private','inactive','2026-06-03 04:30:10','2026-06-03 04:30:10'),(34,'Azka_Putri_1',6,'private','active','2026-06-03 04:30:10','2026-06-03 04:30:10'),(35,'Rafayfa_Rizky_0',2,'private','active','2026-06-03 04:30:10','2026-06-03 04:30:10'),(36,'Maharani_Sari_0',9,'private','inactive','2026-06-03 04:30:10','2026-06-03 04:30:10'),(37,'Qorrie_Taufik_0',13,'private','inactive','2026-06-03 04:30:10','2026-06-03 04:30:10'),(38,'Nadia_Taufik_1',11,'private','inactive','2026-06-03 04:30:10','2026-06-03 04:30:10'),(39,'Chiara_Umar_0',5,'private','inactive','2026-06-03 04:30:10','2026-06-03 04:30:10'),(40,'Sugesti_Umar_1',8,'private','inactive','2026-06-03 04:30:10','2026-06-03 04:30:10'),(41,'ESP SP Morning A',17,'semi-private','active','2026-06-03 04:30:11','2026-06-03 04:30:11'),(42,'ESP SP Morning B',20,'semi-private','active','2026-06-03 04:30:11','2026-06-03 04:30:11'),(43,'IELTS SP Afternoon',26,'semi-private','active','2026-06-03 04:30:11','2026-06-03 04:30:11'),(44,'ESP SP Weekend',18,'semi-private','active','2026-06-03 04:30:11','2026-06-03 04:30:11'),(45,'IELTS SP Weekend',27,'semi-private','active','2026-06-03 04:30:11','2026-06-03 04:30:11'),(46,'Scholarship SP',23,'semi-private','active','2026-06-03 04:30:11','2026-06-03 04:30:11'),(47,'EDC Batch 12 - Morning',29,'group','active','2026-06-03 04:30:12','2026-06-03 04:30:12'),(48,'EDC Batch 13 - Afternoon',29,'group','active','2026-06-03 04:30:12','2026-06-03 04:30:12'),(49,'Speedy English Batch 5',30,'group','active','2026-06-03 04:30:12','2026-06-03 04:30:12'),(50,'Speedy English Batch 6',30,'group','active','2026-06-03 04:30:12','2026-06-03 04:30:12');
/*!40000 ALTER TABLE `class_sessions` ENABLE KEYS */;
UNLOCK TABLES;

--
-- Table structure for table `classrooms`
--

DROP TABLE IF EXISTS `classrooms`;
/*!40101 SET @saved_cs_client     = @@character_set_client */;
/*!50503 SET character_set_client = utf8mb4 */;
CREATE TABLE `classrooms` (
  `id` bigint unsigned NOT NULL AUTO_INCREMENT,
  `name` varchar(255) CHARACTER SET utf8mb4 COLLATE utf8mb4_unicode_ci NOT NULL,
  `capacity` int NOT NULL,
  `created_at` timestamp NULL DEFAULT NULL,
  `updated_at` timestamp NULL DEFAULT NULL,
  PRIMARY KEY (`id`)
) ENGINE=InnoDB AUTO_INCREMENT=10 DEFAULT CHARSET=utf8mb4 COLLATE=utf8mb4_unicode_ci;
/*!40101 SET character_set_client = @saved_cs_client */;

--
-- Dumping data for table `classrooms`
--

LOCK TABLES `classrooms` WRITE;
/*!40000 ALTER TABLE `classrooms` DISABLE KEYS */;
INSERT INTO `classrooms` VALUES (2,'Harvard',12,'2026-05-11 22:51:40','2026-05-11 22:51:40'),(3,'Stanford',12,'2026-05-11 22:51:52','2026-05-11 22:51:52'),(4,'Cambridge',12,'2026-05-11 22:52:02','2026-05-11 22:52:02'),(5,'Sydney',3,'2026-05-11 22:52:14','2026-05-11 22:52:14'),(6,'Melbourne',3,'2026-05-11 22:52:23','2026-05-11 22:52:23'),(7,'Boston',3,'2026-05-11 22:52:33','2026-05-11 22:52:33'),(8,'Queensland',10,'2026-05-11 22:52:48','2026-05-11 22:52:48'),(9,'Online',20,'2026-06-03 03:23:44','2026-06-03 03:23:44');
/*!40000 ALTER TABLE `classrooms` ENABLE KEYS */;
UNLOCK TABLES;

--
-- Table structure for table `enrollment_tutor`
--

DROP TABLE IF EXISTS `enrollment_tutor`;
/*!40101 SET @saved_cs_client     = @@character_set_client */;
/*!50503 SET character_set_client = utf8mb4 */;
CREATE TABLE `enrollment_tutor` (
  `id` bigint unsigned NOT NULL AUTO_INCREMENT,
  `enrollment_id` bigint unsigned NOT NULL,
  `tutor_id` bigint unsigned NOT NULL,
  `status` varchar(255) CHARACTER SET utf8mb4 COLLATE utf8mb4_unicode_ci NOT NULL DEFAULT 'pending',
  `created_at` timestamp NULL DEFAULT NULL,
  `updated_at` timestamp NULL DEFAULT NULL,
  PRIMARY KEY (`id`),
  KEY `enrollment_tutor_enrollment_id_foreign` (`enrollment_id`),
  KEY `enrollment_tutor_tutor_id_foreign` (`tutor_id`),
  CONSTRAINT `enrollment_tutor_enrollment_id_foreign` FOREIGN KEY (`enrollment_id`) REFERENCES `enrollments` (`id`) ON DELETE CASCADE,
  CONSTRAINT `enrollment_tutor_tutor_id_foreign` FOREIGN KEY (`tutor_id`) REFERENCES `tutors` (`id`)
) ENGINE=InnoDB AUTO_INCREMENT=87 DEFAULT CHARSET=utf8mb4 COLLATE=utf8mb4_unicode_ci;
/*!40101 SET character_set_client = @saved_cs_client */;

--
-- Dumping data for table `enrollment_tutor`
--

LOCK TABLES `enrollment_tutor` WRITE;
/*!40000 ALTER TABLE `enrollment_tutor` DISABLE KEYS */;
INSERT INTO `enrollment_tutor` VALUES (1,1,1,'confirmed','2026-06-03 04:30:10','2026-06-03 04:30:10'),(2,2,4,'confirmed','2026-06-03 04:30:10','2026-06-03 04:30:10'),(3,3,31,'confirmed','2026-06-03 04:30:10','2026-06-03 04:30:10'),(4,4,33,'confirmed','2026-06-03 04:30:10','2026-06-03 04:30:10'),(5,5,12,'confirmed','2026-06-03 04:30:10','2026-06-03 04:30:10'),(6,6,24,'confirmed','2026-06-03 04:30:10','2026-06-03 04:30:10'),(7,7,27,'confirmed','2026-06-03 04:30:10','2026-06-03 04:30:10'),(8,8,20,'confirmed','2026-06-03 04:30:10','2026-06-03 04:30:10'),(9,9,37,'confirmed','2026-06-03 04:30:10','2026-06-03 04:30:10'),(10,10,17,'confirmed','2026-06-03 04:30:10','2026-06-03 04:30:10'),(11,11,36,'confirmed','2026-06-03 04:30:10','2026-06-03 04:30:10'),(12,12,37,'confirmed','2026-06-03 04:30:10','2026-06-03 04:30:10'),(13,13,39,'confirmed','2026-06-03 04:30:10','2026-06-03 04:30:10'),(14,14,28,'confirmed','2026-06-03 04:30:10','2026-06-03 04:30:10'),(15,15,13,'confirmed','2026-06-03 04:30:10','2026-06-03 04:30:10'),(16,16,40,'confirmed','2026-06-03 04:30:10','2026-06-03 04:30:10'),(17,17,9,'confirmed','2026-06-03 04:30:10','2026-06-03 04:30:10'),(18,18,18,'confirmed','2026-06-03 04:30:10','2026-06-03 04:30:10'),(19,19,14,'confirmed','2026-06-03 04:30:10','2026-06-03 04:30:10'),(20,20,20,'confirmed','2026-06-03 04:30:10','2026-06-03 04:30:10'),(21,21,25,'confirmed','2026-06-03 04:30:10','2026-06-03 04:30:10'),(22,22,10,'confirmed','2026-06-03 04:30:10','2026-06-03 04:30:10'),(23,23,17,'confirmed','2026-06-03 04:30:10','2026-06-03 04:30:10'),(24,24,32,'confirmed','2026-06-03 04:30:10','2026-06-03 04:30:10'),(25,25,21,'confirmed','2026-06-03 04:30:10','2026-06-03 04:30:10'),(26,26,28,'confirmed','2026-06-03 04:30:10','2026-06-03 04:30:10'),(27,27,1,'confirmed','2026-06-03 04:30:10','2026-06-03 04:30:10'),(28,28,32,'confirmed','2026-06-03 04:30:10','2026-06-03 04:30:10'),(29,29,29,'confirmed','2026-06-03 04:30:10','2026-06-03 04:30:10'),(30,30,10,'confirmed','2026-06-03 04:30:10','2026-06-03 04:30:10'),(31,31,29,'confirmed','2026-06-03 04:30:10','2026-06-03 04:30:10'),(32,32,31,'confirmed','2026-06-03 04:30:10','2026-06-03 04:30:10'),(33,33,12,'confirmed','2026-06-03 04:30:10','2026-06-03 04:30:10'),(34,34,10,'confirmed','2026-06-03 04:30:10','2026-06-03 04:30:10'),(35,35,28,'confirmed','2026-06-03 04:30:10','2026-06-03 04:30:10'),(36,36,22,'confirmed','2026-06-03 04:30:10','2026-06-03 04:30:10'),(37,37,27,'confirmed','2026-06-03 04:30:10','2026-06-03 04:30:10'),(38,38,23,'confirmed','2026-06-03 04:30:10','2026-06-03 04:30:10'),(39,39,11,'confirmed','2026-06-03 04:30:10','2026-06-03 04:30:10'),(40,40,38,'confirmed','2026-06-03 04:30:10','2026-06-03 04:30:10'),(41,41,40,'confirmed','2026-06-03 04:30:11','2026-06-03 04:30:11'),(42,42,40,'confirmed','2026-06-03 04:30:11','2026-06-03 04:30:11'),(43,43,37,'confirmed','2026-06-03 04:30:11','2026-06-03 04:30:11'),(44,44,37,'confirmed','2026-06-03 04:30:11','2026-06-03 04:30:11'),(45,45,24,'confirmed','2026-06-03 04:30:11','2026-06-03 04:30:11'),(46,46,24,'confirmed','2026-06-03 04:30:11','2026-06-03 04:30:11'),(47,47,24,'confirmed','2026-06-03 04:30:11','2026-06-03 04:30:11'),(48,48,24,'confirmed','2026-06-03 04:30:11','2026-06-03 04:30:11'),(49,49,9,'confirmed','2026-06-03 04:30:11','2026-06-03 04:30:11'),(50,50,9,'confirmed','2026-06-03 04:30:11','2026-06-03 04:30:11'),(51,51,30,'confirmed','2026-06-03 04:30:11','2026-06-03 04:30:11'),(52,52,30,'confirmed','2026-06-03 04:30:11','2026-06-03 04:30:11'),(53,53,30,'confirmed','2026-06-03 04:30:11','2026-06-03 04:30:11'),(54,54,6,'confirmed','2026-06-03 04:30:11','2026-06-03 04:30:11'),(55,55,6,'confirmed','2026-06-03 04:30:11','2026-06-03 04:30:11'),(56,56,40,'confirmed','2026-06-03 04:30:12','2026-06-03 04:30:12'),(57,57,40,'confirmed','2026-06-03 04:30:12','2026-06-03 04:30:12'),(58,58,40,'confirmed','2026-06-03 04:30:12','2026-06-03 04:30:12'),(59,59,40,'confirmed','2026-06-03 04:30:12','2026-06-03 04:30:12'),(60,60,40,'confirmed','2026-06-03 04:30:12','2026-06-03 04:30:12'),(61,61,40,'confirmed','2026-06-03 04:30:12','2026-06-03 04:30:12'),(62,62,40,'confirmed','2026-06-03 04:30:12','2026-06-03 04:30:12'),(63,63,40,'confirmed','2026-06-03 04:30:12','2026-06-03 04:30:12'),(64,64,3,'confirmed','2026-06-03 04:30:12','2026-06-03 04:30:12'),(65,65,3,'confirmed','2026-06-03 04:30:12','2026-06-03 04:30:12'),(66,66,3,'confirmed','2026-06-03 04:30:12','2026-06-03 04:30:12'),(67,67,3,'confirmed','2026-06-03 04:30:12','2026-06-03 04:30:12'),(68,68,3,'confirmed','2026-06-03 04:30:12','2026-06-03 04:30:12'),(69,69,3,'confirmed','2026-06-03 04:30:12','2026-06-03 04:30:12'),(70,70,3,'confirmed','2026-06-03 04:30:12','2026-06-03 04:30:12'),(71,71,3,'confirmed','2026-06-03 04:30:12','2026-06-03 04:30:12'),(72,72,15,'confirmed','2026-06-03 04:30:12','2026-06-03 04:30:12'),(73,73,15,'confirmed','2026-06-03 04:30:12','2026-06-03 04:30:12'),(74,74,15,'confirmed','2026-06-03 04:30:12','2026-06-03 04:30:12'),(75,75,15,'confirmed','2026-06-03 04:30:12','2026-06-03 04:30:12'),(76,76,15,'confirmed','2026-06-03 04:30:12','2026-06-03 04:30:12'),(77,77,15,'confirmed','2026-06-03 04:30:12','2026-06-03 04:30:12'),(78,78,11,'confirmed','2026-06-03 04:30:12','2026-06-03 04:30:12'),(79,79,11,'confirmed','2026-06-03 04:30:12','2026-06-03 04:30:12'),(80,80,11,'confirmed','2026-06-03 04:30:12','2026-06-03 04:30:12'),(81,81,11,'confirmed','2026-06-03 04:30:12','2026-06-03 04:30:12'),(82,82,11,'confirmed','2026-06-03 04:30:12','2026-06-03 04:30:12'),(83,83,11,'confirmed','2026-06-03 04:30:12','2026-06-03 04:30:12'),(84,84,11,'confirmed','2026-06-03 04:30:12','2026-06-03 04:30:12'),(85,85,11,'confirmed','2026-06-03 04:30:12','2026-06-03 04:30:12'),(86,86,11,'confirmed','2026-06-03 04:30:12','2026-06-03 04:30:12');
/*!40000 ALTER TABLE `enrollment_tutor` ENABLE KEYS */;
UNLOCK TABLES;

--
-- Table structure for table `enrollments`
--

DROP TABLE IF EXISTS `enrollments`;
/*!40101 SET @saved_cs_client     = @@character_set_client */;
/*!50503 SET character_set_client = utf8mb4 */;
CREATE TABLE `enrollments` (
  `id` bigint unsigned NOT NULL AUTO_INCREMENT,
  `student_id` bigint unsigned NOT NULL,
  `program_id` bigint unsigned NOT NULL,
  `enrollment_date` date NOT NULL,
  `expiry_date` date NOT NULL,
  `payment_method` varchar(255) CHARACTER SET utf8mb4 COLLATE utf8mb4_unicode_ci NOT NULL,
  `payment_channel` varchar(255) COLLATE utf8mb4_unicode_ci DEFAULT NULL,
  `total_amount` decimal(15,2) NOT NULL,
  `payment_status` varchar(255) CHARACTER SET utf8mb4 COLLATE utf8mb4_unicode_ci NOT NULL DEFAULT 'pending',
  `status` enum('active','waitlist','expired','graduate','cancelled','refunded') COLLATE utf8mb4_unicode_ci NOT NULL DEFAULT 'active',
  `remaining_meetings` int NOT NULL,
  `created_at` timestamp NULL DEFAULT NULL,
  `updated_at` timestamp NULL DEFAULT NULL,
  `class_session_id` bigint unsigned DEFAULT NULL,
  PRIMARY KEY (`id`),
  KEY `enrollments_program_id_foreign` (`program_id`),
  KEY `enrollments_class_session_id_foreign` (`class_session_id`),
  KEY `enrollments_status_index` (`status`),
  KEY `enrollments_payment_status_index` (`payment_status`),
  KEY `enrollments_expiry_date_index` (`expiry_date`),
  KEY `enrollments_student_id_status_index` (`student_id`,`status`),
  CONSTRAINT `enrollments_class_session_id_foreign` FOREIGN KEY (`class_session_id`) REFERENCES `class_sessions` (`id`) ON DELETE SET NULL,
  CONSTRAINT `enrollments_program_id_foreign` FOREIGN KEY (`program_id`) REFERENCES `programs` (`id`),
  CONSTRAINT `enrollments_student_id_foreign` FOREIGN KEY (`student_id`) REFERENCES `students` (`id`) ON DELETE CASCADE
) ENGINE=InnoDB AUTO_INCREMENT=87 DEFAULT CHARSET=utf8mb4 COLLATE=utf8mb4_unicode_ci;
/*!40101 SET character_set_client = @saved_cs_client */;

--
-- Dumping data for table `enrollments`
--

LOCK TABLES `enrollments` WRITE;
/*!40000 ALTER TABLE `enrollments` DISABLE KEYS */;
INSERT INTO `enrollments` VALUES (1,2,11,'2026-04-14','2026-08-14','full upfront','cash',2800000.00,'full','active',18,'2026-06-03 04:30:10','2026-06-03 04:30:10',1),(2,2,10,'2026-01-08','2026-07-08','full upfront','bank',1500000.00,'full','active',4,'2026-06-03 04:30:10','2026-06-03 04:30:10',2),(3,183,1,'2025-12-18','2026-03-18','full upfront','qris',750000.00,'full','graduate',0,'2026-06-03 04:30:10','2026-06-03 04:30:10',3),(4,183,11,'2026-03-03','2026-07-03','full upfront','cash',2800000.00,'full','active',5,'2026-06-03 04:30:10','2026-06-03 04:30:10',4),(5,184,11,'2025-08-08','2025-11-08','full upfront','cash',2800000.00,'full','graduate',0,'2026-06-03 04:30:10','2026-06-03 04:30:10',5),(6,184,9,'2025-09-07','2025-12-07','installment','bank',2400000.00,'partial','active',4,'2026-06-03 04:30:10','2026-06-03 04:30:10',6),(7,185,12,'2026-04-14','2026-07-14','full upfront','cash',1200000.00,'full','active',5,'2026-06-03 04:30:10','2026-06-03 04:30:10',7),(8,185,9,'2025-11-26','2025-12-26','full upfront','qris',2400000.00,'full','cancelled',20,'2026-06-03 04:30:10','2026-06-03 04:30:10',8),(9,186,13,'2025-08-24','2025-12-24','full upfront','cash',2200000.00,'full','graduate',0,'2026-06-03 04:30:10','2026-06-03 04:30:10',9),(10,186,15,'2025-09-15','2026-01-15','full upfront','qris',8500000.00,'full','active',45,'2026-06-03 04:30:10','2026-06-03 04:30:10',10),(11,186,7,'2026-02-02','2026-04-02','full upfront','bank',800000.00,'full','expired',0,'2026-06-03 04:30:10','2026-06-03 04:30:10',11),(12,187,9,'2026-02-23','2026-04-23','full upfront','cash',2400000.00,'full','expired',0,'2026-06-03 04:30:10','2026-06-03 04:30:10',12),(13,187,12,'2026-03-02','2026-06-02','full upfront','bank',1200000.00,'full','active',2,'2026-06-03 04:30:10','2026-06-03 04:30:10',13),(14,187,10,'2026-05-04','2026-08-04','full upfront','qris',1500000.00,'full','waitlist',12,'2026-06-03 04:30:10','2026-06-03 04:30:10',14),(15,188,16,'2025-10-01','2025-11-01','full upfront','qris',300000.00,'full','cancelled',1,'2026-06-03 04:30:10','2026-06-03 04:30:10',15),(16,189,13,'2025-10-28','2025-11-28','installment','cash',2200000.00,'full','cancelled',24,'2026-06-03 04:30:10','2026-06-03 04:30:10',16),(17,190,1,'2026-02-10','2026-06-10','installment','cash',750000.00,'full','active',2,'2026-06-03 04:30:10','2026-06-03 04:30:10',17),(18,190,12,'2025-11-10','2026-03-10','full upfront','cash',1200000.00,'full','graduate',0,'2026-06-03 04:30:10','2026-06-03 04:30:10',18),(19,191,2,'2026-02-23','2026-06-23','installment','qris',1200000.00,'full','active',6,'2026-06-03 04:30:10','2026-06-03 04:30:10',19),(20,191,11,'2025-10-08','2025-12-08','full upfront','cash',2800000.00,'full','expired',0,'2026-06-03 04:30:10','2026-06-03 04:30:10',20),(21,192,12,'2025-11-04','2026-03-04','full upfront','cash',1200000.00,'full','active',2,'2026-06-03 04:30:10','2026-06-03 04:30:10',21),(22,192,14,'2026-01-21','2026-05-21','full upfront','qris',8000000.00,'full','active',55,'2026-06-03 04:30:10','2026-06-03 04:30:10',22),(23,193,5,'2026-04-22','2026-06-22','full upfront','qris',1300000.00,'full','expired',0,'2026-06-03 04:30:10','2026-06-03 04:30:10',23),(24,194,10,'2025-11-10','2026-02-10','full upfront','bank',1500000.00,'full','active',3,'2026-06-03 04:30:10','2026-06-03 04:30:10',24),(25,195,11,'2025-09-11','2026-01-11','full upfront','qris',2800000.00,'full','active',5,'2026-06-03 04:30:10','2026-06-03 04:30:10',25),(26,195,12,'2025-09-10','2026-01-10','installment','cash',1200000.00,'full','active',2,'2026-06-03 04:30:10','2026-06-03 04:30:10',26),(27,195,12,'2026-01-31','2026-03-03','installment','bank',1200000.00,'partial','cancelled',12,'2026-06-03 04:30:10','2026-06-03 04:30:10',27),(28,196,10,'2026-01-26','2026-05-26','full upfront','qris',1500000.00,'full','active',9,'2026-06-03 04:30:10','2026-06-03 04:30:10',28),(29,196,12,'2025-12-13','2026-03-13','installment','cash',1200000.00,'full','waitlist',12,'2026-06-03 04:30:10','2026-06-03 04:30:10',29),(30,197,6,'2026-05-02','2026-09-02','full upfront','bank',2400000.00,'full','graduate',0,'2026-06-03 04:30:10','2026-06-03 04:30:10',30),(31,197,15,'2026-02-19','2026-04-19','full upfront','bank',8500000.00,'full','expired',0,'2026-06-03 04:30:10','2026-06-03 04:30:10',31),(32,197,13,'2025-12-06','2026-04-06','full upfront','cash',2200000.00,'full','active',4,'2026-06-03 04:30:10','2026-06-03 04:30:10',32),(33,198,13,'2025-10-01','2025-12-01','full upfront','bank',2200000.00,'full','expired',0,'2026-06-03 04:30:10','2026-06-03 04:30:10',33),(34,198,6,'2026-04-03','2026-08-03','full upfront','cash',2400000.00,'full','active',12,'2026-06-03 04:30:10','2026-06-03 04:30:10',34),(35,199,2,'2026-02-20','2026-05-20','full upfront','qris',1200000.00,'full','active',9,'2026-06-03 04:30:10','2026-06-03 04:30:10',35),(36,200,9,'2026-03-06','2026-04-06','full upfront','cash',2400000.00,'full','cancelled',20,'2026-06-03 04:30:10','2026-06-03 04:30:10',36),(37,201,13,'2026-03-02','2026-04-02','full upfront','qris',2200000.00,'full','cancelled',24,'2026-06-03 04:30:10','2026-06-03 04:30:10',37),(38,201,11,'2025-12-16','2026-03-16','installment','bank',2800000.00,'full','waitlist',24,'2026-06-03 04:30:10','2026-06-03 04:30:10',38),(39,202,5,'2026-02-10','2026-05-10','full upfront','qris',1300000.00,'full','graduate',0,'2026-06-03 04:30:10','2026-06-03 04:30:10',39),(40,202,8,'2025-08-16','2025-10-16','full upfront','cash',1300000.00,'full','expired',0,'2026-06-03 04:30:10','2026-06-03 04:30:10',40),(41,197,17,'2026-03-16','2026-07-16','full upfront','qris',600000.00,'full','active',5,'2026-06-03 04:30:11','2026-06-03 04:30:11',41),(42,187,17,'2026-01-25','2026-05-25','full upfront','cash',600000.00,'full','active',5,'2026-06-03 04:30:11','2026-06-03 04:30:11',41),(43,201,20,'2026-01-22','2026-07-22','full upfront','qris',950000.00,'full','active',3,'2026-06-03 04:30:11','2026-06-03 04:30:11',42),(44,183,20,'2026-02-26','2026-08-26','installment','bank',950000.00,'full','active',3,'2026-06-03 04:30:11','2026-06-03 04:30:11',42),(45,187,26,'2026-02-26','2026-06-26','installment','bank',650000.00,'partial','active',2,'2026-06-03 04:30:11','2026-06-03 04:30:11',43),(46,197,26,'2026-01-30','2026-07-30','full upfront','cash',650000.00,'full','active',2,'2026-06-03 04:30:11','2026-06-03 04:30:11',43),(47,184,26,'2026-02-06','2026-05-06','installment','cash',650000.00,'pending','active',2,'2026-06-03 04:30:11','2026-06-03 04:30:11',43),(48,194,26,'2026-01-13','2026-07-13','full upfront','bank',650000.00,'full','active',2,'2026-06-03 04:30:11','2026-06-03 04:30:11',43),(49,194,18,'2026-03-06','2026-09-06','full upfront','cash',500000.00,'full','active',3,'2026-06-03 04:30:11','2026-06-03 04:30:11',44),(50,200,18,'2026-01-26','2026-03-26','full upfront','bank',500000.00,'full','expired',0,'2026-06-03 04:30:11','2026-06-03 04:30:11',44),(51,190,27,'2026-04-11','2026-07-11','full upfront','cash',1050000.00,'full','waitlist',10,'2026-06-03 04:30:11','2026-06-03 04:30:11',45),(52,184,27,'2026-04-25','2026-08-25','full upfront','cash',1050000.00,'full','active',10,'2026-06-03 04:30:11','2026-06-03 04:30:11',45),(53,199,27,'2026-03-28','2026-06-28','full upfront','qris',1050000.00,'full','graduate',10,'2026-06-03 04:30:11','2026-06-03 04:30:11',45),(54,198,23,'2026-02-16','2026-06-16','full upfront','bank',1800000.00,'full','graduate',0,'2026-06-03 04:30:11','2026-06-03 04:30:11',46),(55,202,23,'2026-02-15','2026-05-15','full upfront','bank',1800000.00,'full','active',5,'2026-06-03 04:30:11','2026-06-03 04:30:11',46),(56,196,29,'2026-04-02','2026-08-02','installment','bank',1800000.00,'partial','active',15,'2026-06-03 04:30:12','2026-06-03 04:30:12',47),(57,188,29,'2026-03-01','2026-07-01','full upfront','qris',1800000.00,'full','graduate',0,'2026-06-03 04:30:12','2026-06-03 04:30:12',47),(58,2,29,'2026-03-07','2026-07-07','full upfront','cash',1800000.00,'full','active',15,'2026-06-03 04:30:12','2026-06-03 04:30:12',47),(59,191,29,'2026-02-14','2026-05-14','full upfront','cash',1800000.00,'full','graduate',0,'2026-06-03 04:30:12','2026-06-03 04:30:12',47),(60,202,29,'2026-03-06','2026-06-06','full upfront','bank',1800000.00,'full','graduate',0,'2026-06-03 04:30:12','2026-06-03 04:30:12',47),(61,184,29,'2026-05-15','2026-08-15','installment','cash',1800000.00,'partial','active',15,'2026-06-03 04:30:12','2026-06-03 04:30:12',47),(62,198,29,'2026-02-28','2026-06-28','full upfront','cash',1800000.00,'full','active',15,'2026-06-03 04:30:12','2026-06-03 04:30:12',47),(63,189,29,'2026-05-17','2026-09-17','installment','cash',1800000.00,'partial','active',15,'2026-06-03 04:30:12','2026-06-03 04:30:12',47),(64,190,29,'2026-04-16','2026-08-16','full upfront','cash',1800000.00,'full','graduate',0,'2026-06-03 04:30:12','2026-06-03 04:30:12',48),(65,185,29,'2026-04-17','2026-06-17','full upfront','cash',1800000.00,'full','expired',0,'2026-06-03 04:30:12','2026-06-03 04:30:12',48),(66,2,29,'2026-03-24','2026-06-24','installment','cash',1800000.00,'partial','active',17,'2026-06-03 04:30:12','2026-06-03 04:30:12',48),(67,200,29,'2026-03-10','2026-07-10','full upfront','cash',1800000.00,'full','active',17,'2026-06-03 04:30:12','2026-06-03 04:30:12',48),(68,192,29,'2026-03-05','2026-04-05','installment','cash',1800000.00,'partial','cancelled',24,'2026-06-03 04:30:12','2026-06-03 04:30:12',48),(69,183,29,'2026-02-26','2026-06-26','installment','cash',1800000.00,'partial','active',17,'2026-06-03 04:30:12','2026-06-03 04:30:12',48),(70,196,29,'2026-02-10','2026-03-10','full upfront','cash',1800000.00,'full','cancelled',24,'2026-06-03 04:30:12','2026-06-03 04:30:12',48),(71,195,29,'2026-02-10','2026-06-10','full upfront','bank',1800000.00,'full','active',17,'2026-06-03 04:30:12','2026-06-03 04:30:12',48),(72,183,30,'2026-02-20','2026-04-20','full upfront','bank',1500000.00,'full','expired',0,'2026-06-03 04:30:12','2026-06-03 04:30:12',49),(73,188,30,'2026-05-17','2026-09-17','installment','cash',1500000.00,'pending','active',19,'2026-06-03 04:30:12','2026-06-03 04:30:12',49),(74,193,30,'2026-03-23','2026-04-23','installment','cash',1500000.00,'partial','cancelled',20,'2026-06-03 04:30:12','2026-06-03 04:30:12',49),(75,2,30,'2026-05-10','2026-09-10','installment','bank',1500000.00,'partial','active',19,'2026-06-03 04:30:12','2026-06-03 04:30:12',49),(76,194,30,'2026-02-06','2026-06-06','installment','bank',1500000.00,'partial','active',19,'2026-06-03 04:30:12','2026-06-03 04:30:12',49),(77,195,30,'2026-03-28','2026-06-28','full upfront','cash',1500000.00,'full','active',19,'2026-06-03 04:30:12','2026-06-03 04:30:12',49),(78,187,30,'2026-04-13','2026-05-13','full upfront','cash',1500000.00,'full','cancelled',20,'2026-06-03 04:30:12','2026-06-03 04:30:12',50),(79,186,30,'2026-02-10','2026-05-10','full upfront','cash',1500000.00,'full','graduate',0,'2026-06-03 04:30:12','2026-06-03 04:30:12',50),(80,195,30,'2026-03-01','2026-04-01','installment','bank',1500000.00,'full','cancelled',20,'2026-06-03 04:30:12','2026-06-03 04:30:12',50),(81,190,30,'2026-04-20','2026-08-20','installment','cash',1500000.00,'partial','active',18,'2026-06-03 04:30:12','2026-06-03 04:30:12',50),(82,188,30,'2026-03-06','2026-07-06','full upfront','cash',1500000.00,'full','active',18,'2026-06-03 04:30:12','2026-06-03 04:30:12',50),(83,193,30,'2026-05-20','2026-11-20','full upfront','bank',1500000.00,'full','active',18,'2026-06-03 04:30:12','2026-06-03 04:30:12',50),(84,192,30,'2026-03-22','2026-07-22','full upfront','cash',1500000.00,'full','active',18,'2026-06-03 04:30:12','2026-06-03 04:30:12',50),(85,191,30,'2026-03-02','2026-06-02','installment','qris',1500000.00,'full','active',18,'2026-06-03 04:30:12','2026-06-03 04:30:12',50),(86,184,30,'2026-03-02','2026-07-02','installment','qris',1500000.00,'partial','active',18,'2026-06-03 04:30:12','2026-06-03 04:30:12',50);
/*!40000 ALTER TABLE `enrollments` ENABLE KEYS */;
UNLOCK TABLES;

--
-- Table structure for table `failed_jobs`
--

DROP TABLE IF EXISTS `failed_jobs`;
/*!40101 SET @saved_cs_client     = @@character_set_client */;
/*!50503 SET character_set_client = utf8mb4 */;
CREATE TABLE `failed_jobs` (
  `id` bigint unsigned NOT NULL AUTO_INCREMENT,
  `uuid` varchar(255) CHARACTER SET utf8mb4 COLLATE utf8mb4_unicode_ci NOT NULL,
  `connection` text CHARACTER SET utf8mb4 COLLATE utf8mb4_unicode_ci NOT NULL,
  `queue` text CHARACTER SET utf8mb4 COLLATE utf8mb4_unicode_ci NOT NULL,
  `payload` longtext CHARACTER SET utf8mb4 COLLATE utf8mb4_unicode_ci NOT NULL,
  `exception` longtext CHARACTER SET utf8mb4 COLLATE utf8mb4_unicode_ci NOT NULL,
  `failed_at` timestamp NOT NULL DEFAULT CURRENT_TIMESTAMP,
  PRIMARY KEY (`id`),
  UNIQUE KEY `failed_jobs_uuid_unique` (`uuid`)
) ENGINE=InnoDB DEFAULT CHARSET=utf8mb4 COLLATE=utf8mb4_unicode_ci;
/*!40101 SET character_set_client = @saved_cs_client */;

--
-- Dumping data for table `failed_jobs`
--

LOCK TABLES `failed_jobs` WRITE;
/*!40000 ALTER TABLE `failed_jobs` DISABLE KEYS */;
/*!40000 ALTER TABLE `failed_jobs` ENABLE KEYS */;
UNLOCK TABLES;

--
-- Table structure for table `fixed_assets`
--

DROP TABLE IF EXISTS `fixed_assets`;
/*!40101 SET @saved_cs_client     = @@character_set_client */;
/*!50503 SET character_set_client = utf8mb4 */;
CREATE TABLE `fixed_assets` (
  `id` bigint unsigned NOT NULL AUTO_INCREMENT,
  `name` varchar(255) COLLATE utf8mb4_unicode_ci NOT NULL,
  `category` varchar(255) COLLATE utf8mb4_unicode_ci NOT NULL,
  `acquired_at` date NOT NULL,
  `cost` decimal(15,2) NOT NULL,
  `salvage_value` decimal(15,2) NOT NULL DEFAULT '0.00',
  `useful_life` int unsigned NOT NULL,
  `depreciation_method` varchar(255) COLLATE utf8mb4_unicode_ci NOT NULL DEFAULT 'straight_line',
  `notes` text COLLATE utf8mb4_unicode_ci,
  `created_at` timestamp NULL DEFAULT NULL,
  `updated_at` timestamp NULL DEFAULT NULL,
  `expense_account_id` bigint unsigned DEFAULT NULL,
  `accumulated_account_id` bigint unsigned DEFAULT NULL,
  `is_active` tinyint(1) NOT NULL DEFAULT '1',
  PRIMARY KEY (`id`),
  KEY `fixed_assets_expense_account_id_foreign` (`expense_account_id`),
  KEY `fixed_assets_accumulated_account_id_foreign` (`accumulated_account_id`),
  CONSTRAINT `fixed_assets_accumulated_account_id_foreign` FOREIGN KEY (`accumulated_account_id`) REFERENCES `accounts` (`id`) ON DELETE SET NULL,
  CONSTRAINT `fixed_assets_expense_account_id_foreign` FOREIGN KEY (`expense_account_id`) REFERENCES `accounts` (`id`) ON DELETE SET NULL
) ENGINE=InnoDB AUTO_INCREMENT=15 DEFAULT CHARSET=utf8mb4 COLLATE=utf8mb4_unicode_ci;
/*!40101 SET character_set_client = @saved_cs_client */;

--
-- Dumping data for table `fixed_assets`
--

LOCK TABLES `fixed_assets` WRITE;
/*!40000 ALTER TABLE `fixed_assets` DISABLE KEYS */;
INSERT INTO `fixed_assets` VALUES (1,'MacBook Pro 14\"','Elektronik','2023-01-15',25000000.00,5000000.00,4,'straight_line',NULL,'2026-06-03 04:30:30','2026-06-03 04:30:30',92,7,1),(2,'MacBook Air M2','Elektronik','2023-06-01',18000000.00,3000000.00,4,'straight_line',NULL,'2026-06-03 04:30:30','2026-06-03 04:30:30',92,7,1),(3,'iPhone 14 Pro','Elektronik','2023-03-10',16000000.00,2000000.00,3,'straight_line',NULL,'2026-06-03 04:30:30','2026-06-03 04:30:30',92,7,1),(4,'Smart TV 55\"','Elektronik','2022-08-20',8000000.00,1000000.00,5,'straight_line',NULL,'2026-06-03 04:30:30','2026-06-03 04:30:30',92,7,1),(5,'Proyektor Epson EB-X51','Elektronik','2022-11-01',6500000.00,500000.00,5,'straight_line',NULL,'2026-06-03 04:30:30','2026-06-03 04:30:30',92,7,1),(6,'AC Split 1.5 PK (Harvard)','Perabot','2021-04-01',4500000.00,500000.00,8,'straight_line',NULL,'2026-06-03 04:30:30','2026-06-03 04:30:30',92,7,1),(7,'AC Split 1.5 PK (Stanford)','Perabot','2021-04-01',4500000.00,500000.00,8,'straight_line',NULL,'2026-06-03 04:30:30','2026-06-03 04:30:30',92,7,1),(8,'Meja Kelas Set (6 unit)','Perabot','2021-01-10',12000000.00,2000000.00,8,'straight_line',NULL,'2026-06-03 04:30:30','2026-06-03 04:30:30',92,7,1),(9,'Kursi Kelas (30 unit)','Perabot','2021-01-10',9000000.00,1000000.00,8,'straight_line',NULL,'2026-06-03 04:30:30','2026-06-03 04:30:30',92,7,1),(10,'Whiteboard Magnetic 120x90','Perabot','2021-02-01',1800000.00,200000.00,5,'straight_line',NULL,'2026-06-03 04:30:30','2026-06-03 04:30:30',92,7,1),(11,'Renovasi Ruang Kelas','Bangunan','2020-07-01',85000000.00,10000000.00,20,'straight_line',NULL,'2026-06-03 04:30:30','2026-06-03 04:30:30',92,7,1),(12,'Instalasi CCTV (8 titik)','Elektronik','2022-03-15',7500000.00,500000.00,5,'straight_line',NULL,'2026-06-03 04:30:30','2026-06-03 04:30:30',92,7,1),(13,'Router WiFi Mesh System','Elektronik','2023-09-01',3500000.00,300000.00,3,'straight_line',NULL,'2026-06-03 04:30:30','2026-06-03 04:30:30',92,7,1),(14,'Sistem LMS (lisensi)','Tak Berwujud','2023-01-01',12000000.00,0.00,3,'straight_line',NULL,'2026-06-03 04:30:30','2026-06-03 04:30:30',92,7,1);
/*!40000 ALTER TABLE `fixed_assets` ENABLE KEYS */;
UNLOCK TABLES;

--
-- Table structure for table `installments`
--

DROP TABLE IF EXISTS `installments`;
/*!40101 SET @saved_cs_client     = @@character_set_client */;
/*!50503 SET character_set_client = utf8mb4 */;
CREATE TABLE `installments` (
  `id` bigint unsigned NOT NULL AUTO_INCREMENT,
  `enrollment_id` bigint unsigned NOT NULL,
  `amount` decimal(15,2) NOT NULL,
  `payment_channel` varchar(255) COLLATE utf8mb4_unicode_ci DEFAULT NULL,
  `due_date` date NOT NULL,
  `paid_at` date DEFAULT NULL,
  `created_at` timestamp NULL DEFAULT NULL,
  `updated_at` timestamp NULL DEFAULT NULL,
  PRIMARY KEY (`id`),
  KEY `installments_enrollment_id_foreign` (`enrollment_id`),
  KEY `installments_due_date_index` (`due_date`),
  KEY `installments_paid_at_index` (`paid_at`),
  CONSTRAINT `installments_enrollment_id_foreign` FOREIGN KEY (`enrollment_id`) REFERENCES `enrollments` (`id`) ON DELETE CASCADE
) ENGINE=InnoDB AUTO_INCREMENT=81 DEFAULT CHARSET=utf8mb4 COLLATE=utf8mb4_unicode_ci;
/*!40101 SET character_set_client = @saved_cs_client */;

--
-- Dumping data for table `installments`
--

LOCK TABLES `installments` WRITE;
/*!40000 ALTER TABLE `installments` DISABLE KEYS */;
INSERT INTO `installments` VALUES (1,6,600000.00,'bank','2025-09-07',NULL,'2026-06-03 04:30:27','2026-06-03 04:30:27'),(2,6,600000.00,'bank','2025-10-07','2025-10-07','2026-06-03 04:30:27','2026-06-03 04:30:27'),(3,6,600000.00,'bank','2025-11-07','2025-11-12','2026-06-03 04:30:27','2026-06-03 04:30:27'),(4,6,600000.00,'bank','2025-12-07','2025-12-11','2026-06-03 04:30:27','2026-06-03 04:30:27'),(5,16,550000.00,'cash','2025-10-28','2025-10-29','2026-06-03 04:30:27','2026-06-03 04:30:27'),(6,16,550000.00,'cash','2025-11-28','2025-12-01','2026-06-03 04:30:27','2026-06-03 04:30:27'),(7,16,550000.00,'cash','2025-12-28','2025-12-30','2026-06-03 04:30:27','2026-06-03 04:30:27'),(8,16,550000.00,'cash','2026-01-28','2026-02-02','2026-06-03 04:30:27','2026-06-03 04:30:27'),(9,17,375000.00,'cash','2026-02-10','2026-02-13','2026-06-03 04:30:27','2026-06-03 04:30:27'),(10,17,375000.00,'cash','2026-03-10','2026-03-11','2026-06-03 04:30:27','2026-06-03 04:30:27'),(11,19,300000.00,'qris','2026-02-23','2026-02-24','2026-06-03 04:30:27','2026-06-03 04:30:27'),(12,19,300000.00,'qris','2026-03-23','2026-03-27','2026-06-03 04:30:27','2026-06-03 04:30:27'),(13,19,300000.00,'qris','2026-04-23','2026-04-28','2026-06-03 04:30:27','2026-06-03 04:30:27'),(14,19,300000.00,'qris','2026-05-23','2026-05-24','2026-06-03 04:30:27','2026-06-03 04:30:27'),(15,26,600000.00,'cash','2025-09-10','2025-09-13','2026-06-03 04:30:27','2026-06-03 04:30:27'),(16,26,600000.00,'cash','2025-10-10','2025-10-10','2026-06-03 04:30:27','2026-06-03 04:30:27'),(17,27,300000.00,'bank','2026-01-31','2026-02-01','2026-06-03 04:30:27','2026-06-03 04:30:27'),(18,27,300000.00,'bank','2026-03-03',NULL,'2026-06-03 04:30:27','2026-06-03 04:30:27'),(19,27,300000.00,'bank','2026-03-31','2026-04-02','2026-06-03 04:30:27','2026-06-03 04:30:27'),(20,27,300000.00,'bank','2026-05-01','2026-05-05','2026-06-03 04:30:27','2026-06-03 04:30:27'),(21,29,600000.00,'cash','2025-12-13','2025-12-14','2026-06-03 04:30:27','2026-06-03 04:30:27'),(22,29,600000.00,'cash','2026-01-13','2026-01-17','2026-06-03 04:30:27','2026-06-03 04:30:27'),(23,38,700000.00,'bank','2025-12-16','2025-12-18','2026-06-03 04:30:27','2026-06-03 04:30:27'),(24,38,700000.00,'bank','2026-01-16','2026-01-21','2026-06-03 04:30:27','2026-06-03 04:30:27'),(25,38,700000.00,'bank','2026-02-16','2026-02-16','2026-06-03 04:30:27','2026-06-03 04:30:27'),(26,38,700000.00,'bank','2026-03-16','2026-03-20','2026-06-03 04:30:27','2026-06-03 04:30:27'),(27,44,475000.00,'bank','2026-02-26','2026-02-26','2026-06-03 04:30:27','2026-06-03 04:30:27'),(28,44,475000.00,'bank','2026-03-26','2026-03-27','2026-06-03 04:30:27','2026-06-03 04:30:27'),(29,45,217000.00,'bank','2026-02-26','2026-02-27','2026-06-03 04:30:27','2026-06-03 04:30:27'),(30,45,217000.00,'bank','2026-03-26','2026-03-27','2026-06-03 04:30:27','2026-06-03 04:30:27'),(31,45,217000.00,'bank','2026-04-26',NULL,'2026-06-03 04:30:27','2026-06-03 04:30:27'),(32,47,325000.00,'cash','2026-02-06',NULL,'2026-06-03 04:30:27','2026-06-03 04:30:27'),(33,47,325000.00,'cash','2026-03-06',NULL,'2026-06-03 04:30:27','2026-06-03 04:30:27'),(34,56,450000.00,'bank','2026-04-02',NULL,'2026-06-03 04:30:27','2026-06-03 04:30:27'),(35,56,450000.00,'bank','2026-05-02','2026-05-06','2026-06-03 04:30:27','2026-06-03 04:30:27'),(36,56,450000.00,'bank','2026-06-02','2026-06-06','2026-06-03 04:30:27','2026-06-03 04:30:27'),(37,56,450000.00,'bank','2026-07-02',NULL,'2026-06-03 04:30:27','2026-06-03 04:30:27'),(38,61,450000.00,'cash','2026-05-15','2026-05-20','2026-06-03 04:30:27','2026-06-03 04:30:27'),(39,61,450000.00,'cash','2026-06-15',NULL,'2026-06-03 04:30:27','2026-06-03 04:30:27'),(40,61,450000.00,'cash','2026-07-15',NULL,'2026-06-03 04:30:27','2026-06-03 04:30:27'),(41,61,450000.00,'cash','2026-08-15',NULL,'2026-06-03 04:30:27','2026-06-03 04:30:27'),(42,63,450000.00,'cash','2026-05-17','2026-05-18','2026-06-03 04:30:27','2026-06-03 04:30:27'),(43,63,450000.00,'cash','2026-06-17',NULL,'2026-06-03 04:30:27','2026-06-03 04:30:27'),(44,63,450000.00,'cash','2026-07-17',NULL,'2026-06-03 04:30:27','2026-06-03 04:30:27'),(45,63,450000.00,'cash','2026-08-17',NULL,'2026-06-03 04:30:27','2026-06-03 04:30:27'),(46,66,450000.00,'cash','2026-03-24','2026-03-26','2026-06-03 04:30:27','2026-06-03 04:30:27'),(47,66,450000.00,'cash','2026-04-24','2026-04-24','2026-06-03 04:30:27','2026-06-03 04:30:27'),(48,66,450000.00,'cash','2026-05-24','2026-05-26','2026-06-03 04:30:27','2026-06-03 04:30:27'),(49,66,450000.00,'cash','2026-06-24',NULL,'2026-06-03 04:30:27','2026-06-03 04:30:27'),(50,68,900000.00,'cash','2026-03-05',NULL,'2026-06-03 04:30:27','2026-06-03 04:30:27'),(51,68,900000.00,'cash','2026-04-05','2026-04-06','2026-06-03 04:30:27','2026-06-03 04:30:27'),(52,69,600000.00,'cash','2026-02-26',NULL,'2026-06-03 04:30:27','2026-06-03 04:30:27'),(53,69,600000.00,'cash','2026-03-26','2026-03-27','2026-06-03 04:30:27','2026-06-03 04:30:27'),(54,69,600000.00,'cash','2026-04-26','2026-05-01','2026-06-03 04:30:27','2026-06-03 04:30:27'),(55,73,750000.00,'cash','2026-05-17',NULL,'2026-06-03 04:30:27','2026-06-03 04:30:27'),(56,73,750000.00,'cash','2026-06-17',NULL,'2026-06-03 04:30:27','2026-06-03 04:30:27'),(57,74,500000.00,'cash','2026-03-23','2026-03-27','2026-06-03 04:30:27','2026-06-03 04:30:27'),(58,74,500000.00,'cash','2026-04-23',NULL,'2026-06-03 04:30:27','2026-06-03 04:30:27'),(59,74,500000.00,'cash','2026-05-23','2026-05-24','2026-06-03 04:30:27','2026-06-03 04:30:27'),(60,75,375000.00,'bank','2026-05-10','2026-05-11','2026-06-03 04:30:27','2026-06-03 04:30:27'),(61,75,375000.00,'bank','2026-06-10',NULL,'2026-06-03 04:30:27','2026-06-03 04:30:27'),(62,75,375000.00,'bank','2026-07-10',NULL,'2026-06-03 04:30:27','2026-06-03 04:30:27'),(63,75,375000.00,'bank','2026-08-10',NULL,'2026-06-03 04:30:27','2026-06-03 04:30:27'),(64,76,500000.00,'bank','2026-02-06','2026-02-06','2026-06-03 04:30:27','2026-06-03 04:30:27'),(65,76,500000.00,'bank','2026-03-06',NULL,'2026-06-03 04:30:27','2026-06-03 04:30:27'),(66,76,500000.00,'bank','2026-04-06','2026-04-11','2026-06-03 04:30:27','2026-06-03 04:30:27'),(67,80,375000.00,'bank','2026-03-01','2026-03-04','2026-06-03 04:30:27','2026-06-03 04:30:27'),(68,80,375000.00,'bank','2026-04-01','2026-04-05','2026-06-03 04:30:27','2026-06-03 04:30:27'),(69,80,375000.00,'bank','2026-05-01','2026-05-03','2026-06-03 04:30:27','2026-06-03 04:30:27'),(70,80,375000.00,'bank','2026-06-01','2026-06-05','2026-06-03 04:30:27','2026-06-03 04:30:27'),(71,81,500000.00,'cash','2026-04-20','2026-04-23','2026-06-03 04:30:27','2026-06-03 04:30:27'),(72,81,500000.00,'cash','2026-05-20','2026-05-23','2026-06-03 04:30:27','2026-06-03 04:30:27'),(73,81,500000.00,'cash','2026-06-20',NULL,'2026-06-03 04:30:27','2026-06-03 04:30:27'),(74,85,375000.00,'qris','2026-03-02','2026-03-04','2026-06-03 04:30:27','2026-06-03 04:30:27'),(75,85,375000.00,'qris','2026-04-02','2026-04-07','2026-06-03 04:30:27','2026-06-03 04:30:27'),(76,85,375000.00,'qris','2026-05-02','2026-05-06','2026-06-03 04:30:27','2026-06-03 04:30:27'),(77,85,375000.00,'qris','2026-06-02','2026-06-03','2026-06-03 04:30:27','2026-06-03 04:30:27'),(78,86,500000.00,'qris','2026-03-02',NULL,'2026-06-03 04:30:27','2026-06-03 04:30:27'),(79,86,500000.00,'qris','2026-04-02','2026-04-05','2026-06-03 04:30:27','2026-06-03 04:30:27'),(80,86,500000.00,'qris','2026-05-02','2026-05-07','2026-06-03 04:30:27','2026-06-03 04:30:27');
/*!40000 ALTER TABLE `installments` ENABLE KEYS */;
UNLOCK TABLES;

--
-- Table structure for table `job_batches`
--

DROP TABLE IF EXISTS `job_batches`;
/*!40101 SET @saved_cs_client     = @@character_set_client */;
/*!50503 SET character_set_client = utf8mb4 */;
CREATE TABLE `job_batches` (
  `id` varchar(255) CHARACTER SET utf8mb4 COLLATE utf8mb4_unicode_ci NOT NULL,
  `name` varchar(255) CHARACTER SET utf8mb4 COLLATE utf8mb4_unicode_ci NOT NULL,
  `total_jobs` int NOT NULL,
  `pending_jobs` int NOT NULL,
  `failed_jobs` int NOT NULL,
  `failed_job_ids` longtext CHARACTER SET utf8mb4 COLLATE utf8mb4_unicode_ci NOT NULL,
  `options` mediumtext CHARACTER SET utf8mb4 COLLATE utf8mb4_unicode_ci,
  `cancelled_at` int DEFAULT NULL,
  `created_at` int NOT NULL,
  `finished_at` int DEFAULT NULL,
  PRIMARY KEY (`id`)
) ENGINE=InnoDB DEFAULT CHARSET=utf8mb4 COLLATE=utf8mb4_unicode_ci;
/*!40101 SET character_set_client = @saved_cs_client */;

--
-- Dumping data for table `job_batches`
--

LOCK TABLES `job_batches` WRITE;
/*!40000 ALTER TABLE `job_batches` DISABLE KEYS */;
/*!40000 ALTER TABLE `job_batches` ENABLE KEYS */;
UNLOCK TABLES;

--
-- Table structure for table `jobs`
--

DROP TABLE IF EXISTS `jobs`;
/*!40101 SET @saved_cs_client     = @@character_set_client */;
/*!50503 SET character_set_client = utf8mb4 */;
CREATE TABLE `jobs` (
  `id` bigint unsigned NOT NULL AUTO_INCREMENT,
  `queue` varchar(255) CHARACTER SET utf8mb4 COLLATE utf8mb4_unicode_ci NOT NULL,
  `payload` longtext CHARACTER SET utf8mb4 COLLATE utf8mb4_unicode_ci NOT NULL,
  `attempts` smallint unsigned NOT NULL,
  `reserved_at` int unsigned DEFAULT NULL,
  `available_at` int unsigned NOT NULL,
  `created_at` int unsigned NOT NULL,
  PRIMARY KEY (`id`),
  KEY `jobs_queue_index` (`queue`)
) ENGINE=InnoDB DEFAULT CHARSET=utf8mb4 COLLATE=utf8mb4_unicode_ci;
/*!40101 SET character_set_client = @saved_cs_client */;

--
-- Dumping data for table `jobs`
--

LOCK TABLES `jobs` WRITE;
/*!40000 ALTER TABLE `jobs` DISABLE KEYS */;
/*!40000 ALTER TABLE `jobs` ENABLE KEYS */;
UNLOCK TABLES;

--
-- Table structure for table `journal_items`
--

DROP TABLE IF EXISTS `journal_items`;
/*!40101 SET @saved_cs_client     = @@character_set_client */;
/*!50503 SET character_set_client = utf8mb4 */;
CREATE TABLE `journal_items` (
  `id` bigint unsigned NOT NULL AUTO_INCREMENT,
  `journal_id` bigint unsigned NOT NULL,
  `account_id` bigint unsigned NOT NULL,
  `debit` decimal(15,2) NOT NULL DEFAULT '0.00',
  `credit` decimal(15,2) NOT NULL DEFAULT '0.00',
  `created_at` timestamp NULL DEFAULT NULL,
  `updated_at` timestamp NULL DEFAULT NULL,
  `program_id` bigint unsigned DEFAULT NULL,
  PRIMARY KEY (`id`),
  KEY `journal_items_account_id_index` (`account_id`),
  KEY `journal_items_journal_id_index` (`journal_id`),
  KEY `journal_items_program_id_foreign` (`program_id`),
  CONSTRAINT `journal_items_account_id_foreign` FOREIGN KEY (`account_id`) REFERENCES `accounts` (`id`),
  CONSTRAINT `journal_items_journal_id_foreign` FOREIGN KEY (`journal_id`) REFERENCES `journals` (`id`) ON DELETE CASCADE,
  CONSTRAINT `journal_items_program_id_foreign` FOREIGN KEY (`program_id`) REFERENCES `programs` (`id`) ON DELETE SET NULL
) ENGINE=InnoDB AUTO_INCREMENT=2179 DEFAULT CHARSET=utf8mb4 COLLATE=utf8mb4_unicode_ci;
/*!40101 SET character_set_client = @saved_cs_client */;

--
-- Dumping data for table `journal_items`
--

LOCK TABLES `journal_items` WRITE;
/*!40000 ALTER TABLE `journal_items` DISABLE KEYS */;
INSERT INTO `journal_items` VALUES (1,1,1,2800000.00,0.00,'2026-06-03 04:30:10','2026-06-03 04:30:10',11),(2,1,14,0.00,2800000.00,'2026-06-03 04:30:10','2026-06-03 04:30:10',11),(3,2,2,1500000.00,0.00,'2026-06-03 04:30:10','2026-06-03 04:30:10',10),(4,2,14,0.00,1500000.00,'2026-06-03 04:30:10','2026-06-03 04:30:10',10),(5,3,1,750000.00,0.00,'2026-06-03 04:30:10','2026-06-03 04:30:10',1),(6,3,14,0.00,750000.00,'2026-06-03 04:30:10','2026-06-03 04:30:10',1),(7,4,1,2800000.00,0.00,'2026-06-03 04:30:10','2026-06-03 04:30:10',11),(8,4,14,0.00,2800000.00,'2026-06-03 04:30:10','2026-06-03 04:30:10',11),(9,5,1,2800000.00,0.00,'2026-06-03 04:30:10','2026-06-03 04:30:10',11),(10,5,14,0.00,2800000.00,'2026-06-03 04:30:10','2026-06-03 04:30:10',11),(11,6,2,600000.00,0.00,'2026-06-03 04:30:10','2026-06-03 04:30:10',9),(12,6,14,0.00,600000.00,'2026-06-03 04:30:10','2026-06-03 04:30:10',9),(13,7,1,1200000.00,0.00,'2026-06-03 04:30:10','2026-06-03 04:30:10',12),(14,7,14,0.00,1200000.00,'2026-06-03 04:30:10','2026-06-03 04:30:10',12),(15,8,1,2400000.00,0.00,'2026-06-03 04:30:10','2026-06-03 04:30:10',9),(16,8,14,0.00,2400000.00,'2026-06-03 04:30:10','2026-06-03 04:30:10',9),(17,9,1,2200000.00,0.00,'2026-06-03 04:30:10','2026-06-03 04:30:10',13),(18,9,14,0.00,2200000.00,'2026-06-03 04:30:10','2026-06-03 04:30:10',13),(19,10,1,8500000.00,0.00,'2026-06-03 04:30:10','2026-06-03 04:30:10',15),(20,10,14,0.00,8500000.00,'2026-06-03 04:30:10','2026-06-03 04:30:10',15),(21,11,2,800000.00,0.00,'2026-06-03 04:30:10','2026-06-03 04:30:10',7),(22,11,14,0.00,800000.00,'2026-06-03 04:30:10','2026-06-03 04:30:10',7),(23,12,1,2400000.00,0.00,'2026-06-03 04:30:10','2026-06-03 04:30:10',9),(24,12,14,0.00,2400000.00,'2026-06-03 04:30:10','2026-06-03 04:30:10',9),(25,13,2,1200000.00,0.00,'2026-06-03 04:30:10','2026-06-03 04:30:10',12),(26,13,14,0.00,1200000.00,'2026-06-03 04:30:10','2026-06-03 04:30:10',12),(27,14,1,1500000.00,0.00,'2026-06-03 04:30:10','2026-06-03 04:30:10',10),(28,14,14,0.00,1500000.00,'2026-06-03 04:30:10','2026-06-03 04:30:10',10),(29,15,1,300000.00,0.00,'2026-06-03 04:30:11','2026-06-03 04:30:11',16),(30,15,14,0.00,300000.00,'2026-06-03 04:30:11','2026-06-03 04:30:11',16),(31,16,1,550000.00,0.00,'2026-06-03 04:30:11','2026-06-03 04:30:11',13),(32,16,14,0.00,550000.00,'2026-06-03 04:30:11','2026-06-03 04:30:11',13),(33,17,1,188000.00,0.00,'2026-06-03 04:30:11','2026-06-03 04:30:11',1),(34,17,14,0.00,188000.00,'2026-06-03 04:30:11','2026-06-03 04:30:11',1),(35,18,1,1200000.00,0.00,'2026-06-03 04:30:11','2026-06-03 04:30:11',12),(36,18,14,0.00,1200000.00,'2026-06-03 04:30:11','2026-06-03 04:30:11',12),(37,19,1,300000.00,0.00,'2026-06-03 04:30:11','2026-06-03 04:30:11',2),(38,19,14,0.00,300000.00,'2026-06-03 04:30:11','2026-06-03 04:30:11',2),(39,20,1,2800000.00,0.00,'2026-06-03 04:30:11','2026-06-03 04:30:11',11),(40,20,14,0.00,2800000.00,'2026-06-03 04:30:11','2026-06-03 04:30:11',11),(41,21,1,1200000.00,0.00,'2026-06-03 04:30:11','2026-06-03 04:30:11',12),(42,21,14,0.00,1200000.00,'2026-06-03 04:30:11','2026-06-03 04:30:11',12),(43,22,1,8000000.00,0.00,'2026-06-03 04:30:11','2026-06-03 04:30:11',14),(44,22,14,0.00,8000000.00,'2026-06-03 04:30:11','2026-06-03 04:30:11',14),(45,23,1,1300000.00,0.00,'2026-06-03 04:30:11','2026-06-03 04:30:11',5),(46,23,14,0.00,1300000.00,'2026-06-03 04:30:11','2026-06-03 04:30:11',5),(47,24,2,1500000.00,0.00,'2026-06-03 04:30:11','2026-06-03 04:30:11',10),(48,24,14,0.00,1500000.00,'2026-06-03 04:30:11','2026-06-03 04:30:11',10),(49,25,1,2800000.00,0.00,'2026-06-03 04:30:11','2026-06-03 04:30:11',11),(50,25,14,0.00,2800000.00,'2026-06-03 04:30:11','2026-06-03 04:30:11',11),(51,26,1,400000.00,0.00,'2026-06-03 04:30:11','2026-06-03 04:30:11',12),(52,26,14,0.00,400000.00,'2026-06-03 04:30:11','2026-06-03 04:30:11',12),(53,27,2,300000.00,0.00,'2026-06-03 04:30:11','2026-06-03 04:30:11',12),(54,27,14,0.00,300000.00,'2026-06-03 04:30:11','2026-06-03 04:30:11',12),(55,28,1,1500000.00,0.00,'2026-06-03 04:30:11','2026-06-03 04:30:11',10),(56,28,14,0.00,1500000.00,'2026-06-03 04:30:11','2026-06-03 04:30:11',10),(57,29,1,400000.00,0.00,'2026-06-03 04:30:11','2026-06-03 04:30:11',12),(58,29,14,0.00,400000.00,'2026-06-03 04:30:11','2026-06-03 04:30:11',12),(59,30,2,2400000.00,0.00,'2026-06-03 04:30:11','2026-06-03 04:30:11',6),(60,30,14,0.00,2400000.00,'2026-06-03 04:30:11','2026-06-03 04:30:11',6),(61,31,2,8500000.00,0.00,'2026-06-03 04:30:11','2026-06-03 04:30:11',15),(62,31,14,0.00,8500000.00,'2026-06-03 04:30:11','2026-06-03 04:30:11',15),(63,32,1,2200000.00,0.00,'2026-06-03 04:30:11','2026-06-03 04:30:11',13),(64,32,14,0.00,2200000.00,'2026-06-03 04:30:11','2026-06-03 04:30:11',13),(65,33,2,2200000.00,0.00,'2026-06-03 04:30:11','2026-06-03 04:30:11',13),(66,33,14,0.00,2200000.00,'2026-06-03 04:30:11','2026-06-03 04:30:11',13),(67,34,1,2400000.00,0.00,'2026-06-03 04:30:11','2026-06-03 04:30:11',6),(68,34,14,0.00,2400000.00,'2026-06-03 04:30:11','2026-06-03 04:30:11',6),(69,35,1,1200000.00,0.00,'2026-06-03 04:30:11','2026-06-03 04:30:11',2),(70,35,14,0.00,1200000.00,'2026-06-03 04:30:11','2026-06-03 04:30:11',2),(71,36,1,2400000.00,0.00,'2026-06-03 04:30:11','2026-06-03 04:30:11',9),(72,36,14,0.00,2400000.00,'2026-06-03 04:30:11','2026-06-03 04:30:11',9),(73,37,1,2200000.00,0.00,'2026-06-03 04:30:11','2026-06-03 04:30:11',13),(74,37,14,0.00,2200000.00,'2026-06-03 04:30:11','2026-06-03 04:30:11',13),(75,38,2,1400000.00,0.00,'2026-06-03 04:30:11','2026-06-03 04:30:11',11),(76,38,14,0.00,1400000.00,'2026-06-03 04:30:11','2026-06-03 04:30:11',11),(77,39,1,1300000.00,0.00,'2026-06-03 04:30:11','2026-06-03 04:30:11',5),(78,39,14,0.00,1300000.00,'2026-06-03 04:30:11','2026-06-03 04:30:11',5),(79,40,1,1300000.00,0.00,'2026-06-03 04:30:11','2026-06-03 04:30:11',8),(80,40,14,0.00,1300000.00,'2026-06-03 04:30:11','2026-06-03 04:30:11',8),(81,41,1,600000.00,0.00,'2026-06-03 04:30:11','2026-06-03 04:30:11',17),(82,41,14,0.00,600000.00,'2026-06-03 04:30:11','2026-06-03 04:30:11',17),(83,42,1,600000.00,0.00,'2026-06-03 04:30:11','2026-06-03 04:30:11',17),(84,42,14,0.00,600000.00,'2026-06-03 04:30:11','2026-06-03 04:30:11',17),(85,43,1,950000.00,0.00,'2026-06-03 04:30:11','2026-06-03 04:30:11',20),(86,43,14,0.00,950000.00,'2026-06-03 04:30:11','2026-06-03 04:30:11',20),(87,44,2,475000.00,0.00,'2026-06-03 04:30:11','2026-06-03 04:30:11',20),(88,44,14,0.00,475000.00,'2026-06-03 04:30:11','2026-06-03 04:30:11',20),(89,45,2,325000.00,0.00,'2026-06-03 04:30:12','2026-06-03 04:30:12',26),(90,45,14,0.00,325000.00,'2026-06-03 04:30:12','2026-06-03 04:30:12',26),(91,46,1,650000.00,0.00,'2026-06-03 04:30:12','2026-06-03 04:30:12',26),(92,46,14,0.00,650000.00,'2026-06-03 04:30:12','2026-06-03 04:30:12',26),(93,47,1,325000.00,0.00,'2026-06-03 04:30:12','2026-06-03 04:30:12',26),(94,47,14,0.00,325000.00,'2026-06-03 04:30:12','2026-06-03 04:30:12',26),(95,48,2,650000.00,0.00,'2026-06-03 04:30:12','2026-06-03 04:30:12',26),(96,48,14,0.00,650000.00,'2026-06-03 04:30:12','2026-06-03 04:30:12',26),(97,49,1,500000.00,0.00,'2026-06-03 04:30:12','2026-06-03 04:30:12',18),(98,49,14,0.00,500000.00,'2026-06-03 04:30:12','2026-06-03 04:30:12',18),(99,50,2,500000.00,0.00,'2026-06-03 04:30:12','2026-06-03 04:30:12',18),(100,50,14,0.00,500000.00,'2026-06-03 04:30:12','2026-06-03 04:30:12',18),(101,51,1,1050000.00,0.00,'2026-06-03 04:30:12','2026-06-03 04:30:12',27),(102,51,14,0.00,1050000.00,'2026-06-03 04:30:12','2026-06-03 04:30:12',27),(103,52,1,1050000.00,0.00,'2026-06-03 04:30:12','2026-06-03 04:30:12',27),(104,52,14,0.00,1050000.00,'2026-06-03 04:30:12','2026-06-03 04:30:12',27),(105,53,1,1050000.00,0.00,'2026-06-03 04:30:12','2026-06-03 04:30:12',27),(106,53,14,0.00,1050000.00,'2026-06-03 04:30:12','2026-06-03 04:30:12',27),(107,54,2,1800000.00,0.00,'2026-06-03 04:30:12','2026-06-03 04:30:12',23),(108,54,14,0.00,1800000.00,'2026-06-03 04:30:12','2026-06-03 04:30:12',23),(109,55,2,1800000.00,0.00,'2026-06-03 04:30:12','2026-06-03 04:30:12',23),(110,55,14,0.00,1800000.00,'2026-06-03 04:30:12','2026-06-03 04:30:12',23),(111,56,2,900000.00,0.00,'2026-06-03 04:30:12','2026-06-03 04:30:12',29),(112,56,14,0.00,900000.00,'2026-06-03 04:30:12','2026-06-03 04:30:12',29),(113,57,1,1800000.00,0.00,'2026-06-03 04:30:12','2026-06-03 04:30:12',29),(114,57,14,0.00,1800000.00,'2026-06-03 04:30:12','2026-06-03 04:30:12',29),(115,58,1,1800000.00,0.00,'2026-06-03 04:30:12','2026-06-03 04:30:12',29),(116,58,14,0.00,1800000.00,'2026-06-03 04:30:12','2026-06-03 04:30:12',29),(117,59,1,1800000.00,0.00,'2026-06-03 04:30:12','2026-06-03 04:30:12',29),(118,59,14,0.00,1800000.00,'2026-06-03 04:30:12','2026-06-03 04:30:12',29),(119,60,2,1800000.00,0.00,'2026-06-03 04:30:12','2026-06-03 04:30:12',29),(120,60,14,0.00,1800000.00,'2026-06-03 04:30:12','2026-06-03 04:30:12',29),(121,61,1,600000.00,0.00,'2026-06-03 04:30:12','2026-06-03 04:30:12',29),(122,61,14,0.00,600000.00,'2026-06-03 04:30:12','2026-06-03 04:30:12',29),(123,62,1,1800000.00,0.00,'2026-06-03 04:30:12','2026-06-03 04:30:12',29),(124,62,14,0.00,1800000.00,'2026-06-03 04:30:12','2026-06-03 04:30:12',29),(125,63,1,600000.00,0.00,'2026-06-03 04:30:12','2026-06-03 04:30:12',29),(126,63,14,0.00,600000.00,'2026-06-03 04:30:12','2026-06-03 04:30:12',29),(127,64,1,1800000.00,0.00,'2026-06-03 04:30:12','2026-06-03 04:30:12',29),(128,64,14,0.00,1800000.00,'2026-06-03 04:30:12','2026-06-03 04:30:12',29),(129,65,1,1800000.00,0.00,'2026-06-03 04:30:12','2026-06-03 04:30:12',29),(130,65,14,0.00,1800000.00,'2026-06-03 04:30:12','2026-06-03 04:30:12',29),(131,66,1,600000.00,0.00,'2026-06-03 04:30:12','2026-06-03 04:30:12',29),(132,66,14,0.00,600000.00,'2026-06-03 04:30:12','2026-06-03 04:30:12',29),(133,67,1,1800000.00,0.00,'2026-06-03 04:30:12','2026-06-03 04:30:12',29),(134,67,14,0.00,1800000.00,'2026-06-03 04:30:12','2026-06-03 04:30:12',29),(135,68,1,600000.00,0.00,'2026-06-03 04:30:12','2026-06-03 04:30:12',29),(136,68,14,0.00,600000.00,'2026-06-03 04:30:12','2026-06-03 04:30:12',29),(137,69,1,900000.00,0.00,'2026-06-03 04:30:12','2026-06-03 04:30:12',29),(138,69,14,0.00,900000.00,'2026-06-03 04:30:12','2026-06-03 04:30:12',29),(139,70,1,1800000.00,0.00,'2026-06-03 04:30:12','2026-06-03 04:30:12',29),(140,70,14,0.00,1800000.00,'2026-06-03 04:30:12','2026-06-03 04:30:12',29),(141,71,2,1800000.00,0.00,'2026-06-03 04:30:12','2026-06-03 04:30:12',29),(142,71,14,0.00,1800000.00,'2026-06-03 04:30:12','2026-06-03 04:30:12',29),(143,72,2,1500000.00,0.00,'2026-06-03 04:30:12','2026-06-03 04:30:12',30),(144,72,14,0.00,1500000.00,'2026-06-03 04:30:12','2026-06-03 04:30:12',30),(145,73,1,750000.00,0.00,'2026-06-03 04:30:12','2026-06-03 04:30:12',30),(146,73,14,0.00,750000.00,'2026-06-03 04:30:12','2026-06-03 04:30:12',30),(147,74,1,500000.00,0.00,'2026-06-03 04:30:12','2026-06-03 04:30:12',30),(148,74,14,0.00,500000.00,'2026-06-03 04:30:12','2026-06-03 04:30:12',30),(149,75,2,500000.00,0.00,'2026-06-03 04:30:12','2026-06-03 04:30:12',30),(150,75,14,0.00,500000.00,'2026-06-03 04:30:12','2026-06-03 04:30:12',30),(151,76,2,500000.00,0.00,'2026-06-03 04:30:12','2026-06-03 04:30:12',30),(152,76,14,0.00,500000.00,'2026-06-03 04:30:12','2026-06-03 04:30:12',30),(153,77,1,1500000.00,0.00,'2026-06-03 04:30:12','2026-06-03 04:30:12',30),(154,77,14,0.00,1500000.00,'2026-06-03 04:30:12','2026-06-03 04:30:12',30),(155,78,1,1500000.00,0.00,'2026-06-03 04:30:12','2026-06-03 04:30:12',30),(156,78,14,0.00,1500000.00,'2026-06-03 04:30:12','2026-06-03 04:30:12',30),(157,79,1,1500000.00,0.00,'2026-06-03 04:30:12','2026-06-03 04:30:12',30),(158,79,14,0.00,1500000.00,'2026-06-03 04:30:12','2026-06-03 04:30:12',30),(159,80,2,750000.00,0.00,'2026-06-03 04:30:12','2026-06-03 04:30:12',30),(160,80,14,0.00,750000.00,'2026-06-03 04:30:12','2026-06-03 04:30:12',30),(161,81,1,500000.00,0.00,'2026-06-03 04:30:12','2026-06-03 04:30:12',30),(162,81,14,0.00,500000.00,'2026-06-03 04:30:12','2026-06-03 04:30:12',30),(163,82,1,1500000.00,0.00,'2026-06-03 04:30:12','2026-06-03 04:30:12',30),(164,82,14,0.00,1500000.00,'2026-06-03 04:30:12','2026-06-03 04:30:12',30),(165,83,2,1500000.00,0.00,'2026-06-03 04:30:12','2026-06-03 04:30:12',30),(166,83,14,0.00,1500000.00,'2026-06-03 04:30:12','2026-06-03 04:30:12',30),(167,84,1,1500000.00,0.00,'2026-06-03 04:30:12','2026-06-03 04:30:12',30),(168,84,14,0.00,1500000.00,'2026-06-03 04:30:12','2026-06-03 04:30:12',30),(169,85,1,750000.00,0.00,'2026-06-03 04:30:12','2026-06-03 04:30:12',30),(170,85,14,0.00,750000.00,'2026-06-03 04:30:12','2026-06-03 04:30:12',30),(171,86,1,750000.00,0.00,'2026-06-03 04:30:12','2026-06-03 04:30:12',30),(172,86,14,0.00,750000.00,'2026-06-03 04:30:12','2026-06-03 04:30:12',30),(173,87,14,116666.67,0.00,'2026-06-03 04:30:12','2026-06-03 04:30:12',11),(174,87,38,0.00,116666.67,'2026-06-03 04:30:12','2026-06-03 04:30:12',11),(175,88,85,100000.00,0.00,'2026-06-03 04:30:12','2026-06-03 04:30:12',NULL),(176,88,15,0.00,100000.00,'2026-06-03 04:30:12','2026-06-03 04:30:12',NULL),(177,89,14,116666.67,0.00,'2026-06-03 04:30:12','2026-06-03 04:30:12',11),(178,89,38,0.00,116666.67,'2026-06-03 04:30:12','2026-06-03 04:30:12',11),(179,90,85,100000.00,0.00,'2026-06-03 04:30:12','2026-06-03 04:30:12',NULL),(180,90,15,0.00,100000.00,'2026-06-03 04:30:12','2026-06-03 04:30:12',NULL),(181,91,14,116666.67,0.00,'2026-06-03 04:30:12','2026-06-03 04:30:12',11),(182,91,38,0.00,116666.67,'2026-06-03 04:30:12','2026-06-03 04:30:12',11),(183,92,85,100000.00,0.00,'2026-06-03 04:30:12','2026-06-03 04:30:12',NULL),(184,92,15,0.00,100000.00,'2026-06-03 04:30:12','2026-06-03 04:30:12',NULL),(185,93,14,116666.67,0.00,'2026-06-03 04:30:13','2026-06-03 04:30:13',11),(186,93,38,0.00,116666.67,'2026-06-03 04:30:13','2026-06-03 04:30:13',11),(187,94,85,100000.00,0.00,'2026-06-03 04:30:13','2026-06-03 04:30:13',NULL),(188,94,15,0.00,100000.00,'2026-06-03 04:30:13','2026-06-03 04:30:13',NULL),(189,95,14,116666.67,0.00,'2026-06-03 04:30:13','2026-06-03 04:30:13',11),(190,95,38,0.00,116666.67,'2026-06-03 04:30:13','2026-06-03 04:30:13',11),(191,96,85,100000.00,0.00,'2026-06-03 04:30:13','2026-06-03 04:30:13',NULL),(192,96,15,0.00,100000.00,'2026-06-03 04:30:13','2026-06-03 04:30:13',NULL),(193,97,14,116666.67,0.00,'2026-06-03 04:30:13','2026-06-03 04:30:13',11),(194,97,38,0.00,116666.67,'2026-06-03 04:30:13','2026-06-03 04:30:13',11),(195,98,85,100000.00,0.00,'2026-06-03 04:30:13','2026-06-03 04:30:13',NULL),(196,98,15,0.00,100000.00,'2026-06-03 04:30:13','2026-06-03 04:30:13',NULL),(197,99,14,125000.00,0.00,'2026-06-03 04:30:13','2026-06-03 04:30:13',10),(198,99,38,0.00,125000.00,'2026-06-03 04:30:13','2026-06-03 04:30:13',10),(199,100,85,75000.00,0.00,'2026-06-03 04:30:13','2026-06-03 04:30:13',NULL),(200,100,15,0.00,75000.00,'2026-06-03 04:30:13','2026-06-03 04:30:13',NULL),(201,101,14,125000.00,0.00,'2026-06-03 04:30:13','2026-06-03 04:30:13',10),(202,101,38,0.00,125000.00,'2026-06-03 04:30:13','2026-06-03 04:30:13',10),(203,102,85,75000.00,0.00,'2026-06-03 04:30:13','2026-06-03 04:30:13',NULL),(204,102,15,0.00,75000.00,'2026-06-03 04:30:13','2026-06-03 04:30:13',NULL),(205,103,14,125000.00,0.00,'2026-06-03 04:30:13','2026-06-03 04:30:13',10),(206,103,38,0.00,125000.00,'2026-06-03 04:30:13','2026-06-03 04:30:13',10),(207,104,85,75000.00,0.00,'2026-06-03 04:30:13','2026-06-03 04:30:13',NULL),(208,104,15,0.00,75000.00,'2026-06-03 04:30:13','2026-06-03 04:30:13',NULL),(209,105,14,125000.00,0.00,'2026-06-03 04:30:13','2026-06-03 04:30:13',10),(210,105,38,0.00,125000.00,'2026-06-03 04:30:13','2026-06-03 04:30:13',10),(211,106,85,75000.00,0.00,'2026-06-03 04:30:13','2026-06-03 04:30:13',NULL),(212,106,15,0.00,75000.00,'2026-06-03 04:30:13','2026-06-03 04:30:13',NULL),(213,107,14,125000.00,0.00,'2026-06-03 04:30:13','2026-06-03 04:30:13',10),(214,107,38,0.00,125000.00,'2026-06-03 04:30:13','2026-06-03 04:30:13',10),(215,108,85,75000.00,0.00,'2026-06-03 04:30:13','2026-06-03 04:30:13',NULL),(216,108,15,0.00,75000.00,'2026-06-03 04:30:13','2026-06-03 04:30:13',NULL),(217,109,14,125000.00,0.00,'2026-06-03 04:30:13','2026-06-03 04:30:13',10),(218,109,38,0.00,125000.00,'2026-06-03 04:30:13','2026-06-03 04:30:13',10),(219,110,85,75000.00,0.00,'2026-06-03 04:30:13','2026-06-03 04:30:13',NULL),(220,110,15,0.00,75000.00,'2026-06-03 04:30:13','2026-06-03 04:30:13',NULL),(221,111,14,125000.00,0.00,'2026-06-03 04:30:13','2026-06-03 04:30:13',10),(222,111,38,0.00,125000.00,'2026-06-03 04:30:13','2026-06-03 04:30:13',10),(223,112,85,75000.00,0.00,'2026-06-03 04:30:13','2026-06-03 04:30:13',NULL),(224,112,15,0.00,75000.00,'2026-06-03 04:30:13','2026-06-03 04:30:13',NULL),(225,113,14,125000.00,0.00,'2026-06-03 04:30:13','2026-06-03 04:30:13',10),(226,113,38,0.00,125000.00,'2026-06-03 04:30:13','2026-06-03 04:30:13',10),(227,114,85,75000.00,0.00,'2026-06-03 04:30:13','2026-06-03 04:30:13',NULL),(228,114,15,0.00,75000.00,'2026-06-03 04:30:13','2026-06-03 04:30:13',NULL),(229,115,14,125000.00,0.00,'2026-06-03 04:30:13','2026-06-03 04:30:13',1),(230,115,38,0.00,125000.00,'2026-06-03 04:30:13','2026-06-03 04:30:13',1),(231,116,85,75000.00,0.00,'2026-06-03 04:30:13','2026-06-03 04:30:13',NULL),(232,116,15,0.00,75000.00,'2026-06-03 04:30:13','2026-06-03 04:30:13',NULL),(233,117,14,125000.00,0.00,'2026-06-03 04:30:13','2026-06-03 04:30:13',1),(234,117,38,0.00,125000.00,'2026-06-03 04:30:13','2026-06-03 04:30:13',1),(235,118,85,75000.00,0.00,'2026-06-03 04:30:13','2026-06-03 04:30:13',NULL),(236,118,15,0.00,75000.00,'2026-06-03 04:30:13','2026-06-03 04:30:13',NULL),(237,119,14,125000.00,0.00,'2026-06-03 04:30:13','2026-06-03 04:30:13',1),(238,119,38,0.00,125000.00,'2026-06-03 04:30:13','2026-06-03 04:30:13',1),(239,120,85,75000.00,0.00,'2026-06-03 04:30:13','2026-06-03 04:30:13',NULL),(240,120,15,0.00,75000.00,'2026-06-03 04:30:13','2026-06-03 04:30:13',NULL),(241,121,14,125000.00,0.00,'2026-06-03 04:30:13','2026-06-03 04:30:13',1),(242,121,38,0.00,125000.00,'2026-06-03 04:30:13','2026-06-03 04:30:13',1),(243,122,85,75000.00,0.00,'2026-06-03 04:30:13','2026-06-03 04:30:13',NULL),(244,122,15,0.00,75000.00,'2026-06-03 04:30:13','2026-06-03 04:30:13',NULL),(245,123,14,125000.00,0.00,'2026-06-03 04:30:13','2026-06-03 04:30:13',1),(246,123,38,0.00,125000.00,'2026-06-03 04:30:13','2026-06-03 04:30:13',1),(247,124,85,75000.00,0.00,'2026-06-03 04:30:13','2026-06-03 04:30:13',NULL),(248,124,15,0.00,75000.00,'2026-06-03 04:30:13','2026-06-03 04:30:13',NULL),(249,125,14,125000.00,0.00,'2026-06-03 04:30:13','2026-06-03 04:30:13',1),(250,125,38,0.00,125000.00,'2026-06-03 04:30:13','2026-06-03 04:30:13',1),(251,126,85,75000.00,0.00,'2026-06-03 04:30:13','2026-06-03 04:30:13',NULL),(252,126,15,0.00,75000.00,'2026-06-03 04:30:13','2026-06-03 04:30:13',NULL),(253,127,14,116666.67,0.00,'2026-06-03 04:30:13','2026-06-03 04:30:13',11),(254,127,38,0.00,116666.67,'2026-06-03 04:30:13','2026-06-03 04:30:13',11),(255,128,85,95000.00,0.00,'2026-06-03 04:30:13','2026-06-03 04:30:13',NULL),(256,128,15,0.00,95000.00,'2026-06-03 04:30:13','2026-06-03 04:30:13',NULL),(257,129,14,116666.67,0.00,'2026-06-03 04:30:13','2026-06-03 04:30:13',11),(258,129,38,0.00,116666.67,'2026-06-03 04:30:13','2026-06-03 04:30:13',11),(259,130,85,95000.00,0.00,'2026-06-03 04:30:13','2026-06-03 04:30:13',NULL),(260,130,15,0.00,95000.00,'2026-06-03 04:30:13','2026-06-03 04:30:13',NULL),(261,131,14,116666.67,0.00,'2026-06-03 04:30:13','2026-06-03 04:30:13',11),(262,131,38,0.00,116666.67,'2026-06-03 04:30:13','2026-06-03 04:30:13',11),(263,132,85,95000.00,0.00,'2026-06-03 04:30:13','2026-06-03 04:30:13',NULL),(264,132,15,0.00,95000.00,'2026-06-03 04:30:13','2026-06-03 04:30:13',NULL),(265,133,14,116666.67,0.00,'2026-06-03 04:30:13','2026-06-03 04:30:13',11),(266,133,38,0.00,116666.67,'2026-06-03 04:30:13','2026-06-03 04:30:13',11),(267,134,85,95000.00,0.00,'2026-06-03 04:30:13','2026-06-03 04:30:13',NULL),(268,134,15,0.00,95000.00,'2026-06-03 04:30:13','2026-06-03 04:30:13',NULL),(269,135,14,116666.67,0.00,'2026-06-03 04:30:13','2026-06-03 04:30:13',11),(270,135,38,0.00,116666.67,'2026-06-03 04:30:13','2026-06-03 04:30:13',11),(271,136,85,95000.00,0.00,'2026-06-03 04:30:13','2026-06-03 04:30:13',NULL),(272,136,15,0.00,95000.00,'2026-06-03 04:30:13','2026-06-03 04:30:13',NULL),(273,137,14,116666.67,0.00,'2026-06-03 04:30:13','2026-06-03 04:30:13',11),(274,137,38,0.00,116666.67,'2026-06-03 04:30:13','2026-06-03 04:30:13',11),(275,138,85,95000.00,0.00,'2026-06-03 04:30:13','2026-06-03 04:30:13',NULL),(276,138,15,0.00,95000.00,'2026-06-03 04:30:13','2026-06-03 04:30:13',NULL),(277,139,14,116666.67,0.00,'2026-06-03 04:30:13','2026-06-03 04:30:13',11),(278,139,38,0.00,116666.67,'2026-06-03 04:30:13','2026-06-03 04:30:13',11),(279,140,85,95000.00,0.00,'2026-06-03 04:30:13','2026-06-03 04:30:13',NULL),(280,140,15,0.00,95000.00,'2026-06-03 04:30:13','2026-06-03 04:30:13',NULL),(281,141,14,116666.67,0.00,'2026-06-03 04:30:13','2026-06-03 04:30:13',11),(282,141,38,0.00,116666.67,'2026-06-03 04:30:13','2026-06-03 04:30:13',11),(283,142,85,95000.00,0.00,'2026-06-03 04:30:13','2026-06-03 04:30:13',NULL),(284,142,15,0.00,95000.00,'2026-06-03 04:30:13','2026-06-03 04:30:13',NULL),(285,143,14,116666.67,0.00,'2026-06-03 04:30:13','2026-06-03 04:30:13',11),(286,143,38,0.00,116666.67,'2026-06-03 04:30:13','2026-06-03 04:30:13',11),(287,144,85,95000.00,0.00,'2026-06-03 04:30:13','2026-06-03 04:30:13',NULL),(288,144,15,0.00,95000.00,'2026-06-03 04:30:13','2026-06-03 04:30:13',NULL),(289,145,14,116666.67,0.00,'2026-06-03 04:30:13','2026-06-03 04:30:13',11),(290,145,38,0.00,116666.67,'2026-06-03 04:30:13','2026-06-03 04:30:13',11),(291,146,85,95000.00,0.00,'2026-06-03 04:30:13','2026-06-03 04:30:13',NULL),(292,146,15,0.00,95000.00,'2026-06-03 04:30:13','2026-06-03 04:30:13',NULL),(293,147,14,116666.67,0.00,'2026-06-03 04:30:13','2026-06-03 04:30:13',11),(294,147,38,0.00,116666.67,'2026-06-03 04:30:13','2026-06-03 04:30:13',11),(295,148,85,95000.00,0.00,'2026-06-03 04:30:13','2026-06-03 04:30:13',NULL),(296,148,15,0.00,95000.00,'2026-06-03 04:30:13','2026-06-03 04:30:13',NULL),(297,149,14,116666.67,0.00,'2026-06-03 04:30:13','2026-06-03 04:30:13',11),(298,149,38,0.00,116666.67,'2026-06-03 04:30:13','2026-06-03 04:30:13',11),(299,150,85,95000.00,0.00,'2026-06-03 04:30:13','2026-06-03 04:30:13',NULL),(300,150,15,0.00,95000.00,'2026-06-03 04:30:13','2026-06-03 04:30:13',NULL),(301,151,14,116666.67,0.00,'2026-06-03 04:30:13','2026-06-03 04:30:13',11),(302,151,38,0.00,116666.67,'2026-06-03 04:30:13','2026-06-03 04:30:13',11),(303,152,85,95000.00,0.00,'2026-06-03 04:30:13','2026-06-03 04:30:13',NULL),(304,152,15,0.00,95000.00,'2026-06-03 04:30:13','2026-06-03 04:30:13',NULL),(305,153,14,116666.67,0.00,'2026-06-03 04:30:14','2026-06-03 04:30:14',11),(306,153,38,0.00,116666.67,'2026-06-03 04:30:14','2026-06-03 04:30:14',11),(307,154,85,95000.00,0.00,'2026-06-03 04:30:14','2026-06-03 04:30:14',NULL),(308,154,15,0.00,95000.00,'2026-06-03 04:30:14','2026-06-03 04:30:14',NULL),(309,155,14,116666.67,0.00,'2026-06-03 04:30:14','2026-06-03 04:30:14',11),(310,155,38,0.00,116666.67,'2026-06-03 04:30:14','2026-06-03 04:30:14',11),(311,156,85,95000.00,0.00,'2026-06-03 04:30:14','2026-06-03 04:30:14',NULL),(312,156,15,0.00,95000.00,'2026-06-03 04:30:14','2026-06-03 04:30:14',NULL),(313,157,14,116666.67,0.00,'2026-06-03 04:30:14','2026-06-03 04:30:14',11),(314,157,38,0.00,116666.67,'2026-06-03 04:30:14','2026-06-03 04:30:14',11),(315,158,85,95000.00,0.00,'2026-06-03 04:30:14','2026-06-03 04:30:14',NULL),(316,158,15,0.00,95000.00,'2026-06-03 04:30:14','2026-06-03 04:30:14',NULL),(317,159,14,116666.67,0.00,'2026-06-03 04:30:14','2026-06-03 04:30:14',11),(318,159,38,0.00,116666.67,'2026-06-03 04:30:14','2026-06-03 04:30:14',11),(319,160,85,95000.00,0.00,'2026-06-03 04:30:14','2026-06-03 04:30:14',NULL),(320,160,15,0.00,95000.00,'2026-06-03 04:30:14','2026-06-03 04:30:14',NULL),(321,161,14,116666.67,0.00,'2026-06-03 04:30:14','2026-06-03 04:30:14',11),(322,161,38,0.00,116666.67,'2026-06-03 04:30:14','2026-06-03 04:30:14',11),(323,162,85,95000.00,0.00,'2026-06-03 04:30:14','2026-06-03 04:30:14',NULL),(324,162,15,0.00,95000.00,'2026-06-03 04:30:14','2026-06-03 04:30:14',NULL),(325,163,14,116666.67,0.00,'2026-06-03 04:30:14','2026-06-03 04:30:14',11),(326,163,38,0.00,116666.67,'2026-06-03 04:30:14','2026-06-03 04:30:14',11),(327,164,85,95000.00,0.00,'2026-06-03 04:30:14','2026-06-03 04:30:14',NULL),(328,164,15,0.00,95000.00,'2026-06-03 04:30:14','2026-06-03 04:30:14',NULL),(329,165,14,116666.67,0.00,'2026-06-03 04:30:14','2026-06-03 04:30:14',11),(330,165,38,0.00,116666.67,'2026-06-03 04:30:14','2026-06-03 04:30:14',11),(331,166,85,75000.00,0.00,'2026-06-03 04:30:14','2026-06-03 04:30:14',NULL),(332,166,15,0.00,75000.00,'2026-06-03 04:30:14','2026-06-03 04:30:14',NULL),(333,167,14,116666.67,0.00,'2026-06-03 04:30:14','2026-06-03 04:30:14',11),(334,167,38,0.00,116666.67,'2026-06-03 04:30:14','2026-06-03 04:30:14',11),(335,168,85,75000.00,0.00,'2026-06-03 04:30:14','2026-06-03 04:30:14',NULL),(336,168,15,0.00,75000.00,'2026-06-03 04:30:14','2026-06-03 04:30:14',NULL),(337,169,14,116666.67,0.00,'2026-06-03 04:30:14','2026-06-03 04:30:14',11),(338,169,38,0.00,116666.67,'2026-06-03 04:30:14','2026-06-03 04:30:14',11),(339,170,85,75000.00,0.00,'2026-06-03 04:30:14','2026-06-03 04:30:14',NULL),(340,170,15,0.00,75000.00,'2026-06-03 04:30:14','2026-06-03 04:30:14',NULL),(341,171,14,116666.67,0.00,'2026-06-03 04:30:14','2026-06-03 04:30:14',11),(342,171,38,0.00,116666.67,'2026-06-03 04:30:14','2026-06-03 04:30:14',11),(343,172,85,75000.00,0.00,'2026-06-03 04:30:14','2026-06-03 04:30:14',NULL),(344,172,15,0.00,75000.00,'2026-06-03 04:30:14','2026-06-03 04:30:14',NULL),(345,173,14,116666.67,0.00,'2026-06-03 04:30:14','2026-06-03 04:30:14',11),(346,173,38,0.00,116666.67,'2026-06-03 04:30:14','2026-06-03 04:30:14',11),(347,174,85,75000.00,0.00,'2026-06-03 04:30:14','2026-06-03 04:30:14',NULL),(348,174,15,0.00,75000.00,'2026-06-03 04:30:14','2026-06-03 04:30:14',NULL),(349,175,14,116666.67,0.00,'2026-06-03 04:30:14','2026-06-03 04:30:14',11),(350,175,38,0.00,116666.67,'2026-06-03 04:30:14','2026-06-03 04:30:14',11),(351,176,85,75000.00,0.00,'2026-06-03 04:30:14','2026-06-03 04:30:14',NULL),(352,176,15,0.00,75000.00,'2026-06-03 04:30:14','2026-06-03 04:30:14',NULL),(353,177,14,116666.67,0.00,'2026-06-03 04:30:14','2026-06-03 04:30:14',11),(354,177,38,0.00,116666.67,'2026-06-03 04:30:14','2026-06-03 04:30:14',11),(355,178,85,75000.00,0.00,'2026-06-03 04:30:14','2026-06-03 04:30:14',NULL),(356,178,15,0.00,75000.00,'2026-06-03 04:30:14','2026-06-03 04:30:14',NULL),(357,179,14,116666.67,0.00,'2026-06-03 04:30:14','2026-06-03 04:30:14',11),(358,179,38,0.00,116666.67,'2026-06-03 04:30:14','2026-06-03 04:30:14',11),(359,180,85,75000.00,0.00,'2026-06-03 04:30:14','2026-06-03 04:30:14',NULL),(360,180,15,0.00,75000.00,'2026-06-03 04:30:14','2026-06-03 04:30:14',NULL),(361,181,14,116666.67,0.00,'2026-06-03 04:30:14','2026-06-03 04:30:14',11),(362,181,38,0.00,116666.67,'2026-06-03 04:30:14','2026-06-03 04:30:14',11),(363,182,85,75000.00,0.00,'2026-06-03 04:30:14','2026-06-03 04:30:14',NULL),(364,182,15,0.00,75000.00,'2026-06-03 04:30:14','2026-06-03 04:30:14',NULL),(365,183,14,116666.67,0.00,'2026-06-03 04:30:14','2026-06-03 04:30:14',11),(366,183,38,0.00,116666.67,'2026-06-03 04:30:14','2026-06-03 04:30:14',11),(367,184,85,75000.00,0.00,'2026-06-03 04:30:14','2026-06-03 04:30:14',NULL),(368,184,15,0.00,75000.00,'2026-06-03 04:30:14','2026-06-03 04:30:14',NULL),(369,185,14,116666.67,0.00,'2026-06-03 04:30:14','2026-06-03 04:30:14',11),(370,185,38,0.00,116666.67,'2026-06-03 04:30:14','2026-06-03 04:30:14',11),(371,186,85,75000.00,0.00,'2026-06-03 04:30:14','2026-06-03 04:30:14',NULL),(372,186,15,0.00,75000.00,'2026-06-03 04:30:14','2026-06-03 04:30:14',NULL),(373,187,14,116666.67,0.00,'2026-06-03 04:30:14','2026-06-03 04:30:14',11),(374,187,38,0.00,116666.67,'2026-06-03 04:30:14','2026-06-03 04:30:14',11),(375,188,85,75000.00,0.00,'2026-06-03 04:30:14','2026-06-03 04:30:14',NULL),(376,188,15,0.00,75000.00,'2026-06-03 04:30:14','2026-06-03 04:30:14',NULL),(377,189,14,116666.67,0.00,'2026-06-03 04:30:14','2026-06-03 04:30:14',11),(378,189,38,0.00,116666.67,'2026-06-03 04:30:14','2026-06-03 04:30:14',11),(379,190,85,75000.00,0.00,'2026-06-03 04:30:14','2026-06-03 04:30:14',NULL),(380,190,15,0.00,75000.00,'2026-06-03 04:30:14','2026-06-03 04:30:14',NULL),(381,191,14,116666.67,0.00,'2026-06-03 04:30:14','2026-06-03 04:30:14',11),(382,191,38,0.00,116666.67,'2026-06-03 04:30:14','2026-06-03 04:30:14',11),(383,192,85,75000.00,0.00,'2026-06-03 04:30:14','2026-06-03 04:30:14',NULL),(384,192,15,0.00,75000.00,'2026-06-03 04:30:14','2026-06-03 04:30:14',NULL),(385,193,14,116666.67,0.00,'2026-06-03 04:30:14','2026-06-03 04:30:14',11),(386,193,38,0.00,116666.67,'2026-06-03 04:30:14','2026-06-03 04:30:14',11),(387,194,85,75000.00,0.00,'2026-06-03 04:30:14','2026-06-03 04:30:14',NULL),(388,194,15,0.00,75000.00,'2026-06-03 04:30:14','2026-06-03 04:30:14',NULL),(389,195,14,116666.67,0.00,'2026-06-03 04:30:14','2026-06-03 04:30:14',11),(390,195,38,0.00,116666.67,'2026-06-03 04:30:14','2026-06-03 04:30:14',11),(391,196,85,75000.00,0.00,'2026-06-03 04:30:14','2026-06-03 04:30:14',NULL),(392,196,15,0.00,75000.00,'2026-06-03 04:30:14','2026-06-03 04:30:14',NULL),(393,197,14,116666.67,0.00,'2026-06-03 04:30:14','2026-06-03 04:30:14',11),(394,197,38,0.00,116666.67,'2026-06-03 04:30:14','2026-06-03 04:30:14',11),(395,198,85,75000.00,0.00,'2026-06-03 04:30:14','2026-06-03 04:30:14',NULL),(396,198,15,0.00,75000.00,'2026-06-03 04:30:14','2026-06-03 04:30:14',NULL),(397,199,14,116666.67,0.00,'2026-06-03 04:30:14','2026-06-03 04:30:14',11),(398,199,38,0.00,116666.67,'2026-06-03 04:30:14','2026-06-03 04:30:14',11),(399,200,85,75000.00,0.00,'2026-06-03 04:30:14','2026-06-03 04:30:14',NULL),(400,200,15,0.00,75000.00,'2026-06-03 04:30:14','2026-06-03 04:30:14',NULL),(401,201,14,116666.67,0.00,'2026-06-03 04:30:14','2026-06-03 04:30:14',11),(402,201,38,0.00,116666.67,'2026-06-03 04:30:14','2026-06-03 04:30:14',11),(403,202,85,75000.00,0.00,'2026-06-03 04:30:14','2026-06-03 04:30:14',NULL),(404,202,15,0.00,75000.00,'2026-06-03 04:30:14','2026-06-03 04:30:14',NULL),(405,203,14,116666.67,0.00,'2026-06-03 04:30:14','2026-06-03 04:30:14',11),(406,203,38,0.00,116666.67,'2026-06-03 04:30:14','2026-06-03 04:30:14',11),(407,204,85,75000.00,0.00,'2026-06-03 04:30:14','2026-06-03 04:30:14',NULL),(408,204,15,0.00,75000.00,'2026-06-03 04:30:14','2026-06-03 04:30:14',NULL),(409,205,14,116666.67,0.00,'2026-06-03 04:30:14','2026-06-03 04:30:14',11),(410,205,38,0.00,116666.67,'2026-06-03 04:30:14','2026-06-03 04:30:14',11),(411,206,85,75000.00,0.00,'2026-06-03 04:30:14','2026-06-03 04:30:14',NULL),(412,206,15,0.00,75000.00,'2026-06-03 04:30:14','2026-06-03 04:30:14',NULL),(413,207,14,116666.67,0.00,'2026-06-03 04:30:14','2026-06-03 04:30:14',11),(414,207,38,0.00,116666.67,'2026-06-03 04:30:14','2026-06-03 04:30:14',11),(415,208,85,75000.00,0.00,'2026-06-03 04:30:14','2026-06-03 04:30:14',NULL),(416,208,15,0.00,75000.00,'2026-06-03 04:30:14','2026-06-03 04:30:14',NULL),(417,209,14,116666.67,0.00,'2026-06-03 04:30:14','2026-06-03 04:30:14',11),(418,209,38,0.00,116666.67,'2026-06-03 04:30:14','2026-06-03 04:30:14',11),(419,210,85,75000.00,0.00,'2026-06-03 04:30:14','2026-06-03 04:30:14',NULL),(420,210,15,0.00,75000.00,'2026-06-03 04:30:14','2026-06-03 04:30:14',NULL),(421,211,14,116666.67,0.00,'2026-06-03 04:30:14','2026-06-03 04:30:14',11),(422,211,38,0.00,116666.67,'2026-06-03 04:30:14','2026-06-03 04:30:14',11),(423,212,85,75000.00,0.00,'2026-06-03 04:30:14','2026-06-03 04:30:14',NULL),(424,212,15,0.00,75000.00,'2026-06-03 04:30:14','2026-06-03 04:30:14',NULL),(425,213,14,120000.00,0.00,'2026-06-03 04:30:14','2026-06-03 04:30:14',9),(426,213,38,0.00,120000.00,'2026-06-03 04:30:14','2026-06-03 04:30:14',9),(427,214,85,75000.00,0.00,'2026-06-03 04:30:14','2026-06-03 04:30:14',NULL),(428,214,15,0.00,75000.00,'2026-06-03 04:30:14','2026-06-03 04:30:14',NULL),(429,215,14,120000.00,0.00,'2026-06-03 04:30:14','2026-06-03 04:30:14',9),(430,215,38,0.00,120000.00,'2026-06-03 04:30:14','2026-06-03 04:30:14',9),(431,216,85,75000.00,0.00,'2026-06-03 04:30:14','2026-06-03 04:30:14',NULL),(432,216,15,0.00,75000.00,'2026-06-03 04:30:14','2026-06-03 04:30:14',NULL),(433,217,14,120000.00,0.00,'2026-06-03 04:30:14','2026-06-03 04:30:14',9),(434,217,38,0.00,120000.00,'2026-06-03 04:30:14','2026-06-03 04:30:14',9),(435,218,85,75000.00,0.00,'2026-06-03 04:30:14','2026-06-03 04:30:14',NULL),(436,218,15,0.00,75000.00,'2026-06-03 04:30:14','2026-06-03 04:30:14',NULL),(437,219,14,120000.00,0.00,'2026-06-03 04:30:14','2026-06-03 04:30:14',9),(438,219,38,0.00,120000.00,'2026-06-03 04:30:14','2026-06-03 04:30:14',9),(439,220,85,75000.00,0.00,'2026-06-03 04:30:15','2026-06-03 04:30:15',NULL),(440,220,15,0.00,75000.00,'2026-06-03 04:30:15','2026-06-03 04:30:15',NULL),(441,221,14,120000.00,0.00,'2026-06-03 04:30:15','2026-06-03 04:30:15',9),(442,221,38,0.00,120000.00,'2026-06-03 04:30:15','2026-06-03 04:30:15',9),(443,222,85,75000.00,0.00,'2026-06-03 04:30:15','2026-06-03 04:30:15',NULL),(444,222,15,0.00,75000.00,'2026-06-03 04:30:15','2026-06-03 04:30:15',NULL),(445,223,14,120000.00,0.00,'2026-06-03 04:30:15','2026-06-03 04:30:15',9),(446,223,38,0.00,120000.00,'2026-06-03 04:30:15','2026-06-03 04:30:15',9),(447,224,85,75000.00,0.00,'2026-06-03 04:30:15','2026-06-03 04:30:15',NULL),(448,224,15,0.00,75000.00,'2026-06-03 04:30:15','2026-06-03 04:30:15',NULL),(449,225,14,120000.00,0.00,'2026-06-03 04:30:15','2026-06-03 04:30:15',9),(450,225,38,0.00,120000.00,'2026-06-03 04:30:15','2026-06-03 04:30:15',9),(451,226,85,75000.00,0.00,'2026-06-03 04:30:15','2026-06-03 04:30:15',NULL),(452,226,15,0.00,75000.00,'2026-06-03 04:30:15','2026-06-03 04:30:15',NULL),(453,227,14,120000.00,0.00,'2026-06-03 04:30:15','2026-06-03 04:30:15',9),(454,227,38,0.00,120000.00,'2026-06-03 04:30:15','2026-06-03 04:30:15',9),(455,228,85,75000.00,0.00,'2026-06-03 04:30:15','2026-06-03 04:30:15',NULL),(456,228,15,0.00,75000.00,'2026-06-03 04:30:15','2026-06-03 04:30:15',NULL),(457,229,14,120000.00,0.00,'2026-06-03 04:30:15','2026-06-03 04:30:15',9),(458,229,38,0.00,120000.00,'2026-06-03 04:30:15','2026-06-03 04:30:15',9),(459,230,85,75000.00,0.00,'2026-06-03 04:30:15','2026-06-03 04:30:15',NULL),(460,230,15,0.00,75000.00,'2026-06-03 04:30:15','2026-06-03 04:30:15',NULL),(461,231,14,120000.00,0.00,'2026-06-03 04:30:15','2026-06-03 04:30:15',9),(462,231,38,0.00,120000.00,'2026-06-03 04:30:15','2026-06-03 04:30:15',9),(463,232,85,75000.00,0.00,'2026-06-03 04:30:15','2026-06-03 04:30:15',NULL),(464,232,15,0.00,75000.00,'2026-06-03 04:30:15','2026-06-03 04:30:15',NULL),(465,233,14,120000.00,0.00,'2026-06-03 04:30:15','2026-06-03 04:30:15',9),(466,233,38,0.00,120000.00,'2026-06-03 04:30:15','2026-06-03 04:30:15',9),(467,234,85,75000.00,0.00,'2026-06-03 04:30:15','2026-06-03 04:30:15',NULL),(468,234,15,0.00,75000.00,'2026-06-03 04:30:15','2026-06-03 04:30:15',NULL),(469,235,14,120000.00,0.00,'2026-06-03 04:30:15','2026-06-03 04:30:15',9),(470,235,38,0.00,120000.00,'2026-06-03 04:30:15','2026-06-03 04:30:15',9),(471,236,85,75000.00,0.00,'2026-06-03 04:30:15','2026-06-03 04:30:15',NULL),(472,236,15,0.00,75000.00,'2026-06-03 04:30:15','2026-06-03 04:30:15',NULL),(473,237,14,120000.00,0.00,'2026-06-03 04:30:15','2026-06-03 04:30:15',9),(474,237,38,0.00,120000.00,'2026-06-03 04:30:15','2026-06-03 04:30:15',9),(475,238,85,75000.00,0.00,'2026-06-03 04:30:15','2026-06-03 04:30:15',NULL),(476,238,15,0.00,75000.00,'2026-06-03 04:30:15','2026-06-03 04:30:15',NULL),(477,239,14,120000.00,0.00,'2026-06-03 04:30:15','2026-06-03 04:30:15',9),(478,239,38,0.00,120000.00,'2026-06-03 04:30:15','2026-06-03 04:30:15',9),(479,240,85,75000.00,0.00,'2026-06-03 04:30:15','2026-06-03 04:30:15',NULL),(480,240,15,0.00,75000.00,'2026-06-03 04:30:15','2026-06-03 04:30:15',NULL),(481,241,14,120000.00,0.00,'2026-06-03 04:30:15','2026-06-03 04:30:15',9),(482,241,38,0.00,120000.00,'2026-06-03 04:30:15','2026-06-03 04:30:15',9),(483,242,85,75000.00,0.00,'2026-06-03 04:30:15','2026-06-03 04:30:15',NULL),(484,242,15,0.00,75000.00,'2026-06-03 04:30:15','2026-06-03 04:30:15',NULL),(485,243,14,120000.00,0.00,'2026-06-03 04:30:15','2026-06-03 04:30:15',9),(486,243,38,0.00,120000.00,'2026-06-03 04:30:15','2026-06-03 04:30:15',9),(487,244,85,75000.00,0.00,'2026-06-03 04:30:15','2026-06-03 04:30:15',NULL),(488,244,15,0.00,75000.00,'2026-06-03 04:30:15','2026-06-03 04:30:15',NULL),(489,245,14,100000.00,0.00,'2026-06-03 04:30:15','2026-06-03 04:30:15',12),(490,245,38,0.00,100000.00,'2026-06-03 04:30:15','2026-06-03 04:30:15',12),(491,246,85,100000.00,0.00,'2026-06-03 04:30:15','2026-06-03 04:30:15',NULL),(492,246,15,0.00,100000.00,'2026-06-03 04:30:15','2026-06-03 04:30:15',NULL),(493,247,14,100000.00,0.00,'2026-06-03 04:30:15','2026-06-03 04:30:15',12),(494,247,38,0.00,100000.00,'2026-06-03 04:30:15','2026-06-03 04:30:15',12),(495,248,85,100000.00,0.00,'2026-06-03 04:30:15','2026-06-03 04:30:15',NULL),(496,248,15,0.00,100000.00,'2026-06-03 04:30:15','2026-06-03 04:30:15',NULL),(497,249,14,100000.00,0.00,'2026-06-03 04:30:15','2026-06-03 04:30:15',12),(498,249,38,0.00,100000.00,'2026-06-03 04:30:15','2026-06-03 04:30:15',12),(499,250,85,100000.00,0.00,'2026-06-03 04:30:15','2026-06-03 04:30:15',NULL),(500,250,15,0.00,100000.00,'2026-06-03 04:30:15','2026-06-03 04:30:15',NULL),(501,251,14,100000.00,0.00,'2026-06-03 04:30:15','2026-06-03 04:30:15',12),(502,251,38,0.00,100000.00,'2026-06-03 04:30:15','2026-06-03 04:30:15',12),(503,252,85,100000.00,0.00,'2026-06-03 04:30:15','2026-06-03 04:30:15',NULL),(504,252,15,0.00,100000.00,'2026-06-03 04:30:15','2026-06-03 04:30:15',NULL),(505,253,14,100000.00,0.00,'2026-06-03 04:30:15','2026-06-03 04:30:15',12),(506,253,38,0.00,100000.00,'2026-06-03 04:30:15','2026-06-03 04:30:15',12),(507,254,85,100000.00,0.00,'2026-06-03 04:30:15','2026-06-03 04:30:15',NULL),(508,254,15,0.00,100000.00,'2026-06-03 04:30:15','2026-06-03 04:30:15',NULL),(509,255,14,100000.00,0.00,'2026-06-03 04:30:15','2026-06-03 04:30:15',12),(510,255,38,0.00,100000.00,'2026-06-03 04:30:15','2026-06-03 04:30:15',12),(511,256,85,100000.00,0.00,'2026-06-03 04:30:15','2026-06-03 04:30:15',NULL),(512,256,15,0.00,100000.00,'2026-06-03 04:30:15','2026-06-03 04:30:15',NULL),(513,257,14,100000.00,0.00,'2026-06-03 04:30:15','2026-06-03 04:30:15',12),(514,257,38,0.00,100000.00,'2026-06-03 04:30:15','2026-06-03 04:30:15',12),(515,258,85,100000.00,0.00,'2026-06-03 04:30:15','2026-06-03 04:30:15',NULL),(516,258,15,0.00,100000.00,'2026-06-03 04:30:15','2026-06-03 04:30:15',NULL),(517,259,14,91666.67,0.00,'2026-06-03 04:30:15','2026-06-03 04:30:15',13),(518,259,38,0.00,91666.67,'2026-06-03 04:30:15','2026-06-03 04:30:15',13),(519,260,85,85000.00,0.00,'2026-06-03 04:30:15','2026-06-03 04:30:15',NULL),(520,260,15,0.00,85000.00,'2026-06-03 04:30:15','2026-06-03 04:30:15',NULL),(521,261,14,91666.67,0.00,'2026-06-03 04:30:15','2026-06-03 04:30:15',13),(522,261,38,0.00,91666.67,'2026-06-03 04:30:15','2026-06-03 04:30:15',13),(523,262,85,85000.00,0.00,'2026-06-03 04:30:15','2026-06-03 04:30:15',NULL),(524,262,15,0.00,85000.00,'2026-06-03 04:30:15','2026-06-03 04:30:15',NULL),(525,263,14,91666.67,0.00,'2026-06-03 04:30:15','2026-06-03 04:30:15',13),(526,263,38,0.00,91666.67,'2026-06-03 04:30:15','2026-06-03 04:30:15',13),(527,264,85,85000.00,0.00,'2026-06-03 04:30:15','2026-06-03 04:30:15',NULL),(528,264,15,0.00,85000.00,'2026-06-03 04:30:15','2026-06-03 04:30:15',NULL),(529,265,14,91666.67,0.00,'2026-06-03 04:30:15','2026-06-03 04:30:15',13),(530,265,38,0.00,91666.67,'2026-06-03 04:30:15','2026-06-03 04:30:15',13),(531,266,85,85000.00,0.00,'2026-06-03 04:30:15','2026-06-03 04:30:15',NULL),(532,266,15,0.00,85000.00,'2026-06-03 04:30:15','2026-06-03 04:30:15',NULL),(533,267,14,91666.67,0.00,'2026-06-03 04:30:15','2026-06-03 04:30:15',13),(534,267,38,0.00,91666.67,'2026-06-03 04:30:15','2026-06-03 04:30:15',13),(535,268,85,85000.00,0.00,'2026-06-03 04:30:15','2026-06-03 04:30:15',NULL),(536,268,15,0.00,85000.00,'2026-06-03 04:30:15','2026-06-03 04:30:15',NULL),(537,269,14,91666.67,0.00,'2026-06-03 04:30:15','2026-06-03 04:30:15',13),(538,269,38,0.00,91666.67,'2026-06-03 04:30:15','2026-06-03 04:30:15',13),(539,270,85,85000.00,0.00,'2026-06-03 04:30:15','2026-06-03 04:30:15',NULL),(540,270,15,0.00,85000.00,'2026-06-03 04:30:15','2026-06-03 04:30:15',NULL),(541,271,14,91666.67,0.00,'2026-06-03 04:30:15','2026-06-03 04:30:15',13),(542,271,38,0.00,91666.67,'2026-06-03 04:30:15','2026-06-03 04:30:15',13),(543,272,85,85000.00,0.00,'2026-06-03 04:30:15','2026-06-03 04:30:15',NULL),(544,272,15,0.00,85000.00,'2026-06-03 04:30:15','2026-06-03 04:30:15',NULL),(545,273,14,91666.67,0.00,'2026-06-03 04:30:15','2026-06-03 04:30:15',13),(546,273,38,0.00,91666.67,'2026-06-03 04:30:15','2026-06-03 04:30:15',13),(547,274,85,85000.00,0.00,'2026-06-03 04:30:15','2026-06-03 04:30:15',NULL),(548,274,15,0.00,85000.00,'2026-06-03 04:30:15','2026-06-03 04:30:15',NULL),(549,275,14,91666.67,0.00,'2026-06-03 04:30:15','2026-06-03 04:30:15',13),(550,275,38,0.00,91666.67,'2026-06-03 04:30:15','2026-06-03 04:30:15',13),(551,276,85,85000.00,0.00,'2026-06-03 04:30:15','2026-06-03 04:30:15',NULL),(552,276,15,0.00,85000.00,'2026-06-03 04:30:15','2026-06-03 04:30:15',NULL),(553,277,14,91666.67,0.00,'2026-06-03 04:30:15','2026-06-03 04:30:15',13),(554,277,38,0.00,91666.67,'2026-06-03 04:30:15','2026-06-03 04:30:15',13),(555,278,85,85000.00,0.00,'2026-06-03 04:30:15','2026-06-03 04:30:15',NULL),(556,278,15,0.00,85000.00,'2026-06-03 04:30:15','2026-06-03 04:30:15',NULL),(557,279,14,91666.67,0.00,'2026-06-03 04:30:15','2026-06-03 04:30:15',13),(558,279,38,0.00,91666.67,'2026-06-03 04:30:15','2026-06-03 04:30:15',13),(559,280,85,85000.00,0.00,'2026-06-03 04:30:15','2026-06-03 04:30:15',NULL),(560,280,15,0.00,85000.00,'2026-06-03 04:30:15','2026-06-03 04:30:15',NULL),(561,281,14,91666.67,0.00,'2026-06-03 04:30:15','2026-06-03 04:30:15',13),(562,281,38,0.00,91666.67,'2026-06-03 04:30:15','2026-06-03 04:30:15',13),(563,282,85,85000.00,0.00,'2026-06-03 04:30:15','2026-06-03 04:30:15',NULL),(564,282,15,0.00,85000.00,'2026-06-03 04:30:15','2026-06-03 04:30:15',NULL),(565,283,14,91666.67,0.00,'2026-06-03 04:30:15','2026-06-03 04:30:15',13),(566,283,38,0.00,91666.67,'2026-06-03 04:30:15','2026-06-03 04:30:15',13),(567,284,85,85000.00,0.00,'2026-06-03 04:30:15','2026-06-03 04:30:15',NULL),(568,284,15,0.00,85000.00,'2026-06-03 04:30:15','2026-06-03 04:30:15',NULL),(569,285,14,91666.67,0.00,'2026-06-03 04:30:15','2026-06-03 04:30:15',13),(570,285,38,0.00,91666.67,'2026-06-03 04:30:15','2026-06-03 04:30:15',13),(571,286,85,85000.00,0.00,'2026-06-03 04:30:15','2026-06-03 04:30:15',NULL),(572,286,15,0.00,85000.00,'2026-06-03 04:30:15','2026-06-03 04:30:15',NULL),(573,287,14,91666.67,0.00,'2026-06-03 04:30:15','2026-06-03 04:30:15',13),(574,287,38,0.00,91666.67,'2026-06-03 04:30:15','2026-06-03 04:30:15',13),(575,288,85,85000.00,0.00,'2026-06-03 04:30:16','2026-06-03 04:30:16',NULL),(576,288,15,0.00,85000.00,'2026-06-03 04:30:16','2026-06-03 04:30:16',NULL),(577,289,14,91666.67,0.00,'2026-06-03 04:30:16','2026-06-03 04:30:16',13),(578,289,38,0.00,91666.67,'2026-06-03 04:30:16','2026-06-03 04:30:16',13),(579,290,85,85000.00,0.00,'2026-06-03 04:30:16','2026-06-03 04:30:16',NULL),(580,290,15,0.00,85000.00,'2026-06-03 04:30:16','2026-06-03 04:30:16',NULL),(581,291,14,91666.67,0.00,'2026-06-03 04:30:16','2026-06-03 04:30:16',13),(582,291,38,0.00,91666.67,'2026-06-03 04:30:16','2026-06-03 04:30:16',13),(583,292,85,85000.00,0.00,'2026-06-03 04:30:16','2026-06-03 04:30:16',NULL),(584,292,15,0.00,85000.00,'2026-06-03 04:30:16','2026-06-03 04:30:16',NULL),(585,293,14,91666.67,0.00,'2026-06-03 04:30:16','2026-06-03 04:30:16',13),(586,293,38,0.00,91666.67,'2026-06-03 04:30:16','2026-06-03 04:30:16',13),(587,294,85,85000.00,0.00,'2026-06-03 04:30:16','2026-06-03 04:30:16',NULL),(588,294,15,0.00,85000.00,'2026-06-03 04:30:16','2026-06-03 04:30:16',NULL),(589,295,14,91666.67,0.00,'2026-06-03 04:30:16','2026-06-03 04:30:16',13),(590,295,38,0.00,91666.67,'2026-06-03 04:30:16','2026-06-03 04:30:16',13),(591,296,85,85000.00,0.00,'2026-06-03 04:30:16','2026-06-03 04:30:16',NULL),(592,296,15,0.00,85000.00,'2026-06-03 04:30:16','2026-06-03 04:30:16',NULL),(593,297,14,91666.67,0.00,'2026-06-03 04:30:16','2026-06-03 04:30:16',13),(594,297,38,0.00,91666.67,'2026-06-03 04:30:16','2026-06-03 04:30:16',13),(595,298,85,85000.00,0.00,'2026-06-03 04:30:16','2026-06-03 04:30:16',NULL),(596,298,15,0.00,85000.00,'2026-06-03 04:30:16','2026-06-03 04:30:16',NULL),(597,299,14,91666.67,0.00,'2026-06-03 04:30:16','2026-06-03 04:30:16',13),(598,299,38,0.00,91666.67,'2026-06-03 04:30:16','2026-06-03 04:30:16',13),(599,300,85,85000.00,0.00,'2026-06-03 04:30:16','2026-06-03 04:30:16',NULL),(600,300,15,0.00,85000.00,'2026-06-03 04:30:16','2026-06-03 04:30:16',NULL),(601,301,14,91666.67,0.00,'2026-06-03 04:30:16','2026-06-03 04:30:16',13),(602,301,38,0.00,91666.67,'2026-06-03 04:30:16','2026-06-03 04:30:16',13),(603,302,85,85000.00,0.00,'2026-06-03 04:30:16','2026-06-03 04:30:16',NULL),(604,302,15,0.00,85000.00,'2026-06-03 04:30:16','2026-06-03 04:30:16',NULL),(605,303,14,91666.67,0.00,'2026-06-03 04:30:16','2026-06-03 04:30:16',13),(606,303,38,0.00,91666.67,'2026-06-03 04:30:16','2026-06-03 04:30:16',13),(607,304,85,85000.00,0.00,'2026-06-03 04:30:16','2026-06-03 04:30:16',NULL),(608,304,15,0.00,85000.00,'2026-06-03 04:30:16','2026-06-03 04:30:16',NULL),(609,305,14,91666.67,0.00,'2026-06-03 04:30:16','2026-06-03 04:30:16',13),(610,305,38,0.00,91666.67,'2026-06-03 04:30:16','2026-06-03 04:30:16',13),(611,306,85,85000.00,0.00,'2026-06-03 04:30:16','2026-06-03 04:30:16',NULL),(612,306,15,0.00,85000.00,'2026-06-03 04:30:16','2026-06-03 04:30:16',NULL),(613,307,14,106250.00,0.00,'2026-06-03 04:30:16','2026-06-03 04:30:16',15),(614,307,38,0.00,106250.00,'2026-06-03 04:30:16','2026-06-03 04:30:16',15),(615,308,85,100000.00,0.00,'2026-06-03 04:30:16','2026-06-03 04:30:16',NULL),(616,308,15,0.00,100000.00,'2026-06-03 04:30:16','2026-06-03 04:30:16',NULL),(617,309,14,106250.00,0.00,'2026-06-03 04:30:16','2026-06-03 04:30:16',15),(618,309,38,0.00,106250.00,'2026-06-03 04:30:16','2026-06-03 04:30:16',15),(619,310,85,100000.00,0.00,'2026-06-03 04:30:16','2026-06-03 04:30:16',NULL),(620,310,15,0.00,100000.00,'2026-06-03 04:30:16','2026-06-03 04:30:16',NULL),(621,311,14,106250.00,0.00,'2026-06-03 04:30:16','2026-06-03 04:30:16',15),(622,311,38,0.00,106250.00,'2026-06-03 04:30:16','2026-06-03 04:30:16',15),(623,312,85,100000.00,0.00,'2026-06-03 04:30:16','2026-06-03 04:30:16',NULL),(624,312,15,0.00,100000.00,'2026-06-03 04:30:16','2026-06-03 04:30:16',NULL),(625,313,14,106250.00,0.00,'2026-06-03 04:30:16','2026-06-03 04:30:16',15),(626,313,38,0.00,106250.00,'2026-06-03 04:30:16','2026-06-03 04:30:16',15),(627,314,85,100000.00,0.00,'2026-06-03 04:30:16','2026-06-03 04:30:16',NULL),(628,314,15,0.00,100000.00,'2026-06-03 04:30:16','2026-06-03 04:30:16',NULL),(629,315,14,106250.00,0.00,'2026-06-03 04:30:16','2026-06-03 04:30:16',15),(630,315,38,0.00,106250.00,'2026-06-03 04:30:16','2026-06-03 04:30:16',15),(631,316,85,100000.00,0.00,'2026-06-03 04:30:16','2026-06-03 04:30:16',NULL),(632,316,15,0.00,100000.00,'2026-06-03 04:30:16','2026-06-03 04:30:16',NULL),(633,317,14,106250.00,0.00,'2026-06-03 04:30:16','2026-06-03 04:30:16',15),(634,317,38,0.00,106250.00,'2026-06-03 04:30:16','2026-06-03 04:30:16',15),(635,318,85,100000.00,0.00,'2026-06-03 04:30:16','2026-06-03 04:30:16',NULL),(636,318,15,0.00,100000.00,'2026-06-03 04:30:16','2026-06-03 04:30:16',NULL),(637,319,14,106250.00,0.00,'2026-06-03 04:30:16','2026-06-03 04:30:16',15),(638,319,38,0.00,106250.00,'2026-06-03 04:30:16','2026-06-03 04:30:16',15),(639,320,85,100000.00,0.00,'2026-06-03 04:30:16','2026-06-03 04:30:16',NULL),(640,320,15,0.00,100000.00,'2026-06-03 04:30:16','2026-06-03 04:30:16',NULL),(641,321,14,106250.00,0.00,'2026-06-03 04:30:16','2026-06-03 04:30:16',15),(642,321,38,0.00,106250.00,'2026-06-03 04:30:16','2026-06-03 04:30:16',15),(643,322,85,100000.00,0.00,'2026-06-03 04:30:16','2026-06-03 04:30:16',NULL),(644,322,15,0.00,100000.00,'2026-06-03 04:30:16','2026-06-03 04:30:16',NULL),(645,323,14,106250.00,0.00,'2026-06-03 04:30:16','2026-06-03 04:30:16',15),(646,323,38,0.00,106250.00,'2026-06-03 04:30:16','2026-06-03 04:30:16',15),(647,324,85,100000.00,0.00,'2026-06-03 04:30:16','2026-06-03 04:30:16',NULL),(648,324,15,0.00,100000.00,'2026-06-03 04:30:16','2026-06-03 04:30:16',NULL),(649,325,14,106250.00,0.00,'2026-06-03 04:30:16','2026-06-03 04:30:16',15),(650,325,38,0.00,106250.00,'2026-06-03 04:30:16','2026-06-03 04:30:16',15),(651,326,85,100000.00,0.00,'2026-06-03 04:30:16','2026-06-03 04:30:16',NULL),(652,326,15,0.00,100000.00,'2026-06-03 04:30:16','2026-06-03 04:30:16',NULL),(653,327,14,106250.00,0.00,'2026-06-03 04:30:16','2026-06-03 04:30:16',15),(654,327,38,0.00,106250.00,'2026-06-03 04:30:16','2026-06-03 04:30:16',15),(655,328,85,100000.00,0.00,'2026-06-03 04:30:16','2026-06-03 04:30:16',NULL),(656,328,15,0.00,100000.00,'2026-06-03 04:30:16','2026-06-03 04:30:16',NULL),(657,329,14,106250.00,0.00,'2026-06-03 04:30:16','2026-06-03 04:30:16',15),(658,329,38,0.00,106250.00,'2026-06-03 04:30:16','2026-06-03 04:30:16',15),(659,330,85,100000.00,0.00,'2026-06-03 04:30:16','2026-06-03 04:30:16',NULL),(660,330,15,0.00,100000.00,'2026-06-03 04:30:16','2026-06-03 04:30:16',NULL),(661,331,14,106250.00,0.00,'2026-06-03 04:30:16','2026-06-03 04:30:16',15),(662,331,38,0.00,106250.00,'2026-06-03 04:30:16','2026-06-03 04:30:16',15),(663,332,85,100000.00,0.00,'2026-06-03 04:30:16','2026-06-03 04:30:16',NULL),(664,332,15,0.00,100000.00,'2026-06-03 04:30:16','2026-06-03 04:30:16',NULL),(665,333,14,106250.00,0.00,'2026-06-03 04:30:16','2026-06-03 04:30:16',15),(666,333,38,0.00,106250.00,'2026-06-03 04:30:16','2026-06-03 04:30:16',15),(667,334,85,100000.00,0.00,'2026-06-03 04:30:16','2026-06-03 04:30:16',NULL),(668,334,15,0.00,100000.00,'2026-06-03 04:30:16','2026-06-03 04:30:16',NULL),(669,335,14,106250.00,0.00,'2026-06-03 04:30:16','2026-06-03 04:30:16',15),(670,335,38,0.00,106250.00,'2026-06-03 04:30:16','2026-06-03 04:30:16',15),(671,336,85,100000.00,0.00,'2026-06-03 04:30:16','2026-06-03 04:30:16',NULL),(672,336,15,0.00,100000.00,'2026-06-03 04:30:16','2026-06-03 04:30:16',NULL),(673,337,14,106250.00,0.00,'2026-06-03 04:30:16','2026-06-03 04:30:16',15),(674,337,38,0.00,106250.00,'2026-06-03 04:30:16','2026-06-03 04:30:16',15),(675,338,85,100000.00,0.00,'2026-06-03 04:30:16','2026-06-03 04:30:16',NULL),(676,338,15,0.00,100000.00,'2026-06-03 04:30:16','2026-06-03 04:30:16',NULL),(677,339,14,106250.00,0.00,'2026-06-03 04:30:16','2026-06-03 04:30:16',15),(678,339,38,0.00,106250.00,'2026-06-03 04:30:16','2026-06-03 04:30:16',15),(679,340,85,100000.00,0.00,'2026-06-03 04:30:16','2026-06-03 04:30:16',NULL),(680,340,15,0.00,100000.00,'2026-06-03 04:30:16','2026-06-03 04:30:16',NULL),(681,341,14,106250.00,0.00,'2026-06-03 04:30:16','2026-06-03 04:30:16',15),(682,341,38,0.00,106250.00,'2026-06-03 04:30:16','2026-06-03 04:30:16',15),(683,342,85,100000.00,0.00,'2026-06-03 04:30:16','2026-06-03 04:30:16',NULL),(684,342,15,0.00,100000.00,'2026-06-03 04:30:16','2026-06-03 04:30:16',NULL),(685,343,14,106250.00,0.00,'2026-06-03 04:30:16','2026-06-03 04:30:16',15),(686,343,38,0.00,106250.00,'2026-06-03 04:30:16','2026-06-03 04:30:16',15),(687,344,85,100000.00,0.00,'2026-06-03 04:30:16','2026-06-03 04:30:16',NULL),(688,344,15,0.00,100000.00,'2026-06-03 04:30:16','2026-06-03 04:30:16',NULL),(689,345,14,106250.00,0.00,'2026-06-03 04:30:16','2026-06-03 04:30:16',15),(690,345,38,0.00,106250.00,'2026-06-03 04:30:16','2026-06-03 04:30:16',15),(691,346,85,100000.00,0.00,'2026-06-03 04:30:16','2026-06-03 04:30:16',NULL),(692,346,15,0.00,100000.00,'2026-06-03 04:30:16','2026-06-03 04:30:16',NULL),(693,347,14,106250.00,0.00,'2026-06-03 04:30:16','2026-06-03 04:30:16',15),(694,347,38,0.00,106250.00,'2026-06-03 04:30:16','2026-06-03 04:30:16',15),(695,348,85,100000.00,0.00,'2026-06-03 04:30:16','2026-06-03 04:30:16',NULL),(696,348,15,0.00,100000.00,'2026-06-03 04:30:16','2026-06-03 04:30:16',NULL),(697,349,14,106250.00,0.00,'2026-06-03 04:30:16','2026-06-03 04:30:16',15),(698,349,38,0.00,106250.00,'2026-06-03 04:30:16','2026-06-03 04:30:16',15),(699,350,85,100000.00,0.00,'2026-06-03 04:30:17','2026-06-03 04:30:17',NULL),(700,350,15,0.00,100000.00,'2026-06-03 04:30:17','2026-06-03 04:30:17',NULL),(701,351,14,106250.00,0.00,'2026-06-03 04:30:17','2026-06-03 04:30:17',15),(702,351,38,0.00,106250.00,'2026-06-03 04:30:17','2026-06-03 04:30:17',15),(703,352,85,100000.00,0.00,'2026-06-03 04:30:17','2026-06-03 04:30:17',NULL),(704,352,15,0.00,100000.00,'2026-06-03 04:30:17','2026-06-03 04:30:17',NULL),(705,353,14,106250.00,0.00,'2026-06-03 04:30:17','2026-06-03 04:30:17',15),(706,353,38,0.00,106250.00,'2026-06-03 04:30:17','2026-06-03 04:30:17',15),(707,354,85,100000.00,0.00,'2026-06-03 04:30:17','2026-06-03 04:30:17',NULL),(708,354,15,0.00,100000.00,'2026-06-03 04:30:17','2026-06-03 04:30:17',NULL),(709,355,14,106250.00,0.00,'2026-06-03 04:30:17','2026-06-03 04:30:17',15),(710,355,38,0.00,106250.00,'2026-06-03 04:30:17','2026-06-03 04:30:17',15),(711,356,85,100000.00,0.00,'2026-06-03 04:30:17','2026-06-03 04:30:17',NULL),(712,356,15,0.00,100000.00,'2026-06-03 04:30:17','2026-06-03 04:30:17',NULL),(713,357,14,106250.00,0.00,'2026-06-03 04:30:17','2026-06-03 04:30:17',15),(714,357,38,0.00,106250.00,'2026-06-03 04:30:17','2026-06-03 04:30:17',15),(715,358,85,100000.00,0.00,'2026-06-03 04:30:17','2026-06-03 04:30:17',NULL),(716,358,15,0.00,100000.00,'2026-06-03 04:30:17','2026-06-03 04:30:17',NULL),(717,359,14,106250.00,0.00,'2026-06-03 04:30:17','2026-06-03 04:30:17',15),(718,359,38,0.00,106250.00,'2026-06-03 04:30:17','2026-06-03 04:30:17',15),(719,360,85,100000.00,0.00,'2026-06-03 04:30:17','2026-06-03 04:30:17',NULL),(720,360,15,0.00,100000.00,'2026-06-03 04:30:17','2026-06-03 04:30:17',NULL),(721,361,14,106250.00,0.00,'2026-06-03 04:30:17','2026-06-03 04:30:17',15),(722,361,38,0.00,106250.00,'2026-06-03 04:30:17','2026-06-03 04:30:17',15),(723,362,85,100000.00,0.00,'2026-06-03 04:30:17','2026-06-03 04:30:17',NULL),(724,362,15,0.00,100000.00,'2026-06-03 04:30:17','2026-06-03 04:30:17',NULL),(725,363,14,106250.00,0.00,'2026-06-03 04:30:17','2026-06-03 04:30:17',15),(726,363,38,0.00,106250.00,'2026-06-03 04:30:17','2026-06-03 04:30:17',15),(727,364,85,100000.00,0.00,'2026-06-03 04:30:17','2026-06-03 04:30:17',NULL),(728,364,15,0.00,100000.00,'2026-06-03 04:30:17','2026-06-03 04:30:17',NULL),(729,365,14,106250.00,0.00,'2026-06-03 04:30:17','2026-06-03 04:30:17',15),(730,365,38,0.00,106250.00,'2026-06-03 04:30:17','2026-06-03 04:30:17',15),(731,366,85,100000.00,0.00,'2026-06-03 04:30:17','2026-06-03 04:30:17',NULL),(732,366,15,0.00,100000.00,'2026-06-03 04:30:17','2026-06-03 04:30:17',NULL),(733,367,14,106250.00,0.00,'2026-06-03 04:30:17','2026-06-03 04:30:17',15),(734,367,38,0.00,106250.00,'2026-06-03 04:30:17','2026-06-03 04:30:17',15),(735,368,85,100000.00,0.00,'2026-06-03 04:30:17','2026-06-03 04:30:17',NULL),(736,368,15,0.00,100000.00,'2026-06-03 04:30:17','2026-06-03 04:30:17',NULL),(737,369,14,106250.00,0.00,'2026-06-03 04:30:17','2026-06-03 04:30:17',15),(738,369,38,0.00,106250.00,'2026-06-03 04:30:17','2026-06-03 04:30:17',15),(739,370,85,100000.00,0.00,'2026-06-03 04:30:17','2026-06-03 04:30:17',NULL),(740,370,15,0.00,100000.00,'2026-06-03 04:30:17','2026-06-03 04:30:17',NULL),(741,371,14,106250.00,0.00,'2026-06-03 04:30:17','2026-06-03 04:30:17',15),(742,371,38,0.00,106250.00,'2026-06-03 04:30:17','2026-06-03 04:30:17',15),(743,372,85,100000.00,0.00,'2026-06-03 04:30:17','2026-06-03 04:30:17',NULL),(744,372,15,0.00,100000.00,'2026-06-03 04:30:17','2026-06-03 04:30:17',NULL),(745,373,14,106250.00,0.00,'2026-06-03 04:30:17','2026-06-03 04:30:17',15),(746,373,38,0.00,106250.00,'2026-06-03 04:30:17','2026-06-03 04:30:17',15),(747,374,85,100000.00,0.00,'2026-06-03 04:30:17','2026-06-03 04:30:17',NULL),(748,374,15,0.00,100000.00,'2026-06-03 04:30:17','2026-06-03 04:30:17',NULL),(749,375,14,106250.00,0.00,'2026-06-03 04:30:17','2026-06-03 04:30:17',15),(750,375,38,0.00,106250.00,'2026-06-03 04:30:17','2026-06-03 04:30:17',15),(751,376,85,100000.00,0.00,'2026-06-03 04:30:17','2026-06-03 04:30:17',NULL),(752,376,15,0.00,100000.00,'2026-06-03 04:30:17','2026-06-03 04:30:17',NULL),(753,377,14,133333.33,0.00,'2026-06-03 04:30:17','2026-06-03 04:30:17',7),(754,377,38,0.00,133333.33,'2026-06-03 04:30:17','2026-06-03 04:30:17',7),(755,378,85,85000.00,0.00,'2026-06-03 04:30:17','2026-06-03 04:30:17',NULL),(756,378,15,0.00,85000.00,'2026-06-03 04:30:17','2026-06-03 04:30:17',NULL),(757,379,14,120000.00,0.00,'2026-06-03 04:30:17','2026-06-03 04:30:17',9),(758,379,38,0.00,120000.00,'2026-06-03 04:30:17','2026-06-03 04:30:17',9),(759,380,85,75000.00,0.00,'2026-06-03 04:30:17','2026-06-03 04:30:17',NULL),(760,380,15,0.00,75000.00,'2026-06-03 04:30:17','2026-06-03 04:30:17',NULL),(761,381,14,120000.00,0.00,'2026-06-03 04:30:17','2026-06-03 04:30:17',9),(762,381,38,0.00,120000.00,'2026-06-03 04:30:17','2026-06-03 04:30:17',9),(763,382,85,75000.00,0.00,'2026-06-03 04:30:17','2026-06-03 04:30:17',NULL),(764,382,15,0.00,75000.00,'2026-06-03 04:30:17','2026-06-03 04:30:17',NULL),(765,383,14,120000.00,0.00,'2026-06-03 04:30:17','2026-06-03 04:30:17',9),(766,383,38,0.00,120000.00,'2026-06-03 04:30:17','2026-06-03 04:30:17',9),(767,384,85,75000.00,0.00,'2026-06-03 04:30:17','2026-06-03 04:30:17',NULL),(768,384,15,0.00,75000.00,'2026-06-03 04:30:17','2026-06-03 04:30:17',NULL),(769,385,14,120000.00,0.00,'2026-06-03 04:30:17','2026-06-03 04:30:17',9),(770,385,38,0.00,120000.00,'2026-06-03 04:30:17','2026-06-03 04:30:17',9),(771,386,85,75000.00,0.00,'2026-06-03 04:30:17','2026-06-03 04:30:17',NULL),(772,386,15,0.00,75000.00,'2026-06-03 04:30:17','2026-06-03 04:30:17',NULL),(773,387,14,120000.00,0.00,'2026-06-03 04:30:17','2026-06-03 04:30:17',9),(774,387,38,0.00,120000.00,'2026-06-03 04:30:17','2026-06-03 04:30:17',9),(775,388,85,75000.00,0.00,'2026-06-03 04:30:17','2026-06-03 04:30:17',NULL),(776,388,15,0.00,75000.00,'2026-06-03 04:30:17','2026-06-03 04:30:17',NULL),(777,389,14,120000.00,0.00,'2026-06-03 04:30:17','2026-06-03 04:30:17',9),(778,389,38,0.00,120000.00,'2026-06-03 04:30:17','2026-06-03 04:30:17',9),(779,390,85,75000.00,0.00,'2026-06-03 04:30:17','2026-06-03 04:30:17',NULL),(780,390,15,0.00,75000.00,'2026-06-03 04:30:17','2026-06-03 04:30:17',NULL),(781,391,14,120000.00,0.00,'2026-06-03 04:30:17','2026-06-03 04:30:17',9),(782,391,38,0.00,120000.00,'2026-06-03 04:30:17','2026-06-03 04:30:17',9),(783,392,85,75000.00,0.00,'2026-06-03 04:30:17','2026-06-03 04:30:17',NULL),(784,392,15,0.00,75000.00,'2026-06-03 04:30:17','2026-06-03 04:30:17',NULL),(785,393,14,120000.00,0.00,'2026-06-03 04:30:17','2026-06-03 04:30:17',9),(786,393,38,0.00,120000.00,'2026-06-03 04:30:17','2026-06-03 04:30:17',9),(787,394,85,75000.00,0.00,'2026-06-03 04:30:17','2026-06-03 04:30:17',NULL),(788,394,15,0.00,75000.00,'2026-06-03 04:30:17','2026-06-03 04:30:17',NULL),(789,395,14,120000.00,0.00,'2026-06-03 04:30:17','2026-06-03 04:30:17',9),(790,395,38,0.00,120000.00,'2026-06-03 04:30:17','2026-06-03 04:30:17',9),(791,396,85,75000.00,0.00,'2026-06-03 04:30:17','2026-06-03 04:30:17',NULL),(792,396,15,0.00,75000.00,'2026-06-03 04:30:17','2026-06-03 04:30:17',NULL),(793,397,14,120000.00,0.00,'2026-06-03 04:30:17','2026-06-03 04:30:17',9),(794,397,38,0.00,120000.00,'2026-06-03 04:30:17','2026-06-03 04:30:17',9),(795,398,85,75000.00,0.00,'2026-06-03 04:30:17','2026-06-03 04:30:17',NULL),(796,398,15,0.00,75000.00,'2026-06-03 04:30:17','2026-06-03 04:30:17',NULL),(797,399,14,120000.00,0.00,'2026-06-03 04:30:17','2026-06-03 04:30:17',9),(798,399,38,0.00,120000.00,'2026-06-03 04:30:17','2026-06-03 04:30:17',9),(799,400,85,75000.00,0.00,'2026-06-03 04:30:17','2026-06-03 04:30:17',NULL),(800,400,15,0.00,75000.00,'2026-06-03 04:30:17','2026-06-03 04:30:17',NULL),(801,401,14,120000.00,0.00,'2026-06-03 04:30:17','2026-06-03 04:30:17',9),(802,401,38,0.00,120000.00,'2026-06-03 04:30:17','2026-06-03 04:30:17',9),(803,402,85,75000.00,0.00,'2026-06-03 04:30:17','2026-06-03 04:30:17',NULL),(804,402,15,0.00,75000.00,'2026-06-03 04:30:17','2026-06-03 04:30:17',NULL),(805,403,14,120000.00,0.00,'2026-06-03 04:30:17','2026-06-03 04:30:17',9),(806,403,38,0.00,120000.00,'2026-06-03 04:30:17','2026-06-03 04:30:17',9),(807,404,85,75000.00,0.00,'2026-06-03 04:30:17','2026-06-03 04:30:17',NULL),(808,404,15,0.00,75000.00,'2026-06-03 04:30:17','2026-06-03 04:30:17',NULL),(809,405,14,100000.00,0.00,'2026-06-03 04:30:17','2026-06-03 04:30:17',12),(810,405,38,0.00,100000.00,'2026-06-03 04:30:17','2026-06-03 04:30:17',12),(811,406,85,100000.00,0.00,'2026-06-03 04:30:17','2026-06-03 04:30:17',NULL),(812,406,15,0.00,100000.00,'2026-06-03 04:30:17','2026-06-03 04:30:17',NULL),(813,407,14,100000.00,0.00,'2026-06-03 04:30:17','2026-06-03 04:30:17',12),(814,407,38,0.00,100000.00,'2026-06-03 04:30:17','2026-06-03 04:30:17',12),(815,408,85,100000.00,0.00,'2026-06-03 04:30:17','2026-06-03 04:30:17',NULL),(816,408,15,0.00,100000.00,'2026-06-03 04:30:17','2026-06-03 04:30:17',NULL),(817,409,14,100000.00,0.00,'2026-06-03 04:30:17','2026-06-03 04:30:17',12),(818,409,38,0.00,100000.00,'2026-06-03 04:30:17','2026-06-03 04:30:17',12),(819,410,85,100000.00,0.00,'2026-06-03 04:30:17','2026-06-03 04:30:17',NULL),(820,410,15,0.00,100000.00,'2026-06-03 04:30:17','2026-06-03 04:30:17',NULL),(821,411,14,100000.00,0.00,'2026-06-03 04:30:17','2026-06-03 04:30:17',12),(822,411,38,0.00,100000.00,'2026-06-03 04:30:17','2026-06-03 04:30:17',12),(823,412,85,100000.00,0.00,'2026-06-03 04:30:17','2026-06-03 04:30:17',NULL),(824,412,15,0.00,100000.00,'2026-06-03 04:30:17','2026-06-03 04:30:17',NULL),(825,413,14,100000.00,0.00,'2026-06-03 04:30:17','2026-06-03 04:30:17',12),(826,413,38,0.00,100000.00,'2026-06-03 04:30:17','2026-06-03 04:30:17',12),(827,414,85,100000.00,0.00,'2026-06-03 04:30:17','2026-06-03 04:30:17',NULL),(828,414,15,0.00,100000.00,'2026-06-03 04:30:17','2026-06-03 04:30:17',NULL),(829,415,14,100000.00,0.00,'2026-06-03 04:30:17','2026-06-03 04:30:17',12),(830,415,38,0.00,100000.00,'2026-06-03 04:30:17','2026-06-03 04:30:17',12),(831,416,85,100000.00,0.00,'2026-06-03 04:30:17','2026-06-03 04:30:17',NULL),(832,416,15,0.00,100000.00,'2026-06-03 04:30:17','2026-06-03 04:30:17',NULL),(833,417,14,100000.00,0.00,'2026-06-03 04:30:18','2026-06-03 04:30:18',12),(834,417,38,0.00,100000.00,'2026-06-03 04:30:18','2026-06-03 04:30:18',12),(835,418,85,100000.00,0.00,'2026-06-03 04:30:18','2026-06-03 04:30:18',NULL),(836,418,15,0.00,100000.00,'2026-06-03 04:30:18','2026-06-03 04:30:18',NULL),(837,419,14,100000.00,0.00,'2026-06-03 04:30:18','2026-06-03 04:30:18',12),(838,419,38,0.00,100000.00,'2026-06-03 04:30:18','2026-06-03 04:30:18',12),(839,420,85,100000.00,0.00,'2026-06-03 04:30:18','2026-06-03 04:30:18',NULL),(840,420,15,0.00,100000.00,'2026-06-03 04:30:18','2026-06-03 04:30:18',NULL),(841,421,14,100000.00,0.00,'2026-06-03 04:30:18','2026-06-03 04:30:18',12),(842,421,38,0.00,100000.00,'2026-06-03 04:30:18','2026-06-03 04:30:18',12),(843,422,85,100000.00,0.00,'2026-06-03 04:30:18','2026-06-03 04:30:18',NULL),(844,422,15,0.00,100000.00,'2026-06-03 04:30:18','2026-06-03 04:30:18',NULL),(845,423,14,100000.00,0.00,'2026-06-03 04:30:18','2026-06-03 04:30:18',12),(846,423,38,0.00,100000.00,'2026-06-03 04:30:18','2026-06-03 04:30:18',12),(847,424,85,100000.00,0.00,'2026-06-03 04:30:18','2026-06-03 04:30:18',NULL),(848,424,15,0.00,100000.00,'2026-06-03 04:30:18','2026-06-03 04:30:18',NULL),(849,425,14,125000.00,0.00,'2026-06-03 04:30:18','2026-06-03 04:30:18',1),(850,425,38,0.00,125000.00,'2026-06-03 04:30:18','2026-06-03 04:30:18',1),(851,426,85,85000.00,0.00,'2026-06-03 04:30:18','2026-06-03 04:30:18',NULL),(852,426,15,0.00,85000.00,'2026-06-03 04:30:18','2026-06-03 04:30:18',NULL),(853,427,14,125000.00,0.00,'2026-06-03 04:30:18','2026-06-03 04:30:18',1),(854,427,38,0.00,125000.00,'2026-06-03 04:30:18','2026-06-03 04:30:18',1),(855,428,85,85000.00,0.00,'2026-06-03 04:30:18','2026-06-03 04:30:18',NULL),(856,428,15,0.00,85000.00,'2026-06-03 04:30:18','2026-06-03 04:30:18',NULL),(857,429,14,125000.00,0.00,'2026-06-03 04:30:18','2026-06-03 04:30:18',1),(858,429,38,0.00,125000.00,'2026-06-03 04:30:18','2026-06-03 04:30:18',1),(859,430,85,85000.00,0.00,'2026-06-03 04:30:18','2026-06-03 04:30:18',NULL),(860,430,15,0.00,85000.00,'2026-06-03 04:30:18','2026-06-03 04:30:18',NULL),(861,431,14,125000.00,0.00,'2026-06-03 04:30:18','2026-06-03 04:30:18',1),(862,431,38,0.00,125000.00,'2026-06-03 04:30:18','2026-06-03 04:30:18',1),(863,432,85,85000.00,0.00,'2026-06-03 04:30:18','2026-06-03 04:30:18',NULL),(864,432,15,0.00,85000.00,'2026-06-03 04:30:18','2026-06-03 04:30:18',NULL),(865,433,14,100000.00,0.00,'2026-06-03 04:30:18','2026-06-03 04:30:18',12),(866,433,38,0.00,100000.00,'2026-06-03 04:30:18','2026-06-03 04:30:18',12),(867,434,85,95000.00,0.00,'2026-06-03 04:30:18','2026-06-03 04:30:18',NULL),(868,434,15,0.00,95000.00,'2026-06-03 04:30:18','2026-06-03 04:30:18',NULL),(869,435,14,100000.00,0.00,'2026-06-03 04:30:18','2026-06-03 04:30:18',12),(870,435,38,0.00,100000.00,'2026-06-03 04:30:18','2026-06-03 04:30:18',12),(871,436,85,95000.00,0.00,'2026-06-03 04:30:18','2026-06-03 04:30:18',NULL),(872,436,15,0.00,95000.00,'2026-06-03 04:30:18','2026-06-03 04:30:18',NULL),(873,437,14,100000.00,0.00,'2026-06-03 04:30:18','2026-06-03 04:30:18',12),(874,437,38,0.00,100000.00,'2026-06-03 04:30:18','2026-06-03 04:30:18',12),(875,438,85,95000.00,0.00,'2026-06-03 04:30:18','2026-06-03 04:30:18',NULL),(876,438,15,0.00,95000.00,'2026-06-03 04:30:18','2026-06-03 04:30:18',NULL),(877,439,14,100000.00,0.00,'2026-06-03 04:30:18','2026-06-03 04:30:18',12),(878,439,38,0.00,100000.00,'2026-06-03 04:30:18','2026-06-03 04:30:18',12),(879,440,85,95000.00,0.00,'2026-06-03 04:30:18','2026-06-03 04:30:18',NULL),(880,440,15,0.00,95000.00,'2026-06-03 04:30:18','2026-06-03 04:30:18',NULL),(881,441,14,100000.00,0.00,'2026-06-03 04:30:18','2026-06-03 04:30:18',12),(882,441,38,0.00,100000.00,'2026-06-03 04:30:18','2026-06-03 04:30:18',12),(883,442,85,95000.00,0.00,'2026-06-03 04:30:18','2026-06-03 04:30:18',NULL),(884,442,15,0.00,95000.00,'2026-06-03 04:30:18','2026-06-03 04:30:18',NULL),(885,443,14,100000.00,0.00,'2026-06-03 04:30:18','2026-06-03 04:30:18',12),(886,443,38,0.00,100000.00,'2026-06-03 04:30:18','2026-06-03 04:30:18',12),(887,444,85,95000.00,0.00,'2026-06-03 04:30:18','2026-06-03 04:30:18',NULL),(888,444,15,0.00,95000.00,'2026-06-03 04:30:18','2026-06-03 04:30:18',NULL),(889,445,14,100000.00,0.00,'2026-06-03 04:30:18','2026-06-03 04:30:18',12),(890,445,38,0.00,100000.00,'2026-06-03 04:30:18','2026-06-03 04:30:18',12),(891,446,85,95000.00,0.00,'2026-06-03 04:30:18','2026-06-03 04:30:18',NULL),(892,446,15,0.00,95000.00,'2026-06-03 04:30:18','2026-06-03 04:30:18',NULL),(893,447,14,100000.00,0.00,'2026-06-03 04:30:18','2026-06-03 04:30:18',12),(894,447,38,0.00,100000.00,'2026-06-03 04:30:18','2026-06-03 04:30:18',12),(895,448,85,95000.00,0.00,'2026-06-03 04:30:18','2026-06-03 04:30:18',NULL),(896,448,15,0.00,95000.00,'2026-06-03 04:30:18','2026-06-03 04:30:18',NULL),(897,449,14,100000.00,0.00,'2026-06-03 04:30:18','2026-06-03 04:30:18',12),(898,449,38,0.00,100000.00,'2026-06-03 04:30:18','2026-06-03 04:30:18',12),(899,450,85,95000.00,0.00,'2026-06-03 04:30:18','2026-06-03 04:30:18',NULL),(900,450,15,0.00,95000.00,'2026-06-03 04:30:18','2026-06-03 04:30:18',NULL),(901,451,14,100000.00,0.00,'2026-06-03 04:30:18','2026-06-03 04:30:18',12),(902,451,38,0.00,100000.00,'2026-06-03 04:30:18','2026-06-03 04:30:18',12),(903,452,85,95000.00,0.00,'2026-06-03 04:30:18','2026-06-03 04:30:18',NULL),(904,452,15,0.00,95000.00,'2026-06-03 04:30:18','2026-06-03 04:30:18',NULL),(905,453,14,100000.00,0.00,'2026-06-03 04:30:18','2026-06-03 04:30:18',12),(906,453,38,0.00,100000.00,'2026-06-03 04:30:18','2026-06-03 04:30:18',12),(907,454,85,95000.00,0.00,'2026-06-03 04:30:18','2026-06-03 04:30:18',NULL),(908,454,15,0.00,95000.00,'2026-06-03 04:30:18','2026-06-03 04:30:18',NULL),(909,455,14,100000.00,0.00,'2026-06-03 04:30:18','2026-06-03 04:30:18',12),(910,455,38,0.00,100000.00,'2026-06-03 04:30:18','2026-06-03 04:30:18',12),(911,456,85,95000.00,0.00,'2026-06-03 04:30:18','2026-06-03 04:30:18',NULL),(912,456,15,0.00,95000.00,'2026-06-03 04:30:18','2026-06-03 04:30:18',NULL),(913,457,14,120000.00,0.00,'2026-06-03 04:30:18','2026-06-03 04:30:18',2),(914,457,38,0.00,120000.00,'2026-06-03 04:30:18','2026-06-03 04:30:18',2),(915,458,85,75000.00,0.00,'2026-06-03 04:30:18','2026-06-03 04:30:18',NULL),(916,458,15,0.00,75000.00,'2026-06-03 04:30:18','2026-06-03 04:30:18',NULL),(917,459,14,120000.00,0.00,'2026-06-03 04:30:18','2026-06-03 04:30:18',2),(918,459,38,0.00,120000.00,'2026-06-03 04:30:18','2026-06-03 04:30:18',2),(919,460,85,75000.00,0.00,'2026-06-03 04:30:18','2026-06-03 04:30:18',NULL),(920,460,15,0.00,75000.00,'2026-06-03 04:30:18','2026-06-03 04:30:18',NULL),(921,461,14,120000.00,0.00,'2026-06-03 04:30:18','2026-06-03 04:30:18',2),(922,461,38,0.00,120000.00,'2026-06-03 04:30:18','2026-06-03 04:30:18',2),(923,462,85,75000.00,0.00,'2026-06-03 04:30:18','2026-06-03 04:30:18',NULL),(924,462,15,0.00,75000.00,'2026-06-03 04:30:18','2026-06-03 04:30:18',NULL),(925,463,14,120000.00,0.00,'2026-06-03 04:30:18','2026-06-03 04:30:18',2),(926,463,38,0.00,120000.00,'2026-06-03 04:30:18','2026-06-03 04:30:18',2),(927,464,85,75000.00,0.00,'2026-06-03 04:30:18','2026-06-03 04:30:18',NULL),(928,464,15,0.00,75000.00,'2026-06-03 04:30:18','2026-06-03 04:30:18',NULL),(929,465,14,116666.67,0.00,'2026-06-03 04:30:18','2026-06-03 04:30:18',11),(930,465,38,0.00,116666.67,'2026-06-03 04:30:18','2026-06-03 04:30:18',11),(931,466,85,100000.00,0.00,'2026-06-03 04:30:18','2026-06-03 04:30:18',NULL),(932,466,15,0.00,100000.00,'2026-06-03 04:30:18','2026-06-03 04:30:18',NULL),(933,467,14,116666.67,0.00,'2026-06-03 04:30:18','2026-06-03 04:30:18',11),(934,467,38,0.00,116666.67,'2026-06-03 04:30:18','2026-06-03 04:30:18',11),(935,468,85,100000.00,0.00,'2026-06-03 04:30:18','2026-06-03 04:30:18',NULL),(936,468,15,0.00,100000.00,'2026-06-03 04:30:18','2026-06-03 04:30:18',NULL),(937,469,14,116666.67,0.00,'2026-06-03 04:30:18','2026-06-03 04:30:18',11),(938,469,38,0.00,116666.67,'2026-06-03 04:30:18','2026-06-03 04:30:18',11),(939,470,85,100000.00,0.00,'2026-06-03 04:30:18','2026-06-03 04:30:18',NULL),(940,470,15,0.00,100000.00,'2026-06-03 04:30:18','2026-06-03 04:30:18',NULL),(941,471,14,100000.00,0.00,'2026-06-03 04:30:18','2026-06-03 04:30:18',12),(942,471,38,0.00,100000.00,'2026-06-03 04:30:18','2026-06-03 04:30:18',12),(943,472,85,85000.00,0.00,'2026-06-03 04:30:18','2026-06-03 04:30:18',NULL),(944,472,15,0.00,85000.00,'2026-06-03 04:30:18','2026-06-03 04:30:18',NULL),(945,473,14,100000.00,0.00,'2026-06-03 04:30:18','2026-06-03 04:30:18',12),(946,473,38,0.00,100000.00,'2026-06-03 04:30:18','2026-06-03 04:30:18',12),(947,474,85,85000.00,0.00,'2026-06-03 04:30:18','2026-06-03 04:30:18',NULL),(948,474,15,0.00,85000.00,'2026-06-03 04:30:18','2026-06-03 04:30:18',NULL),(949,475,14,100000.00,0.00,'2026-06-03 04:30:18','2026-06-03 04:30:18',12),(950,475,38,0.00,100000.00,'2026-06-03 04:30:18','2026-06-03 04:30:18',12),(951,476,85,85000.00,0.00,'2026-06-03 04:30:18','2026-06-03 04:30:18',NULL),(952,476,15,0.00,85000.00,'2026-06-03 04:30:18','2026-06-03 04:30:18',NULL),(953,477,14,100000.00,0.00,'2026-06-03 04:30:18','2026-06-03 04:30:18',12),(954,477,38,0.00,100000.00,'2026-06-03 04:30:18','2026-06-03 04:30:18',12),(955,478,85,85000.00,0.00,'2026-06-03 04:30:18','2026-06-03 04:30:18',NULL),(956,478,15,0.00,85000.00,'2026-06-03 04:30:18','2026-06-03 04:30:18',NULL),(957,479,14,100000.00,0.00,'2026-06-03 04:30:18','2026-06-03 04:30:18',12),(958,479,38,0.00,100000.00,'2026-06-03 04:30:18','2026-06-03 04:30:18',12),(959,480,85,85000.00,0.00,'2026-06-03 04:30:18','2026-06-03 04:30:18',NULL),(960,480,15,0.00,85000.00,'2026-06-03 04:30:18','2026-06-03 04:30:18',NULL),(961,481,14,100000.00,0.00,'2026-06-03 04:30:18','2026-06-03 04:30:18',12),(962,481,38,0.00,100000.00,'2026-06-03 04:30:18','2026-06-03 04:30:18',12),(963,482,85,85000.00,0.00,'2026-06-03 04:30:18','2026-06-03 04:30:18',NULL),(964,482,15,0.00,85000.00,'2026-06-03 04:30:18','2026-06-03 04:30:18',NULL),(965,483,14,100000.00,0.00,'2026-06-03 04:30:19','2026-06-03 04:30:19',12),(966,483,38,0.00,100000.00,'2026-06-03 04:30:19','2026-06-03 04:30:19',12),(967,484,85,85000.00,0.00,'2026-06-03 04:30:19','2026-06-03 04:30:19',NULL),(968,484,15,0.00,85000.00,'2026-06-03 04:30:19','2026-06-03 04:30:19',NULL),(969,485,14,100000.00,0.00,'2026-06-03 04:30:19','2026-06-03 04:30:19',12),(970,485,38,0.00,100000.00,'2026-06-03 04:30:19','2026-06-03 04:30:19',12),(971,486,85,85000.00,0.00,'2026-06-03 04:30:19','2026-06-03 04:30:19',NULL),(972,486,15,0.00,85000.00,'2026-06-03 04:30:19','2026-06-03 04:30:19',NULL),(973,487,14,100000.00,0.00,'2026-06-03 04:30:19','2026-06-03 04:30:19',12),(974,487,38,0.00,100000.00,'2026-06-03 04:30:19','2026-06-03 04:30:19',12),(975,488,85,85000.00,0.00,'2026-06-03 04:30:19','2026-06-03 04:30:19',NULL),(976,488,15,0.00,85000.00,'2026-06-03 04:30:19','2026-06-03 04:30:19',NULL),(977,489,14,100000.00,0.00,'2026-06-03 04:30:19','2026-06-03 04:30:19',12),(978,489,38,0.00,100000.00,'2026-06-03 04:30:19','2026-06-03 04:30:19',12),(979,490,85,85000.00,0.00,'2026-06-03 04:30:19','2026-06-03 04:30:19',NULL),(980,490,15,0.00,85000.00,'2026-06-03 04:30:19','2026-06-03 04:30:19',NULL),(981,491,14,100000.00,0.00,'2026-06-03 04:30:19','2026-06-03 04:30:19',14),(982,491,38,0.00,100000.00,'2026-06-03 04:30:19','2026-06-03 04:30:19',14),(983,492,85,95000.00,0.00,'2026-06-03 04:30:19','2026-06-03 04:30:19',NULL),(984,492,15,0.00,95000.00,'2026-06-03 04:30:19','2026-06-03 04:30:19',NULL),(985,493,14,100000.00,0.00,'2026-06-03 04:30:19','2026-06-03 04:30:19',14),(986,493,38,0.00,100000.00,'2026-06-03 04:30:19','2026-06-03 04:30:19',14),(987,494,85,95000.00,0.00,'2026-06-03 04:30:19','2026-06-03 04:30:19',NULL),(988,494,15,0.00,95000.00,'2026-06-03 04:30:19','2026-06-03 04:30:19',NULL),(989,495,14,100000.00,0.00,'2026-06-03 04:30:19','2026-06-03 04:30:19',14),(990,495,38,0.00,100000.00,'2026-06-03 04:30:19','2026-06-03 04:30:19',14),(991,496,85,95000.00,0.00,'2026-06-03 04:30:19','2026-06-03 04:30:19',NULL),(992,496,15,0.00,95000.00,'2026-06-03 04:30:19','2026-06-03 04:30:19',NULL),(993,497,14,100000.00,0.00,'2026-06-03 04:30:19','2026-06-03 04:30:19',14),(994,497,38,0.00,100000.00,'2026-06-03 04:30:19','2026-06-03 04:30:19',14),(995,498,85,95000.00,0.00,'2026-06-03 04:30:19','2026-06-03 04:30:19',NULL),(996,498,15,0.00,95000.00,'2026-06-03 04:30:19','2026-06-03 04:30:19',NULL),(997,499,14,100000.00,0.00,'2026-06-03 04:30:19','2026-06-03 04:30:19',14),(998,499,38,0.00,100000.00,'2026-06-03 04:30:19','2026-06-03 04:30:19',14),(999,500,85,95000.00,0.00,'2026-06-03 04:30:19','2026-06-03 04:30:19',NULL),(1000,500,15,0.00,95000.00,'2026-06-03 04:30:19','2026-06-03 04:30:19',NULL),(1001,501,14,100000.00,0.00,'2026-06-03 04:30:19','2026-06-03 04:30:19',14),(1002,501,38,0.00,100000.00,'2026-06-03 04:30:19','2026-06-03 04:30:19',14),(1003,502,85,95000.00,0.00,'2026-06-03 04:30:19','2026-06-03 04:30:19',NULL),(1004,502,15,0.00,95000.00,'2026-06-03 04:30:19','2026-06-03 04:30:19',NULL),(1005,503,14,100000.00,0.00,'2026-06-03 04:30:19','2026-06-03 04:30:19',14),(1006,503,38,0.00,100000.00,'2026-06-03 04:30:19','2026-06-03 04:30:19',14),(1007,504,85,95000.00,0.00,'2026-06-03 04:30:19','2026-06-03 04:30:19',NULL),(1008,504,15,0.00,95000.00,'2026-06-03 04:30:19','2026-06-03 04:30:19',NULL),(1009,505,14,100000.00,0.00,'2026-06-03 04:30:19','2026-06-03 04:30:19',14),(1010,505,38,0.00,100000.00,'2026-06-03 04:30:19','2026-06-03 04:30:19',14),(1011,506,85,95000.00,0.00,'2026-06-03 04:30:19','2026-06-03 04:30:19',NULL),(1012,506,15,0.00,95000.00,'2026-06-03 04:30:19','2026-06-03 04:30:19',NULL),(1013,507,14,100000.00,0.00,'2026-06-03 04:30:19','2026-06-03 04:30:19',14),(1014,507,38,0.00,100000.00,'2026-06-03 04:30:19','2026-06-03 04:30:19',14),(1015,508,85,95000.00,0.00,'2026-06-03 04:30:19','2026-06-03 04:30:19',NULL),(1016,508,15,0.00,95000.00,'2026-06-03 04:30:19','2026-06-03 04:30:19',NULL),(1017,509,14,100000.00,0.00,'2026-06-03 04:30:19','2026-06-03 04:30:19',14),(1018,509,38,0.00,100000.00,'2026-06-03 04:30:19','2026-06-03 04:30:19',14),(1019,510,85,95000.00,0.00,'2026-06-03 04:30:19','2026-06-03 04:30:19',NULL),(1020,510,15,0.00,95000.00,'2026-06-03 04:30:19','2026-06-03 04:30:19',NULL),(1021,511,14,100000.00,0.00,'2026-06-03 04:30:19','2026-06-03 04:30:19',14),(1022,511,38,0.00,100000.00,'2026-06-03 04:30:19','2026-06-03 04:30:19',14),(1023,512,85,95000.00,0.00,'2026-06-03 04:30:19','2026-06-03 04:30:19',NULL),(1024,512,15,0.00,95000.00,'2026-06-03 04:30:19','2026-06-03 04:30:19',NULL),(1025,513,14,100000.00,0.00,'2026-06-03 04:30:19','2026-06-03 04:30:19',14),(1026,513,38,0.00,100000.00,'2026-06-03 04:30:19','2026-06-03 04:30:19',14),(1027,514,85,95000.00,0.00,'2026-06-03 04:30:19','2026-06-03 04:30:19',NULL),(1028,514,15,0.00,95000.00,'2026-06-03 04:30:19','2026-06-03 04:30:19',NULL),(1029,515,14,100000.00,0.00,'2026-06-03 04:30:19','2026-06-03 04:30:19',14),(1030,515,38,0.00,100000.00,'2026-06-03 04:30:19','2026-06-03 04:30:19',14),(1031,516,85,95000.00,0.00,'2026-06-03 04:30:19','2026-06-03 04:30:19',NULL),(1032,516,15,0.00,95000.00,'2026-06-03 04:30:19','2026-06-03 04:30:19',NULL),(1033,517,14,100000.00,0.00,'2026-06-03 04:30:19','2026-06-03 04:30:19',14),(1034,517,38,0.00,100000.00,'2026-06-03 04:30:19','2026-06-03 04:30:19',14),(1035,518,85,95000.00,0.00,'2026-06-03 04:30:19','2026-06-03 04:30:19',NULL),(1036,518,15,0.00,95000.00,'2026-06-03 04:30:19','2026-06-03 04:30:19',NULL),(1037,519,14,100000.00,0.00,'2026-06-03 04:30:19','2026-06-03 04:30:19',14),(1038,519,38,0.00,100000.00,'2026-06-03 04:30:19','2026-06-03 04:30:19',14),(1039,520,85,95000.00,0.00,'2026-06-03 04:30:19','2026-06-03 04:30:19',NULL),(1040,520,15,0.00,95000.00,'2026-06-03 04:30:19','2026-06-03 04:30:19',NULL),(1041,521,14,100000.00,0.00,'2026-06-03 04:30:19','2026-06-03 04:30:19',14),(1042,521,38,0.00,100000.00,'2026-06-03 04:30:19','2026-06-03 04:30:19',14),(1043,522,85,95000.00,0.00,'2026-06-03 04:30:19','2026-06-03 04:30:19',NULL),(1044,522,15,0.00,95000.00,'2026-06-03 04:30:19','2026-06-03 04:30:19',NULL),(1045,523,14,100000.00,0.00,'2026-06-03 04:30:19','2026-06-03 04:30:19',14),(1046,523,38,0.00,100000.00,'2026-06-03 04:30:19','2026-06-03 04:30:19',14),(1047,524,85,95000.00,0.00,'2026-06-03 04:30:19','2026-06-03 04:30:19',NULL),(1048,524,15,0.00,95000.00,'2026-06-03 04:30:19','2026-06-03 04:30:19',NULL),(1049,525,14,100000.00,0.00,'2026-06-03 04:30:19','2026-06-03 04:30:19',14),(1050,525,38,0.00,100000.00,'2026-06-03 04:30:19','2026-06-03 04:30:19',14),(1051,526,85,95000.00,0.00,'2026-06-03 04:30:19','2026-06-03 04:30:19',NULL),(1052,526,15,0.00,95000.00,'2026-06-03 04:30:19','2026-06-03 04:30:19',NULL),(1053,527,14,100000.00,0.00,'2026-06-03 04:30:19','2026-06-03 04:30:19',14),(1054,527,38,0.00,100000.00,'2026-06-03 04:30:19','2026-06-03 04:30:19',14),(1055,528,85,95000.00,0.00,'2026-06-03 04:30:19','2026-06-03 04:30:19',NULL),(1056,528,15,0.00,95000.00,'2026-06-03 04:30:19','2026-06-03 04:30:19',NULL),(1057,529,14,100000.00,0.00,'2026-06-03 04:30:19','2026-06-03 04:30:19',14),(1058,529,38,0.00,100000.00,'2026-06-03 04:30:19','2026-06-03 04:30:19',14),(1059,530,85,95000.00,0.00,'2026-06-03 04:30:19','2026-06-03 04:30:19',NULL),(1060,530,15,0.00,95000.00,'2026-06-03 04:30:19','2026-06-03 04:30:19',NULL),(1061,531,14,100000.00,0.00,'2026-06-03 04:30:19','2026-06-03 04:30:19',14),(1062,531,38,0.00,100000.00,'2026-06-03 04:30:19','2026-06-03 04:30:19',14),(1063,532,85,95000.00,0.00,'2026-06-03 04:30:19','2026-06-03 04:30:19',NULL),(1064,532,15,0.00,95000.00,'2026-06-03 04:30:19','2026-06-03 04:30:19',NULL),(1065,533,14,100000.00,0.00,'2026-06-03 04:30:19','2026-06-03 04:30:19',14),(1066,533,38,0.00,100000.00,'2026-06-03 04:30:19','2026-06-03 04:30:19',14),(1067,534,85,95000.00,0.00,'2026-06-03 04:30:19','2026-06-03 04:30:19',NULL),(1068,534,15,0.00,95000.00,'2026-06-03 04:30:19','2026-06-03 04:30:19',NULL),(1069,535,14,100000.00,0.00,'2026-06-03 04:30:19','2026-06-03 04:30:19',14),(1070,535,38,0.00,100000.00,'2026-06-03 04:30:19','2026-06-03 04:30:19',14),(1071,536,85,95000.00,0.00,'2026-06-03 04:30:19','2026-06-03 04:30:19',NULL),(1072,536,15,0.00,95000.00,'2026-06-03 04:30:19','2026-06-03 04:30:19',NULL),(1073,537,14,100000.00,0.00,'2026-06-03 04:30:19','2026-06-03 04:30:19',14),(1074,537,38,0.00,100000.00,'2026-06-03 04:30:19','2026-06-03 04:30:19',14),(1075,538,85,95000.00,0.00,'2026-06-03 04:30:19','2026-06-03 04:30:19',NULL),(1076,538,15,0.00,95000.00,'2026-06-03 04:30:19','2026-06-03 04:30:19',NULL),(1077,539,14,100000.00,0.00,'2026-06-03 04:30:19','2026-06-03 04:30:19',14),(1078,539,38,0.00,100000.00,'2026-06-03 04:30:19','2026-06-03 04:30:19',14),(1079,540,85,95000.00,0.00,'2026-06-03 04:30:19','2026-06-03 04:30:19',NULL),(1080,540,15,0.00,95000.00,'2026-06-03 04:30:19','2026-06-03 04:30:19',NULL),(1081,541,14,130000.00,0.00,'2026-06-03 04:30:19','2026-06-03 04:30:19',5),(1082,541,38,0.00,130000.00,'2026-06-03 04:30:19','2026-06-03 04:30:19',5),(1083,542,85,75000.00,0.00,'2026-06-03 04:30:19','2026-06-03 04:30:19',NULL),(1084,542,15,0.00,75000.00,'2026-06-03 04:30:19','2026-06-03 04:30:19',NULL),(1085,543,14,130000.00,0.00,'2026-06-03 04:30:19','2026-06-03 04:30:19',5),(1086,543,38,0.00,130000.00,'2026-06-03 04:30:19','2026-06-03 04:30:19',5),(1087,544,85,75000.00,0.00,'2026-06-03 04:30:19','2026-06-03 04:30:19',NULL),(1088,544,15,0.00,75000.00,'2026-06-03 04:30:19','2026-06-03 04:30:19',NULL),(1089,545,14,130000.00,0.00,'2026-06-03 04:30:19','2026-06-03 04:30:19',5),(1090,545,38,0.00,130000.00,'2026-06-03 04:30:19','2026-06-03 04:30:19',5),(1091,546,85,75000.00,0.00,'2026-06-03 04:30:19','2026-06-03 04:30:19',NULL),(1092,546,15,0.00,75000.00,'2026-06-03 04:30:19','2026-06-03 04:30:19',NULL),(1093,547,14,130000.00,0.00,'2026-06-03 04:30:19','2026-06-03 04:30:19',5),(1094,547,38,0.00,130000.00,'2026-06-03 04:30:19','2026-06-03 04:30:19',5),(1095,548,85,75000.00,0.00,'2026-06-03 04:30:19','2026-06-03 04:30:19',NULL),(1096,548,15,0.00,75000.00,'2026-06-03 04:30:19','2026-06-03 04:30:19',NULL),(1097,549,14,130000.00,0.00,'2026-06-03 04:30:20','2026-06-03 04:30:20',5),(1098,549,38,0.00,130000.00,'2026-06-03 04:30:20','2026-06-03 04:30:20',5),(1099,550,85,75000.00,0.00,'2026-06-03 04:30:20','2026-06-03 04:30:20',NULL),(1100,550,15,0.00,75000.00,'2026-06-03 04:30:20','2026-06-03 04:30:20',NULL),(1101,551,14,130000.00,0.00,'2026-06-03 04:30:20','2026-06-03 04:30:20',5),(1102,551,38,0.00,130000.00,'2026-06-03 04:30:20','2026-06-03 04:30:20',5),(1103,552,85,75000.00,0.00,'2026-06-03 04:30:20','2026-06-03 04:30:20',NULL),(1104,552,15,0.00,75000.00,'2026-06-03 04:30:20','2026-06-03 04:30:20',NULL),(1105,553,14,130000.00,0.00,'2026-06-03 04:30:20','2026-06-03 04:30:20',5),(1106,553,38,0.00,130000.00,'2026-06-03 04:30:20','2026-06-03 04:30:20',5),(1107,554,85,75000.00,0.00,'2026-06-03 04:30:20','2026-06-03 04:30:20',NULL),(1108,554,15,0.00,75000.00,'2026-06-03 04:30:20','2026-06-03 04:30:20',NULL),(1109,555,14,125000.00,0.00,'2026-06-03 04:30:20','2026-06-03 04:30:20',10),(1110,555,38,0.00,125000.00,'2026-06-03 04:30:20','2026-06-03 04:30:20',10),(1111,556,85,75000.00,0.00,'2026-06-03 04:30:20','2026-06-03 04:30:20',NULL),(1112,556,15,0.00,75000.00,'2026-06-03 04:30:20','2026-06-03 04:30:20',NULL),(1113,557,14,125000.00,0.00,'2026-06-03 04:30:20','2026-06-03 04:30:20',10),(1114,557,38,0.00,125000.00,'2026-06-03 04:30:20','2026-06-03 04:30:20',10),(1115,558,85,75000.00,0.00,'2026-06-03 04:30:20','2026-06-03 04:30:20',NULL),(1116,558,15,0.00,75000.00,'2026-06-03 04:30:20','2026-06-03 04:30:20',NULL),(1117,559,14,125000.00,0.00,'2026-06-03 04:30:20','2026-06-03 04:30:20',10),(1118,559,38,0.00,125000.00,'2026-06-03 04:30:20','2026-06-03 04:30:20',10),(1119,560,85,75000.00,0.00,'2026-06-03 04:30:20','2026-06-03 04:30:20',NULL),(1120,560,15,0.00,75000.00,'2026-06-03 04:30:20','2026-06-03 04:30:20',NULL),(1121,561,14,125000.00,0.00,'2026-06-03 04:30:20','2026-06-03 04:30:20',10),(1122,561,38,0.00,125000.00,'2026-06-03 04:30:20','2026-06-03 04:30:20',10),(1123,562,85,75000.00,0.00,'2026-06-03 04:30:20','2026-06-03 04:30:20',NULL),(1124,562,15,0.00,75000.00,'2026-06-03 04:30:20','2026-06-03 04:30:20',NULL),(1125,563,14,125000.00,0.00,'2026-06-03 04:30:20','2026-06-03 04:30:20',10),(1126,563,38,0.00,125000.00,'2026-06-03 04:30:20','2026-06-03 04:30:20',10),(1127,564,85,75000.00,0.00,'2026-06-03 04:30:20','2026-06-03 04:30:20',NULL),(1128,564,15,0.00,75000.00,'2026-06-03 04:30:20','2026-06-03 04:30:20',NULL),(1129,565,14,125000.00,0.00,'2026-06-03 04:30:20','2026-06-03 04:30:20',10),(1130,565,38,0.00,125000.00,'2026-06-03 04:30:20','2026-06-03 04:30:20',10),(1131,566,85,75000.00,0.00,'2026-06-03 04:30:20','2026-06-03 04:30:20',NULL),(1132,566,15,0.00,75000.00,'2026-06-03 04:30:20','2026-06-03 04:30:20',NULL),(1133,567,14,125000.00,0.00,'2026-06-03 04:30:20','2026-06-03 04:30:20',10),(1134,567,38,0.00,125000.00,'2026-06-03 04:30:20','2026-06-03 04:30:20',10),(1135,568,85,75000.00,0.00,'2026-06-03 04:30:20','2026-06-03 04:30:20',NULL),(1136,568,15,0.00,75000.00,'2026-06-03 04:30:20','2026-06-03 04:30:20',NULL),(1137,569,14,125000.00,0.00,'2026-06-03 04:30:20','2026-06-03 04:30:20',10),(1138,569,38,0.00,125000.00,'2026-06-03 04:30:20','2026-06-03 04:30:20',10),(1139,570,85,75000.00,0.00,'2026-06-03 04:30:20','2026-06-03 04:30:20',NULL),(1140,570,15,0.00,75000.00,'2026-06-03 04:30:20','2026-06-03 04:30:20',NULL),(1141,571,14,125000.00,0.00,'2026-06-03 04:30:20','2026-06-03 04:30:20',10),(1142,571,38,0.00,125000.00,'2026-06-03 04:30:20','2026-06-03 04:30:20',10),(1143,572,85,75000.00,0.00,'2026-06-03 04:30:20','2026-06-03 04:30:20',NULL),(1144,572,15,0.00,75000.00,'2026-06-03 04:30:20','2026-06-03 04:30:20',NULL),(1145,573,14,116666.67,0.00,'2026-06-03 04:30:20','2026-06-03 04:30:20',11),(1146,573,38,0.00,116666.67,'2026-06-03 04:30:20','2026-06-03 04:30:20',11),(1147,574,85,95000.00,0.00,'2026-06-03 04:30:20','2026-06-03 04:30:20',NULL),(1148,574,15,0.00,95000.00,'2026-06-03 04:30:20','2026-06-03 04:30:20',NULL),(1149,575,14,116666.67,0.00,'2026-06-03 04:30:20','2026-06-03 04:30:20',11),(1150,575,38,0.00,116666.67,'2026-06-03 04:30:20','2026-06-03 04:30:20',11),(1151,576,85,95000.00,0.00,'2026-06-03 04:30:20','2026-06-03 04:30:20',NULL),(1152,576,15,0.00,95000.00,'2026-06-03 04:30:20','2026-06-03 04:30:20',NULL),(1153,577,14,116666.67,0.00,'2026-06-03 04:30:20','2026-06-03 04:30:20',11),(1154,577,38,0.00,116666.67,'2026-06-03 04:30:20','2026-06-03 04:30:20',11),(1155,578,85,95000.00,0.00,'2026-06-03 04:30:20','2026-06-03 04:30:20',NULL),(1156,578,15,0.00,95000.00,'2026-06-03 04:30:20','2026-06-03 04:30:20',NULL),(1157,579,14,116666.67,0.00,'2026-06-03 04:30:20','2026-06-03 04:30:20',11),(1158,579,38,0.00,116666.67,'2026-06-03 04:30:20','2026-06-03 04:30:20',11),(1159,580,85,95000.00,0.00,'2026-06-03 04:30:20','2026-06-03 04:30:20',NULL),(1160,580,15,0.00,95000.00,'2026-06-03 04:30:20','2026-06-03 04:30:20',NULL),(1161,581,14,116666.67,0.00,'2026-06-03 04:30:20','2026-06-03 04:30:20',11),(1162,581,38,0.00,116666.67,'2026-06-03 04:30:20','2026-06-03 04:30:20',11),(1163,582,85,95000.00,0.00,'2026-06-03 04:30:20','2026-06-03 04:30:20',NULL),(1164,582,15,0.00,95000.00,'2026-06-03 04:30:20','2026-06-03 04:30:20',NULL),(1165,583,14,116666.67,0.00,'2026-06-03 04:30:20','2026-06-03 04:30:20',11),(1166,583,38,0.00,116666.67,'2026-06-03 04:30:20','2026-06-03 04:30:20',11),(1167,584,85,95000.00,0.00,'2026-06-03 04:30:20','2026-06-03 04:30:20',NULL),(1168,584,15,0.00,95000.00,'2026-06-03 04:30:20','2026-06-03 04:30:20',NULL),(1169,585,14,116666.67,0.00,'2026-06-03 04:30:20','2026-06-03 04:30:20',11),(1170,585,38,0.00,116666.67,'2026-06-03 04:30:20','2026-06-03 04:30:20',11),(1171,586,85,95000.00,0.00,'2026-06-03 04:30:20','2026-06-03 04:30:20',NULL),(1172,586,15,0.00,95000.00,'2026-06-03 04:30:20','2026-06-03 04:30:20',NULL),(1173,587,14,116666.67,0.00,'2026-06-03 04:30:20','2026-06-03 04:30:20',11),(1174,587,38,0.00,116666.67,'2026-06-03 04:30:20','2026-06-03 04:30:20',11),(1175,588,85,95000.00,0.00,'2026-06-03 04:30:20','2026-06-03 04:30:20',NULL),(1176,588,15,0.00,95000.00,'2026-06-03 04:30:20','2026-06-03 04:30:20',NULL),(1177,589,14,116666.67,0.00,'2026-06-03 04:30:20','2026-06-03 04:30:20',11),(1178,589,38,0.00,116666.67,'2026-06-03 04:30:20','2026-06-03 04:30:20',11),(1179,590,85,95000.00,0.00,'2026-06-03 04:30:20','2026-06-03 04:30:20',NULL),(1180,590,15,0.00,95000.00,'2026-06-03 04:30:20','2026-06-03 04:30:20',NULL),(1181,591,14,116666.67,0.00,'2026-06-03 04:30:20','2026-06-03 04:30:20',11),(1182,591,38,0.00,116666.67,'2026-06-03 04:30:20','2026-06-03 04:30:20',11),(1183,592,85,95000.00,0.00,'2026-06-03 04:30:20','2026-06-03 04:30:20',NULL),(1184,592,15,0.00,95000.00,'2026-06-03 04:30:20','2026-06-03 04:30:20',NULL),(1185,593,14,116666.67,0.00,'2026-06-03 04:30:20','2026-06-03 04:30:20',11),(1186,593,38,0.00,116666.67,'2026-06-03 04:30:20','2026-06-03 04:30:20',11),(1187,594,85,95000.00,0.00,'2026-06-03 04:30:20','2026-06-03 04:30:20',NULL),(1188,594,15,0.00,95000.00,'2026-06-03 04:30:20','2026-06-03 04:30:20',NULL),(1189,595,14,116666.67,0.00,'2026-06-03 04:30:20','2026-06-03 04:30:20',11),(1190,595,38,0.00,116666.67,'2026-06-03 04:30:20','2026-06-03 04:30:20',11),(1191,596,85,95000.00,0.00,'2026-06-03 04:30:20','2026-06-03 04:30:20',NULL),(1192,596,15,0.00,95000.00,'2026-06-03 04:30:20','2026-06-03 04:30:20',NULL),(1193,597,14,116666.67,0.00,'2026-06-03 04:30:20','2026-06-03 04:30:20',11),(1194,597,38,0.00,116666.67,'2026-06-03 04:30:20','2026-06-03 04:30:20',11),(1195,598,85,95000.00,0.00,'2026-06-03 04:30:20','2026-06-03 04:30:20',NULL),(1196,598,15,0.00,95000.00,'2026-06-03 04:30:20','2026-06-03 04:30:20',NULL),(1197,599,14,116666.67,0.00,'2026-06-03 04:30:20','2026-06-03 04:30:20',11),(1198,599,38,0.00,116666.67,'2026-06-03 04:30:20','2026-06-03 04:30:20',11),(1199,600,85,95000.00,0.00,'2026-06-03 04:30:20','2026-06-03 04:30:20',NULL),(1200,600,15,0.00,95000.00,'2026-06-03 04:30:20','2026-06-03 04:30:20',NULL),(1201,601,14,116666.67,0.00,'2026-06-03 04:30:20','2026-06-03 04:30:20',11),(1202,601,38,0.00,116666.67,'2026-06-03 04:30:20','2026-06-03 04:30:20',11),(1203,602,85,95000.00,0.00,'2026-06-03 04:30:20','2026-06-03 04:30:20',NULL),(1204,602,15,0.00,95000.00,'2026-06-03 04:30:20','2026-06-03 04:30:20',NULL),(1205,603,14,116666.67,0.00,'2026-06-03 04:30:20','2026-06-03 04:30:20',11),(1206,603,38,0.00,116666.67,'2026-06-03 04:30:20','2026-06-03 04:30:20',11),(1207,604,85,95000.00,0.00,'2026-06-03 04:30:20','2026-06-03 04:30:20',NULL),(1208,604,15,0.00,95000.00,'2026-06-03 04:30:20','2026-06-03 04:30:20',NULL),(1209,605,14,116666.67,0.00,'2026-06-03 04:30:20','2026-06-03 04:30:20',11),(1210,605,38,0.00,116666.67,'2026-06-03 04:30:20','2026-06-03 04:30:20',11),(1211,606,85,95000.00,0.00,'2026-06-03 04:30:20','2026-06-03 04:30:20',NULL),(1212,606,15,0.00,95000.00,'2026-06-03 04:30:20','2026-06-03 04:30:20',NULL),(1213,607,14,116666.67,0.00,'2026-06-03 04:30:20','2026-06-03 04:30:20',11),(1214,607,38,0.00,116666.67,'2026-06-03 04:30:20','2026-06-03 04:30:20',11),(1215,608,85,95000.00,0.00,'2026-06-03 04:30:20','2026-06-03 04:30:20',NULL),(1216,608,15,0.00,95000.00,'2026-06-03 04:30:20','2026-06-03 04:30:20',NULL),(1217,609,14,116666.67,0.00,'2026-06-03 04:30:20','2026-06-03 04:30:20',11),(1218,609,38,0.00,116666.67,'2026-06-03 04:30:20','2026-06-03 04:30:20',11),(1219,610,85,95000.00,0.00,'2026-06-03 04:30:20','2026-06-03 04:30:20',NULL),(1220,610,15,0.00,95000.00,'2026-06-03 04:30:20','2026-06-03 04:30:20',NULL),(1221,611,14,100000.00,0.00,'2026-06-03 04:30:20','2026-06-03 04:30:20',12),(1222,611,38,0.00,100000.00,'2026-06-03 04:30:20','2026-06-03 04:30:20',12),(1223,612,85,75000.00,0.00,'2026-06-03 04:30:20','2026-06-03 04:30:20',NULL),(1224,612,15,0.00,75000.00,'2026-06-03 04:30:20','2026-06-03 04:30:20',NULL),(1225,613,14,100000.00,0.00,'2026-06-03 04:30:20','2026-06-03 04:30:20',12),(1226,613,38,0.00,100000.00,'2026-06-03 04:30:20','2026-06-03 04:30:20',12),(1227,614,85,75000.00,0.00,'2026-06-03 04:30:20','2026-06-03 04:30:20',NULL),(1228,614,15,0.00,75000.00,'2026-06-03 04:30:20','2026-06-03 04:30:20',NULL),(1229,615,14,100000.00,0.00,'2026-06-03 04:30:20','2026-06-03 04:30:20',12),(1230,615,38,0.00,100000.00,'2026-06-03 04:30:20','2026-06-03 04:30:20',12),(1231,616,85,75000.00,0.00,'2026-06-03 04:30:21','2026-06-03 04:30:21',NULL),(1232,616,15,0.00,75000.00,'2026-06-03 04:30:21','2026-06-03 04:30:21',NULL),(1233,617,14,100000.00,0.00,'2026-06-03 04:30:21','2026-06-03 04:30:21',12),(1234,617,38,0.00,100000.00,'2026-06-03 04:30:21','2026-06-03 04:30:21',12),(1235,618,85,75000.00,0.00,'2026-06-03 04:30:21','2026-06-03 04:30:21',NULL),(1236,618,15,0.00,75000.00,'2026-06-03 04:30:21','2026-06-03 04:30:21',NULL),(1237,619,14,100000.00,0.00,'2026-06-03 04:30:21','2026-06-03 04:30:21',12),(1238,619,38,0.00,100000.00,'2026-06-03 04:30:21','2026-06-03 04:30:21',12),(1239,620,85,75000.00,0.00,'2026-06-03 04:30:21','2026-06-03 04:30:21',NULL),(1240,620,15,0.00,75000.00,'2026-06-03 04:30:21','2026-06-03 04:30:21',NULL),(1241,621,14,100000.00,0.00,'2026-06-03 04:30:21','2026-06-03 04:30:21',12),(1242,621,38,0.00,100000.00,'2026-06-03 04:30:21','2026-06-03 04:30:21',12),(1243,622,85,75000.00,0.00,'2026-06-03 04:30:21','2026-06-03 04:30:21',NULL),(1244,622,15,0.00,75000.00,'2026-06-03 04:30:21','2026-06-03 04:30:21',NULL),(1245,623,14,100000.00,0.00,'2026-06-03 04:30:21','2026-06-03 04:30:21',12),(1246,623,38,0.00,100000.00,'2026-06-03 04:30:21','2026-06-03 04:30:21',12),(1247,624,85,75000.00,0.00,'2026-06-03 04:30:21','2026-06-03 04:30:21',NULL),(1248,624,15,0.00,75000.00,'2026-06-03 04:30:21','2026-06-03 04:30:21',NULL),(1249,625,14,100000.00,0.00,'2026-06-03 04:30:21','2026-06-03 04:30:21',12),(1250,625,38,0.00,100000.00,'2026-06-03 04:30:21','2026-06-03 04:30:21',12),(1251,626,85,75000.00,0.00,'2026-06-03 04:30:21','2026-06-03 04:30:21',NULL),(1252,626,15,0.00,75000.00,'2026-06-03 04:30:21','2026-06-03 04:30:21',NULL),(1253,627,14,100000.00,0.00,'2026-06-03 04:30:21','2026-06-03 04:30:21',12),(1254,627,38,0.00,100000.00,'2026-06-03 04:30:21','2026-06-03 04:30:21',12),(1255,628,85,75000.00,0.00,'2026-06-03 04:30:21','2026-06-03 04:30:21',NULL),(1256,628,15,0.00,75000.00,'2026-06-03 04:30:21','2026-06-03 04:30:21',NULL),(1257,629,14,100000.00,0.00,'2026-06-03 04:30:21','2026-06-03 04:30:21',12),(1258,629,38,0.00,100000.00,'2026-06-03 04:30:21','2026-06-03 04:30:21',12),(1259,630,85,75000.00,0.00,'2026-06-03 04:30:21','2026-06-03 04:30:21',NULL),(1260,630,15,0.00,75000.00,'2026-06-03 04:30:21','2026-06-03 04:30:21',NULL),(1261,631,14,125000.00,0.00,'2026-06-03 04:30:21','2026-06-03 04:30:21',10),(1262,631,38,0.00,125000.00,'2026-06-03 04:30:21','2026-06-03 04:30:21',10),(1263,632,85,75000.00,0.00,'2026-06-03 04:30:21','2026-06-03 04:30:21',NULL),(1264,632,15,0.00,75000.00,'2026-06-03 04:30:21','2026-06-03 04:30:21',NULL),(1265,633,14,125000.00,0.00,'2026-06-03 04:30:21','2026-06-03 04:30:21',10),(1266,633,38,0.00,125000.00,'2026-06-03 04:30:21','2026-06-03 04:30:21',10),(1267,634,85,75000.00,0.00,'2026-06-03 04:30:21','2026-06-03 04:30:21',NULL),(1268,634,15,0.00,75000.00,'2026-06-03 04:30:21','2026-06-03 04:30:21',NULL),(1269,635,14,125000.00,0.00,'2026-06-03 04:30:21','2026-06-03 04:30:21',10),(1270,635,38,0.00,125000.00,'2026-06-03 04:30:21','2026-06-03 04:30:21',10),(1271,636,85,75000.00,0.00,'2026-06-03 04:30:21','2026-06-03 04:30:21',NULL),(1272,636,15,0.00,75000.00,'2026-06-03 04:30:21','2026-06-03 04:30:21',NULL),(1273,637,14,120000.00,0.00,'2026-06-03 04:30:21','2026-06-03 04:30:21',6),(1274,637,38,0.00,120000.00,'2026-06-03 04:30:21','2026-06-03 04:30:21',6),(1275,638,85,95000.00,0.00,'2026-06-03 04:30:21','2026-06-03 04:30:21',NULL),(1276,638,15,0.00,95000.00,'2026-06-03 04:30:21','2026-06-03 04:30:21',NULL),(1277,639,14,120000.00,0.00,'2026-06-03 04:30:21','2026-06-03 04:30:21',6),(1278,639,38,0.00,120000.00,'2026-06-03 04:30:21','2026-06-03 04:30:21',6),(1279,640,85,95000.00,0.00,'2026-06-03 04:30:21','2026-06-03 04:30:21',NULL),(1280,640,15,0.00,95000.00,'2026-06-03 04:30:21','2026-06-03 04:30:21',NULL),(1281,641,14,120000.00,0.00,'2026-06-03 04:30:21','2026-06-03 04:30:21',6),(1282,641,38,0.00,120000.00,'2026-06-03 04:30:21','2026-06-03 04:30:21',6),(1283,642,85,95000.00,0.00,'2026-06-03 04:30:21','2026-06-03 04:30:21',NULL),(1284,642,15,0.00,95000.00,'2026-06-03 04:30:21','2026-06-03 04:30:21',NULL),(1285,643,14,120000.00,0.00,'2026-06-03 04:30:21','2026-06-03 04:30:21',6),(1286,643,38,0.00,120000.00,'2026-06-03 04:30:21','2026-06-03 04:30:21',6),(1287,644,85,95000.00,0.00,'2026-06-03 04:30:21','2026-06-03 04:30:21',NULL),(1288,644,15,0.00,95000.00,'2026-06-03 04:30:21','2026-06-03 04:30:21',NULL),(1289,645,14,120000.00,0.00,'2026-06-03 04:30:21','2026-06-03 04:30:21',6),(1290,645,38,0.00,120000.00,'2026-06-03 04:30:21','2026-06-03 04:30:21',6),(1291,646,85,95000.00,0.00,'2026-06-03 04:30:21','2026-06-03 04:30:21',NULL),(1292,646,15,0.00,95000.00,'2026-06-03 04:30:21','2026-06-03 04:30:21',NULL),(1293,647,14,106250.00,0.00,'2026-06-03 04:30:21','2026-06-03 04:30:21',15),(1294,647,38,0.00,106250.00,'2026-06-03 04:30:21','2026-06-03 04:30:21',15),(1295,648,85,85000.00,0.00,'2026-06-03 04:30:21','2026-06-03 04:30:21',NULL),(1296,648,15,0.00,85000.00,'2026-06-03 04:30:21','2026-06-03 04:30:21',NULL),(1297,649,14,106250.00,0.00,'2026-06-03 04:30:21','2026-06-03 04:30:21',15),(1298,649,38,0.00,106250.00,'2026-06-03 04:30:21','2026-06-03 04:30:21',15),(1299,650,85,85000.00,0.00,'2026-06-03 04:30:21','2026-06-03 04:30:21',NULL),(1300,650,15,0.00,85000.00,'2026-06-03 04:30:21','2026-06-03 04:30:21',NULL),(1301,651,14,106250.00,0.00,'2026-06-03 04:30:21','2026-06-03 04:30:21',15),(1302,651,38,0.00,106250.00,'2026-06-03 04:30:21','2026-06-03 04:30:21',15),(1303,652,85,85000.00,0.00,'2026-06-03 04:30:21','2026-06-03 04:30:21',NULL),(1304,652,15,0.00,85000.00,'2026-06-03 04:30:21','2026-06-03 04:30:21',NULL),(1305,653,14,106250.00,0.00,'2026-06-03 04:30:21','2026-06-03 04:30:21',15),(1306,653,38,0.00,106250.00,'2026-06-03 04:30:21','2026-06-03 04:30:21',15),(1307,654,85,85000.00,0.00,'2026-06-03 04:30:21','2026-06-03 04:30:21',NULL),(1308,654,15,0.00,85000.00,'2026-06-03 04:30:21','2026-06-03 04:30:21',NULL),(1309,655,14,106250.00,0.00,'2026-06-03 04:30:21','2026-06-03 04:30:21',15),(1310,655,38,0.00,106250.00,'2026-06-03 04:30:21','2026-06-03 04:30:21',15),(1311,656,85,85000.00,0.00,'2026-06-03 04:30:21','2026-06-03 04:30:21',NULL),(1312,656,15,0.00,85000.00,'2026-06-03 04:30:21','2026-06-03 04:30:21',NULL),(1313,657,14,106250.00,0.00,'2026-06-03 04:30:21','2026-06-03 04:30:21',15),(1314,657,38,0.00,106250.00,'2026-06-03 04:30:21','2026-06-03 04:30:21',15),(1315,658,85,85000.00,0.00,'2026-06-03 04:30:21','2026-06-03 04:30:21',NULL),(1316,658,15,0.00,85000.00,'2026-06-03 04:30:21','2026-06-03 04:30:21',NULL),(1317,659,14,106250.00,0.00,'2026-06-03 04:30:21','2026-06-03 04:30:21',15),(1318,659,38,0.00,106250.00,'2026-06-03 04:30:21','2026-06-03 04:30:21',15),(1319,660,85,85000.00,0.00,'2026-06-03 04:30:21','2026-06-03 04:30:21',NULL),(1320,660,15,0.00,85000.00,'2026-06-03 04:30:21','2026-06-03 04:30:21',NULL),(1321,661,14,106250.00,0.00,'2026-06-03 04:30:21','2026-06-03 04:30:21',15),(1322,661,38,0.00,106250.00,'2026-06-03 04:30:21','2026-06-03 04:30:21',15),(1323,662,85,85000.00,0.00,'2026-06-03 04:30:21','2026-06-03 04:30:21',NULL),(1324,662,15,0.00,85000.00,'2026-06-03 04:30:21','2026-06-03 04:30:21',NULL),(1325,663,14,106250.00,0.00,'2026-06-03 04:30:21','2026-06-03 04:30:21',15),(1326,663,38,0.00,106250.00,'2026-06-03 04:30:21','2026-06-03 04:30:21',15),(1327,664,85,85000.00,0.00,'2026-06-03 04:30:21','2026-06-03 04:30:21',NULL),(1328,664,15,0.00,85000.00,'2026-06-03 04:30:21','2026-06-03 04:30:21',NULL),(1329,665,14,106250.00,0.00,'2026-06-03 04:30:21','2026-06-03 04:30:21',15),(1330,665,38,0.00,106250.00,'2026-06-03 04:30:21','2026-06-03 04:30:21',15),(1331,666,85,85000.00,0.00,'2026-06-03 04:30:21','2026-06-03 04:30:21',NULL),(1332,666,15,0.00,85000.00,'2026-06-03 04:30:21','2026-06-03 04:30:21',NULL),(1333,667,14,106250.00,0.00,'2026-06-03 04:30:21','2026-06-03 04:30:21',15),(1334,667,38,0.00,106250.00,'2026-06-03 04:30:21','2026-06-03 04:30:21',15),(1335,668,85,85000.00,0.00,'2026-06-03 04:30:21','2026-06-03 04:30:21',NULL),(1336,668,15,0.00,85000.00,'2026-06-03 04:30:21','2026-06-03 04:30:21',NULL),(1337,669,14,106250.00,0.00,'2026-06-03 04:30:21','2026-06-03 04:30:21',15),(1338,669,38,0.00,106250.00,'2026-06-03 04:30:21','2026-06-03 04:30:21',15),(1339,670,85,85000.00,0.00,'2026-06-03 04:30:21','2026-06-03 04:30:21',NULL),(1340,670,15,0.00,85000.00,'2026-06-03 04:30:21','2026-06-03 04:30:21',NULL),(1341,671,14,91666.67,0.00,'2026-06-03 04:30:21','2026-06-03 04:30:21',13),(1342,671,38,0.00,91666.67,'2026-06-03 04:30:21','2026-06-03 04:30:21',13),(1343,672,85,85000.00,0.00,'2026-06-03 04:30:21','2026-06-03 04:30:21',NULL),(1344,672,15,0.00,85000.00,'2026-06-03 04:30:21','2026-06-03 04:30:21',NULL),(1345,673,14,91666.67,0.00,'2026-06-03 04:30:21','2026-06-03 04:30:21',13),(1346,673,38,0.00,91666.67,'2026-06-03 04:30:21','2026-06-03 04:30:21',13),(1347,674,85,85000.00,0.00,'2026-06-03 04:30:21','2026-06-03 04:30:21',NULL),(1348,674,15,0.00,85000.00,'2026-06-03 04:30:21','2026-06-03 04:30:21',NULL),(1349,675,14,91666.67,0.00,'2026-06-03 04:30:21','2026-06-03 04:30:21',13),(1350,675,38,0.00,91666.67,'2026-06-03 04:30:21','2026-06-03 04:30:21',13),(1351,676,85,85000.00,0.00,'2026-06-03 04:30:21','2026-06-03 04:30:21',NULL),(1352,676,15,0.00,85000.00,'2026-06-03 04:30:21','2026-06-03 04:30:21',NULL),(1353,677,14,91666.67,0.00,'2026-06-03 04:30:21','2026-06-03 04:30:21',13),(1354,677,38,0.00,91666.67,'2026-06-03 04:30:21','2026-06-03 04:30:21',13),(1355,678,85,85000.00,0.00,'2026-06-03 04:30:21','2026-06-03 04:30:21',NULL),(1356,678,15,0.00,85000.00,'2026-06-03 04:30:21','2026-06-03 04:30:21',NULL),(1357,679,14,91666.67,0.00,'2026-06-03 04:30:21','2026-06-03 04:30:21',13),(1358,679,38,0.00,91666.67,'2026-06-03 04:30:21','2026-06-03 04:30:21',13),(1359,680,85,85000.00,0.00,'2026-06-03 04:30:21','2026-06-03 04:30:21',NULL),(1360,680,15,0.00,85000.00,'2026-06-03 04:30:21','2026-06-03 04:30:21',NULL),(1361,681,14,91666.67,0.00,'2026-06-03 04:30:22','2026-06-03 04:30:22',13),(1362,681,38,0.00,91666.67,'2026-06-03 04:30:22','2026-06-03 04:30:22',13),(1363,682,85,85000.00,0.00,'2026-06-03 04:30:22','2026-06-03 04:30:22',NULL),(1364,682,15,0.00,85000.00,'2026-06-03 04:30:22','2026-06-03 04:30:22',NULL),(1365,683,14,91666.67,0.00,'2026-06-03 04:30:22','2026-06-03 04:30:22',13),(1366,683,38,0.00,91666.67,'2026-06-03 04:30:22','2026-06-03 04:30:22',13),(1367,684,85,85000.00,0.00,'2026-06-03 04:30:22','2026-06-03 04:30:22',NULL),(1368,684,15,0.00,85000.00,'2026-06-03 04:30:22','2026-06-03 04:30:22',NULL),(1369,685,14,91666.67,0.00,'2026-06-03 04:30:22','2026-06-03 04:30:22',13),(1370,685,38,0.00,91666.67,'2026-06-03 04:30:22','2026-06-03 04:30:22',13),(1371,686,85,85000.00,0.00,'2026-06-03 04:30:22','2026-06-03 04:30:22',NULL),(1372,686,15,0.00,85000.00,'2026-06-03 04:30:22','2026-06-03 04:30:22',NULL),(1373,687,14,91666.67,0.00,'2026-06-03 04:30:22','2026-06-03 04:30:22',13),(1374,687,38,0.00,91666.67,'2026-06-03 04:30:22','2026-06-03 04:30:22',13),(1375,688,85,85000.00,0.00,'2026-06-03 04:30:22','2026-06-03 04:30:22',NULL),(1376,688,15,0.00,85000.00,'2026-06-03 04:30:22','2026-06-03 04:30:22',NULL),(1377,689,14,91666.67,0.00,'2026-06-03 04:30:22','2026-06-03 04:30:22',13),(1378,689,38,0.00,91666.67,'2026-06-03 04:30:22','2026-06-03 04:30:22',13),(1379,690,85,85000.00,0.00,'2026-06-03 04:30:22','2026-06-03 04:30:22',NULL),(1380,690,15,0.00,85000.00,'2026-06-03 04:30:22','2026-06-03 04:30:22',NULL),(1381,691,14,91666.67,0.00,'2026-06-03 04:30:22','2026-06-03 04:30:22',13),(1382,691,38,0.00,91666.67,'2026-06-03 04:30:22','2026-06-03 04:30:22',13),(1383,692,85,85000.00,0.00,'2026-06-03 04:30:22','2026-06-03 04:30:22',NULL),(1384,692,15,0.00,85000.00,'2026-06-03 04:30:22','2026-06-03 04:30:22',NULL),(1385,693,14,91666.67,0.00,'2026-06-03 04:30:22','2026-06-03 04:30:22',13),(1386,693,38,0.00,91666.67,'2026-06-03 04:30:22','2026-06-03 04:30:22',13),(1387,694,85,85000.00,0.00,'2026-06-03 04:30:22','2026-06-03 04:30:22',NULL),(1388,694,15,0.00,85000.00,'2026-06-03 04:30:22','2026-06-03 04:30:22',NULL),(1389,695,14,91666.67,0.00,'2026-06-03 04:30:22','2026-06-03 04:30:22',13),(1390,695,38,0.00,91666.67,'2026-06-03 04:30:22','2026-06-03 04:30:22',13),(1391,696,85,85000.00,0.00,'2026-06-03 04:30:22','2026-06-03 04:30:22',NULL),(1392,696,15,0.00,85000.00,'2026-06-03 04:30:22','2026-06-03 04:30:22',NULL),(1393,697,14,91666.67,0.00,'2026-06-03 04:30:22','2026-06-03 04:30:22',13),(1394,697,38,0.00,91666.67,'2026-06-03 04:30:22','2026-06-03 04:30:22',13),(1395,698,85,85000.00,0.00,'2026-06-03 04:30:22','2026-06-03 04:30:22',NULL),(1396,698,15,0.00,85000.00,'2026-06-03 04:30:22','2026-06-03 04:30:22',NULL),(1397,699,14,91666.67,0.00,'2026-06-03 04:30:22','2026-06-03 04:30:22',13),(1398,699,38,0.00,91666.67,'2026-06-03 04:30:22','2026-06-03 04:30:22',13),(1399,700,85,85000.00,0.00,'2026-06-03 04:30:22','2026-06-03 04:30:22',NULL),(1400,700,15,0.00,85000.00,'2026-06-03 04:30:22','2026-06-03 04:30:22',NULL),(1401,701,14,91666.67,0.00,'2026-06-03 04:30:22','2026-06-03 04:30:22',13),(1402,701,38,0.00,91666.67,'2026-06-03 04:30:22','2026-06-03 04:30:22',13),(1403,702,85,85000.00,0.00,'2026-06-03 04:30:22','2026-06-03 04:30:22',NULL),(1404,702,15,0.00,85000.00,'2026-06-03 04:30:22','2026-06-03 04:30:22',NULL),(1405,703,14,91666.67,0.00,'2026-06-03 04:30:22','2026-06-03 04:30:22',13),(1406,703,38,0.00,91666.67,'2026-06-03 04:30:22','2026-06-03 04:30:22',13),(1407,704,85,85000.00,0.00,'2026-06-03 04:30:22','2026-06-03 04:30:22',NULL),(1408,704,15,0.00,85000.00,'2026-06-03 04:30:22','2026-06-03 04:30:22',NULL),(1409,705,14,91666.67,0.00,'2026-06-03 04:30:22','2026-06-03 04:30:22',13),(1410,705,38,0.00,91666.67,'2026-06-03 04:30:22','2026-06-03 04:30:22',13),(1411,706,85,85000.00,0.00,'2026-06-03 04:30:22','2026-06-03 04:30:22',NULL),(1412,706,15,0.00,85000.00,'2026-06-03 04:30:22','2026-06-03 04:30:22',NULL),(1413,707,14,91666.67,0.00,'2026-06-03 04:30:22','2026-06-03 04:30:22',13),(1414,707,38,0.00,91666.67,'2026-06-03 04:30:22','2026-06-03 04:30:22',13),(1415,708,85,85000.00,0.00,'2026-06-03 04:30:22','2026-06-03 04:30:22',NULL),(1416,708,15,0.00,85000.00,'2026-06-03 04:30:22','2026-06-03 04:30:22',NULL),(1417,709,14,91666.67,0.00,'2026-06-03 04:30:22','2026-06-03 04:30:22',13),(1418,709,38,0.00,91666.67,'2026-06-03 04:30:22','2026-06-03 04:30:22',13),(1419,710,85,85000.00,0.00,'2026-06-03 04:30:22','2026-06-03 04:30:22',NULL),(1420,710,15,0.00,85000.00,'2026-06-03 04:30:22','2026-06-03 04:30:22',NULL),(1421,711,14,91666.67,0.00,'2026-06-03 04:30:22','2026-06-03 04:30:22',13),(1422,711,38,0.00,91666.67,'2026-06-03 04:30:22','2026-06-03 04:30:22',13),(1423,712,85,95000.00,0.00,'2026-06-03 04:30:22','2026-06-03 04:30:22',NULL),(1424,712,15,0.00,95000.00,'2026-06-03 04:30:22','2026-06-03 04:30:22',NULL),(1425,713,14,91666.67,0.00,'2026-06-03 04:30:22','2026-06-03 04:30:22',13),(1426,713,38,0.00,91666.67,'2026-06-03 04:30:22','2026-06-03 04:30:22',13),(1427,714,85,95000.00,0.00,'2026-06-03 04:30:22','2026-06-03 04:30:22',NULL),(1428,714,15,0.00,95000.00,'2026-06-03 04:30:22','2026-06-03 04:30:22',NULL),(1429,715,14,91666.67,0.00,'2026-06-03 04:30:22','2026-06-03 04:30:22',13),(1430,715,38,0.00,91666.67,'2026-06-03 04:30:22','2026-06-03 04:30:22',13),(1431,716,85,95000.00,0.00,'2026-06-03 04:30:22','2026-06-03 04:30:22',NULL),(1432,716,15,0.00,95000.00,'2026-06-03 04:30:22','2026-06-03 04:30:22',NULL),(1433,717,14,91666.67,0.00,'2026-06-03 04:30:22','2026-06-03 04:30:22',13),(1434,717,38,0.00,91666.67,'2026-06-03 04:30:22','2026-06-03 04:30:22',13),(1435,718,85,95000.00,0.00,'2026-06-03 04:30:22','2026-06-03 04:30:22',NULL),(1436,718,15,0.00,95000.00,'2026-06-03 04:30:22','2026-06-03 04:30:22',NULL),(1437,719,14,91666.67,0.00,'2026-06-03 04:30:22','2026-06-03 04:30:22',13),(1438,719,38,0.00,91666.67,'2026-06-03 04:30:22','2026-06-03 04:30:22',13),(1439,720,85,95000.00,0.00,'2026-06-03 04:30:22','2026-06-03 04:30:22',NULL),(1440,720,15,0.00,95000.00,'2026-06-03 04:30:22','2026-06-03 04:30:22',NULL),(1441,721,14,91666.67,0.00,'2026-06-03 04:30:22','2026-06-03 04:30:22',13),(1442,721,38,0.00,91666.67,'2026-06-03 04:30:22','2026-06-03 04:30:22',13),(1443,722,85,95000.00,0.00,'2026-06-03 04:30:22','2026-06-03 04:30:22',NULL),(1444,722,15,0.00,95000.00,'2026-06-03 04:30:22','2026-06-03 04:30:22',NULL),(1445,723,14,91666.67,0.00,'2026-06-03 04:30:22','2026-06-03 04:30:22',13),(1446,723,38,0.00,91666.67,'2026-06-03 04:30:22','2026-06-03 04:30:22',13),(1447,724,85,95000.00,0.00,'2026-06-03 04:30:22','2026-06-03 04:30:22',NULL),(1448,724,15,0.00,95000.00,'2026-06-03 04:30:22','2026-06-03 04:30:22',NULL),(1449,725,14,91666.67,0.00,'2026-06-03 04:30:22','2026-06-03 04:30:22',13),(1450,725,38,0.00,91666.67,'2026-06-03 04:30:22','2026-06-03 04:30:22',13),(1451,726,85,95000.00,0.00,'2026-06-03 04:30:22','2026-06-03 04:30:22',NULL),(1452,726,15,0.00,95000.00,'2026-06-03 04:30:22','2026-06-03 04:30:22',NULL),(1453,727,14,91666.67,0.00,'2026-06-03 04:30:22','2026-06-03 04:30:22',13),(1454,727,38,0.00,91666.67,'2026-06-03 04:30:22','2026-06-03 04:30:22',13),(1455,728,85,95000.00,0.00,'2026-06-03 04:30:22','2026-06-03 04:30:22',NULL),(1456,728,15,0.00,95000.00,'2026-06-03 04:30:22','2026-06-03 04:30:22',NULL),(1457,729,14,91666.67,0.00,'2026-06-03 04:30:22','2026-06-03 04:30:22',13),(1458,729,38,0.00,91666.67,'2026-06-03 04:30:22','2026-06-03 04:30:22',13),(1459,730,85,95000.00,0.00,'2026-06-03 04:30:22','2026-06-03 04:30:22',NULL),(1460,730,15,0.00,95000.00,'2026-06-03 04:30:22','2026-06-03 04:30:22',NULL),(1461,731,14,91666.67,0.00,'2026-06-03 04:30:22','2026-06-03 04:30:22',13),(1462,731,38,0.00,91666.67,'2026-06-03 04:30:22','2026-06-03 04:30:22',13),(1463,732,85,95000.00,0.00,'2026-06-03 04:30:22','2026-06-03 04:30:22',NULL),(1464,732,15,0.00,95000.00,'2026-06-03 04:30:22','2026-06-03 04:30:22',NULL),(1465,733,14,91666.67,0.00,'2026-06-03 04:30:22','2026-06-03 04:30:22',13),(1466,733,38,0.00,91666.67,'2026-06-03 04:30:22','2026-06-03 04:30:22',13),(1467,734,85,95000.00,0.00,'2026-06-03 04:30:22','2026-06-03 04:30:22',NULL),(1468,734,15,0.00,95000.00,'2026-06-03 04:30:22','2026-06-03 04:30:22',NULL),(1469,735,14,91666.67,0.00,'2026-06-03 04:30:22','2026-06-03 04:30:22',13),(1470,735,38,0.00,91666.67,'2026-06-03 04:30:22','2026-06-03 04:30:22',13),(1471,736,85,95000.00,0.00,'2026-06-03 04:30:22','2026-06-03 04:30:22',NULL),(1472,736,15,0.00,95000.00,'2026-06-03 04:30:22','2026-06-03 04:30:22',NULL),(1473,737,14,91666.67,0.00,'2026-06-03 04:30:22','2026-06-03 04:30:22',13),(1474,737,38,0.00,91666.67,'2026-06-03 04:30:22','2026-06-03 04:30:22',13),(1475,738,85,95000.00,0.00,'2026-06-03 04:30:22','2026-06-03 04:30:22',NULL),(1476,738,15,0.00,95000.00,'2026-06-03 04:30:22','2026-06-03 04:30:22',NULL),(1477,739,14,91666.67,0.00,'2026-06-03 04:30:22','2026-06-03 04:30:22',13),(1478,739,38,0.00,91666.67,'2026-06-03 04:30:22','2026-06-03 04:30:22',13),(1479,740,85,95000.00,0.00,'2026-06-03 04:30:22','2026-06-03 04:30:22',NULL),(1480,740,15,0.00,95000.00,'2026-06-03 04:30:22','2026-06-03 04:30:22',NULL),(1481,741,14,91666.67,0.00,'2026-06-03 04:30:22','2026-06-03 04:30:22',13),(1482,741,38,0.00,91666.67,'2026-06-03 04:30:22','2026-06-03 04:30:22',13),(1483,742,85,95000.00,0.00,'2026-06-03 04:30:22','2026-06-03 04:30:22',NULL),(1484,742,15,0.00,95000.00,'2026-06-03 04:30:22','2026-06-03 04:30:22',NULL),(1485,743,14,120000.00,0.00,'2026-06-03 04:30:22','2026-06-03 04:30:22',6),(1486,743,38,0.00,120000.00,'2026-06-03 04:30:22','2026-06-03 04:30:22',6),(1487,744,85,95000.00,0.00,'2026-06-03 04:30:22','2026-06-03 04:30:22',NULL),(1488,744,15,0.00,95000.00,'2026-06-03 04:30:22','2026-06-03 04:30:22',NULL),(1489,745,14,120000.00,0.00,'2026-06-03 04:30:22','2026-06-03 04:30:22',6),(1490,745,38,0.00,120000.00,'2026-06-03 04:30:22','2026-06-03 04:30:22',6),(1491,746,85,95000.00,0.00,'2026-06-03 04:30:22','2026-06-03 04:30:22',NULL),(1492,746,15,0.00,95000.00,'2026-06-03 04:30:22','2026-06-03 04:30:22',NULL),(1493,747,14,120000.00,0.00,'2026-06-03 04:30:22','2026-06-03 04:30:22',6),(1494,747,38,0.00,120000.00,'2026-06-03 04:30:22','2026-06-03 04:30:22',6),(1495,748,85,95000.00,0.00,'2026-06-03 04:30:22','2026-06-03 04:30:22',NULL),(1496,748,15,0.00,95000.00,'2026-06-03 04:30:22','2026-06-03 04:30:22',NULL),(1497,749,14,120000.00,0.00,'2026-06-03 04:30:23','2026-06-03 04:30:23',6),(1498,749,38,0.00,120000.00,'2026-06-03 04:30:23','2026-06-03 04:30:23',6),(1499,750,85,95000.00,0.00,'2026-06-03 04:30:23','2026-06-03 04:30:23',NULL),(1500,750,15,0.00,95000.00,'2026-06-03 04:30:23','2026-06-03 04:30:23',NULL),(1501,751,14,120000.00,0.00,'2026-06-03 04:30:23','2026-06-03 04:30:23',6),(1502,751,38,0.00,120000.00,'2026-06-03 04:30:23','2026-06-03 04:30:23',6),(1503,752,85,95000.00,0.00,'2026-06-03 04:30:23','2026-06-03 04:30:23',NULL),(1504,752,15,0.00,95000.00,'2026-06-03 04:30:23','2026-06-03 04:30:23',NULL),(1505,753,14,120000.00,0.00,'2026-06-03 04:30:23','2026-06-03 04:30:23',6),(1506,753,38,0.00,120000.00,'2026-06-03 04:30:23','2026-06-03 04:30:23',6),(1507,754,85,95000.00,0.00,'2026-06-03 04:30:23','2026-06-03 04:30:23',NULL),(1508,754,15,0.00,95000.00,'2026-06-03 04:30:23','2026-06-03 04:30:23',NULL),(1509,755,14,120000.00,0.00,'2026-06-03 04:30:23','2026-06-03 04:30:23',6),(1510,755,38,0.00,120000.00,'2026-06-03 04:30:23','2026-06-03 04:30:23',6),(1511,756,85,95000.00,0.00,'2026-06-03 04:30:23','2026-06-03 04:30:23',NULL),(1512,756,15,0.00,95000.00,'2026-06-03 04:30:23','2026-06-03 04:30:23',NULL),(1513,757,14,120000.00,0.00,'2026-06-03 04:30:23','2026-06-03 04:30:23',6),(1514,757,38,0.00,120000.00,'2026-06-03 04:30:23','2026-06-03 04:30:23',6),(1515,758,85,95000.00,0.00,'2026-06-03 04:30:23','2026-06-03 04:30:23',NULL),(1516,758,15,0.00,95000.00,'2026-06-03 04:30:23','2026-06-03 04:30:23',NULL),(1517,759,14,120000.00,0.00,'2026-06-03 04:30:23','2026-06-03 04:30:23',2),(1518,759,38,0.00,120000.00,'2026-06-03 04:30:23','2026-06-03 04:30:23',2),(1519,760,85,95000.00,0.00,'2026-06-03 04:30:23','2026-06-03 04:30:23',NULL),(1520,760,15,0.00,95000.00,'2026-06-03 04:30:23','2026-06-03 04:30:23',NULL),(1521,761,14,130000.00,0.00,'2026-06-03 04:30:23','2026-06-03 04:30:23',5),(1522,761,38,0.00,130000.00,'2026-06-03 04:30:23','2026-06-03 04:30:23',5),(1523,762,85,85000.00,0.00,'2026-06-03 04:30:23','2026-06-03 04:30:23',NULL),(1524,762,15,0.00,85000.00,'2026-06-03 04:30:23','2026-06-03 04:30:23',NULL),(1525,763,14,130000.00,0.00,'2026-06-03 04:30:23','2026-06-03 04:30:23',5),(1526,763,38,0.00,130000.00,'2026-06-03 04:30:23','2026-06-03 04:30:23',5),(1527,764,85,85000.00,0.00,'2026-06-03 04:30:23','2026-06-03 04:30:23',NULL),(1528,764,15,0.00,85000.00,'2026-06-03 04:30:23','2026-06-03 04:30:23',NULL),(1529,765,14,130000.00,0.00,'2026-06-03 04:30:23','2026-06-03 04:30:23',5),(1530,765,38,0.00,130000.00,'2026-06-03 04:30:23','2026-06-03 04:30:23',5),(1531,766,85,85000.00,0.00,'2026-06-03 04:30:23','2026-06-03 04:30:23',NULL),(1532,766,15,0.00,85000.00,'2026-06-03 04:30:23','2026-06-03 04:30:23',NULL),(1533,767,14,130000.00,0.00,'2026-06-03 04:30:23','2026-06-03 04:30:23',5),(1534,767,38,0.00,130000.00,'2026-06-03 04:30:23','2026-06-03 04:30:23',5),(1535,768,85,85000.00,0.00,'2026-06-03 04:30:23','2026-06-03 04:30:23',NULL),(1536,768,15,0.00,85000.00,'2026-06-03 04:30:23','2026-06-03 04:30:23',NULL),(1537,769,14,130000.00,0.00,'2026-06-03 04:30:23','2026-06-03 04:30:23',5),(1538,769,38,0.00,130000.00,'2026-06-03 04:30:23','2026-06-03 04:30:23',5),(1539,770,85,85000.00,0.00,'2026-06-03 04:30:23','2026-06-03 04:30:23',NULL),(1540,770,15,0.00,85000.00,'2026-06-03 04:30:23','2026-06-03 04:30:23',NULL),(1541,771,14,130000.00,0.00,'2026-06-03 04:30:23','2026-06-03 04:30:23',5),(1542,771,38,0.00,130000.00,'2026-06-03 04:30:23','2026-06-03 04:30:23',5),(1543,772,85,85000.00,0.00,'2026-06-03 04:30:23','2026-06-03 04:30:23',NULL),(1544,772,15,0.00,85000.00,'2026-06-03 04:30:23','2026-06-03 04:30:23',NULL),(1545,773,14,130000.00,0.00,'2026-06-03 04:30:23','2026-06-03 04:30:23',5),(1546,773,38,0.00,130000.00,'2026-06-03 04:30:23','2026-06-03 04:30:23',5),(1547,774,85,85000.00,0.00,'2026-06-03 04:30:23','2026-06-03 04:30:23',NULL),(1548,774,15,0.00,85000.00,'2026-06-03 04:30:23','2026-06-03 04:30:23',NULL),(1549,775,14,130000.00,0.00,'2026-06-03 04:30:23','2026-06-03 04:30:23',5),(1550,775,38,0.00,130000.00,'2026-06-03 04:30:23','2026-06-03 04:30:23',5),(1551,776,85,85000.00,0.00,'2026-06-03 04:30:23','2026-06-03 04:30:23',NULL),(1552,776,15,0.00,85000.00,'2026-06-03 04:30:23','2026-06-03 04:30:23',NULL),(1553,777,14,130000.00,0.00,'2026-06-03 04:30:23','2026-06-03 04:30:23',5),(1554,777,38,0.00,130000.00,'2026-06-03 04:30:23','2026-06-03 04:30:23',5),(1555,778,85,85000.00,0.00,'2026-06-03 04:30:23','2026-06-03 04:30:23',NULL),(1556,778,15,0.00,85000.00,'2026-06-03 04:30:23','2026-06-03 04:30:23',NULL),(1557,779,14,130000.00,0.00,'2026-06-03 04:30:23','2026-06-03 04:30:23',5),(1558,779,38,0.00,130000.00,'2026-06-03 04:30:23','2026-06-03 04:30:23',5),(1559,780,85,85000.00,0.00,'2026-06-03 04:30:23','2026-06-03 04:30:23',NULL),(1560,780,15,0.00,85000.00,'2026-06-03 04:30:23','2026-06-03 04:30:23',NULL),(1561,781,14,130000.00,0.00,'2026-06-03 04:30:23','2026-06-03 04:30:23',8),(1562,781,38,0.00,130000.00,'2026-06-03 04:30:23','2026-06-03 04:30:23',8),(1563,782,85,75000.00,0.00,'2026-06-03 04:30:23','2026-06-03 04:30:23',NULL),(1564,782,15,0.00,75000.00,'2026-06-03 04:30:23','2026-06-03 04:30:23',NULL),(1565,783,14,130000.00,0.00,'2026-06-03 04:30:23','2026-06-03 04:30:23',8),(1566,783,38,0.00,130000.00,'2026-06-03 04:30:23','2026-06-03 04:30:23',8),(1567,784,85,75000.00,0.00,'2026-06-03 04:30:23','2026-06-03 04:30:23',NULL),(1568,784,15,0.00,75000.00,'2026-06-03 04:30:23','2026-06-03 04:30:23',NULL),(1569,785,14,100000.00,0.00,'2026-06-03 04:30:23','2026-06-03 04:30:23',17),(1570,785,38,0.00,100000.00,'2026-06-03 04:30:23','2026-06-03 04:30:23',17),(1571,786,14,100000.00,0.00,'2026-06-03 04:30:23','2026-06-03 04:30:23',17),(1572,786,38,0.00,100000.00,'2026-06-03 04:30:23','2026-06-03 04:30:23',17),(1573,787,85,80000.00,0.00,'2026-06-03 04:30:23','2026-06-03 04:30:23',NULL),(1574,787,15,0.00,80000.00,'2026-06-03 04:30:23','2026-06-03 04:30:23',NULL),(1575,788,14,95000.00,0.00,'2026-06-03 04:30:23','2026-06-03 04:30:23',20),(1576,788,38,0.00,95000.00,'2026-06-03 04:30:23','2026-06-03 04:30:23',20),(1577,789,14,95000.00,0.00,'2026-06-03 04:30:23','2026-06-03 04:30:23',20),(1578,789,38,0.00,95000.00,'2026-06-03 04:30:23','2026-06-03 04:30:23',20),(1579,790,85,70000.00,0.00,'2026-06-03 04:30:23','2026-06-03 04:30:23',NULL),(1580,790,15,0.00,70000.00,'2026-06-03 04:30:23','2026-06-03 04:30:23',NULL),(1581,791,14,95000.00,0.00,'2026-06-03 04:30:23','2026-06-03 04:30:23',20),(1582,791,38,0.00,95000.00,'2026-06-03 04:30:23','2026-06-03 04:30:23',20),(1583,792,14,95000.00,0.00,'2026-06-03 04:30:23','2026-06-03 04:30:23',20),(1584,792,38,0.00,95000.00,'2026-06-03 04:30:23','2026-06-03 04:30:23',20),(1585,793,85,70000.00,0.00,'2026-06-03 04:30:23','2026-06-03 04:30:23',NULL),(1586,793,15,0.00,70000.00,'2026-06-03 04:30:23','2026-06-03 04:30:23',NULL),(1587,794,14,95000.00,0.00,'2026-06-03 04:30:23','2026-06-03 04:30:23',20),(1588,794,38,0.00,95000.00,'2026-06-03 04:30:23','2026-06-03 04:30:23',20),(1589,795,14,95000.00,0.00,'2026-06-03 04:30:23','2026-06-03 04:30:23',20),(1590,795,38,0.00,95000.00,'2026-06-03 04:30:23','2026-06-03 04:30:23',20),(1591,796,85,70000.00,0.00,'2026-06-03 04:30:23','2026-06-03 04:30:23',NULL),(1592,796,15,0.00,70000.00,'2026-06-03 04:30:23','2026-06-03 04:30:23',NULL),(1593,797,14,95000.00,0.00,'2026-06-03 04:30:23','2026-06-03 04:30:23',20),(1594,797,38,0.00,95000.00,'2026-06-03 04:30:23','2026-06-03 04:30:23',20),(1595,798,14,95000.00,0.00,'2026-06-03 04:30:23','2026-06-03 04:30:23',20),(1596,798,38,0.00,95000.00,'2026-06-03 04:30:23','2026-06-03 04:30:23',20),(1597,799,85,70000.00,0.00,'2026-06-03 04:30:23','2026-06-03 04:30:23',NULL),(1598,799,15,0.00,70000.00,'2026-06-03 04:30:23','2026-06-03 04:30:23',NULL),(1599,800,14,95000.00,0.00,'2026-06-03 04:30:23','2026-06-03 04:30:23',20),(1600,800,38,0.00,95000.00,'2026-06-03 04:30:23','2026-06-03 04:30:23',20),(1601,801,14,95000.00,0.00,'2026-06-03 04:30:23','2026-06-03 04:30:23',20),(1602,801,38,0.00,95000.00,'2026-06-03 04:30:23','2026-06-03 04:30:23',20),(1603,802,85,70000.00,0.00,'2026-06-03 04:30:23','2026-06-03 04:30:23',NULL),(1604,802,15,0.00,70000.00,'2026-06-03 04:30:23','2026-06-03 04:30:23',NULL),(1605,803,14,95000.00,0.00,'2026-06-03 04:30:23','2026-06-03 04:30:23',20),(1606,803,38,0.00,95000.00,'2026-06-03 04:30:23','2026-06-03 04:30:23',20),(1607,804,14,95000.00,0.00,'2026-06-03 04:30:23','2026-06-03 04:30:23',20),(1608,804,38,0.00,95000.00,'2026-06-03 04:30:23','2026-06-03 04:30:23',20),(1609,805,85,70000.00,0.00,'2026-06-03 04:30:23','2026-06-03 04:30:23',NULL),(1610,805,15,0.00,70000.00,'2026-06-03 04:30:23','2026-06-03 04:30:23',NULL),(1611,806,14,95000.00,0.00,'2026-06-03 04:30:23','2026-06-03 04:30:23',20),(1612,806,38,0.00,95000.00,'2026-06-03 04:30:23','2026-06-03 04:30:23',20),(1613,807,14,95000.00,0.00,'2026-06-03 04:30:23','2026-06-03 04:30:23',20),(1614,807,38,0.00,95000.00,'2026-06-03 04:30:23','2026-06-03 04:30:23',20),(1615,808,85,70000.00,0.00,'2026-06-03 04:30:23','2026-06-03 04:30:23',NULL),(1616,808,15,0.00,70000.00,'2026-06-03 04:30:23','2026-06-03 04:30:23',NULL),(1617,809,14,108333.33,0.00,'2026-06-03 04:30:23','2026-06-03 04:30:23',26),(1618,809,38,0.00,108333.33,'2026-06-03 04:30:23','2026-06-03 04:30:23',26),(1619,810,14,108333.33,0.00,'2026-06-03 04:30:23','2026-06-03 04:30:23',26),(1620,810,38,0.00,108333.33,'2026-06-03 04:30:23','2026-06-03 04:30:23',26),(1621,811,14,108333.33,0.00,'2026-06-03 04:30:23','2026-06-03 04:30:23',26),(1622,811,38,0.00,108333.33,'2026-06-03 04:30:23','2026-06-03 04:30:23',26),(1623,812,14,108333.33,0.00,'2026-06-03 04:30:23','2026-06-03 04:30:23',26),(1624,812,38,0.00,108333.33,'2026-06-03 04:30:23','2026-06-03 04:30:23',26),(1625,813,85,70000.00,0.00,'2026-06-03 04:30:24','2026-06-03 04:30:24',NULL),(1626,813,15,0.00,70000.00,'2026-06-03 04:30:24','2026-06-03 04:30:24',NULL),(1627,814,14,108333.33,0.00,'2026-06-03 04:30:24','2026-06-03 04:30:24',26),(1628,814,38,0.00,108333.33,'2026-06-03 04:30:24','2026-06-03 04:30:24',26),(1629,815,14,108333.33,0.00,'2026-06-03 04:30:24','2026-06-03 04:30:24',26),(1630,815,38,0.00,108333.33,'2026-06-03 04:30:24','2026-06-03 04:30:24',26),(1631,816,14,108333.33,0.00,'2026-06-03 04:30:24','2026-06-03 04:30:24',26),(1632,816,38,0.00,108333.33,'2026-06-03 04:30:24','2026-06-03 04:30:24',26),(1633,817,14,108333.33,0.00,'2026-06-03 04:30:24','2026-06-03 04:30:24',26),(1634,817,38,0.00,108333.33,'2026-06-03 04:30:24','2026-06-03 04:30:24',26),(1635,818,85,70000.00,0.00,'2026-06-03 04:30:24','2026-06-03 04:30:24',NULL),(1636,818,15,0.00,70000.00,'2026-06-03 04:30:24','2026-06-03 04:30:24',NULL),(1637,819,14,108333.33,0.00,'2026-06-03 04:30:24','2026-06-03 04:30:24',26),(1638,819,38,0.00,108333.33,'2026-06-03 04:30:24','2026-06-03 04:30:24',26),(1639,820,14,108333.33,0.00,'2026-06-03 04:30:24','2026-06-03 04:30:24',26),(1640,820,38,0.00,108333.33,'2026-06-03 04:30:24','2026-06-03 04:30:24',26),(1641,821,14,108333.33,0.00,'2026-06-03 04:30:24','2026-06-03 04:30:24',26),(1642,821,38,0.00,108333.33,'2026-06-03 04:30:24','2026-06-03 04:30:24',26),(1643,822,14,108333.33,0.00,'2026-06-03 04:30:24','2026-06-03 04:30:24',26),(1644,822,38,0.00,108333.33,'2026-06-03 04:30:24','2026-06-03 04:30:24',26),(1645,823,85,70000.00,0.00,'2026-06-03 04:30:24','2026-06-03 04:30:24',NULL),(1646,823,15,0.00,70000.00,'2026-06-03 04:30:24','2026-06-03 04:30:24',NULL),(1647,824,14,108333.33,0.00,'2026-06-03 04:30:24','2026-06-03 04:30:24',26),(1648,824,38,0.00,108333.33,'2026-06-03 04:30:24','2026-06-03 04:30:24',26),(1649,825,14,108333.33,0.00,'2026-06-03 04:30:24','2026-06-03 04:30:24',26),(1650,825,38,0.00,108333.33,'2026-06-03 04:30:24','2026-06-03 04:30:24',26),(1651,826,14,108333.33,0.00,'2026-06-03 04:30:24','2026-06-03 04:30:24',26),(1652,826,38,0.00,108333.33,'2026-06-03 04:30:24','2026-06-03 04:30:24',26),(1653,827,14,108333.33,0.00,'2026-06-03 04:30:24','2026-06-03 04:30:24',26),(1654,827,38,0.00,108333.33,'2026-06-03 04:30:24','2026-06-03 04:30:24',26),(1655,828,85,70000.00,0.00,'2026-06-03 04:30:24','2026-06-03 04:30:24',NULL),(1656,828,15,0.00,70000.00,'2026-06-03 04:30:24','2026-06-03 04:30:24',NULL),(1657,829,14,83333.33,0.00,'2026-06-03 04:30:24','2026-06-03 04:30:24',18),(1658,829,38,0.00,83333.33,'2026-06-03 04:30:24','2026-06-03 04:30:24',18),(1659,830,14,83333.33,0.00,'2026-06-03 04:30:24','2026-06-03 04:30:24',18),(1660,830,38,0.00,83333.33,'2026-06-03 04:30:24','2026-06-03 04:30:24',18),(1661,831,85,60000.00,0.00,'2026-06-03 04:30:24','2026-06-03 04:30:24',NULL),(1662,831,15,0.00,60000.00,'2026-06-03 04:30:24','2026-06-03 04:30:24',NULL),(1663,832,14,83333.33,0.00,'2026-06-03 04:30:24','2026-06-03 04:30:24',18),(1664,832,38,0.00,83333.33,'2026-06-03 04:30:24','2026-06-03 04:30:24',18),(1665,833,14,83333.33,0.00,'2026-06-03 04:30:24','2026-06-03 04:30:24',18),(1666,833,38,0.00,83333.33,'2026-06-03 04:30:24','2026-06-03 04:30:24',18),(1667,834,85,60000.00,0.00,'2026-06-03 04:30:24','2026-06-03 04:30:24',NULL),(1668,834,15,0.00,60000.00,'2026-06-03 04:30:24','2026-06-03 04:30:24',NULL),(1669,835,14,83333.33,0.00,'2026-06-03 04:30:24','2026-06-03 04:30:24',18),(1670,835,38,0.00,83333.33,'2026-06-03 04:30:24','2026-06-03 04:30:24',18),(1671,836,14,83333.33,0.00,'2026-06-03 04:30:24','2026-06-03 04:30:24',18),(1672,836,38,0.00,83333.33,'2026-06-03 04:30:24','2026-06-03 04:30:24',18),(1673,837,85,60000.00,0.00,'2026-06-03 04:30:24','2026-06-03 04:30:24',NULL),(1674,837,15,0.00,60000.00,'2026-06-03 04:30:24','2026-06-03 04:30:24',NULL),(1675,838,14,90000.00,0.00,'2026-06-03 04:30:24','2026-06-03 04:30:24',23),(1676,838,38,0.00,90000.00,'2026-06-03 04:30:24','2026-06-03 04:30:24',23),(1677,839,14,90000.00,0.00,'2026-06-03 04:30:24','2026-06-03 04:30:24',23),(1678,839,38,0.00,90000.00,'2026-06-03 04:30:24','2026-06-03 04:30:24',23),(1679,840,85,70000.00,0.00,'2026-06-03 04:30:24','2026-06-03 04:30:24',NULL),(1680,840,15,0.00,70000.00,'2026-06-03 04:30:24','2026-06-03 04:30:24',NULL),(1681,841,14,90000.00,0.00,'2026-06-03 04:30:24','2026-06-03 04:30:24',23),(1682,841,38,0.00,90000.00,'2026-06-03 04:30:24','2026-06-03 04:30:24',23),(1683,842,14,90000.00,0.00,'2026-06-03 04:30:24','2026-06-03 04:30:24',23),(1684,842,38,0.00,90000.00,'2026-06-03 04:30:24','2026-06-03 04:30:24',23),(1685,843,85,70000.00,0.00,'2026-06-03 04:30:24','2026-06-03 04:30:24',NULL),(1686,843,15,0.00,70000.00,'2026-06-03 04:30:24','2026-06-03 04:30:24',NULL),(1687,844,14,90000.00,0.00,'2026-06-03 04:30:24','2026-06-03 04:30:24',23),(1688,844,38,0.00,90000.00,'2026-06-03 04:30:24','2026-06-03 04:30:24',23),(1689,845,14,90000.00,0.00,'2026-06-03 04:30:24','2026-06-03 04:30:24',23),(1690,845,38,0.00,90000.00,'2026-06-03 04:30:24','2026-06-03 04:30:24',23),(1691,846,85,70000.00,0.00,'2026-06-03 04:30:24','2026-06-03 04:30:24',NULL),(1692,846,15,0.00,70000.00,'2026-06-03 04:30:24','2026-06-03 04:30:24',NULL),(1693,847,14,90000.00,0.00,'2026-06-03 04:30:24','2026-06-03 04:30:24',23),(1694,847,38,0.00,90000.00,'2026-06-03 04:30:24','2026-06-03 04:30:24',23),(1695,848,14,90000.00,0.00,'2026-06-03 04:30:24','2026-06-03 04:30:24',23),(1696,848,38,0.00,90000.00,'2026-06-03 04:30:24','2026-06-03 04:30:24',23),(1697,849,85,70000.00,0.00,'2026-06-03 04:30:24','2026-06-03 04:30:24',NULL),(1698,849,15,0.00,70000.00,'2026-06-03 04:30:24','2026-06-03 04:30:24',NULL),(1699,850,14,90000.00,0.00,'2026-06-03 04:30:24','2026-06-03 04:30:24',23),(1700,850,38,0.00,90000.00,'2026-06-03 04:30:24','2026-06-03 04:30:24',23),(1701,851,14,90000.00,0.00,'2026-06-03 04:30:24','2026-06-03 04:30:24',23),(1702,851,38,0.00,90000.00,'2026-06-03 04:30:24','2026-06-03 04:30:24',23),(1703,852,85,70000.00,0.00,'2026-06-03 04:30:24','2026-06-03 04:30:24',NULL),(1704,852,15,0.00,70000.00,'2026-06-03 04:30:24','2026-06-03 04:30:24',NULL),(1705,853,14,90000.00,0.00,'2026-06-03 04:30:24','2026-06-03 04:30:24',23),(1706,853,38,0.00,90000.00,'2026-06-03 04:30:24','2026-06-03 04:30:24',23),(1707,854,14,90000.00,0.00,'2026-06-03 04:30:24','2026-06-03 04:30:24',23),(1708,854,38,0.00,90000.00,'2026-06-03 04:30:24','2026-06-03 04:30:24',23),(1709,855,85,70000.00,0.00,'2026-06-03 04:30:24','2026-06-03 04:30:24',NULL),(1710,855,15,0.00,70000.00,'2026-06-03 04:30:24','2026-06-03 04:30:24',NULL),(1711,856,14,90000.00,0.00,'2026-06-03 04:30:24','2026-06-03 04:30:24',23),(1712,856,38,0.00,90000.00,'2026-06-03 04:30:24','2026-06-03 04:30:24',23),(1713,857,14,90000.00,0.00,'2026-06-03 04:30:24','2026-06-03 04:30:24',23),(1714,857,38,0.00,90000.00,'2026-06-03 04:30:24','2026-06-03 04:30:24',23),(1715,858,85,70000.00,0.00,'2026-06-03 04:30:24','2026-06-03 04:30:24',NULL),(1716,858,15,0.00,70000.00,'2026-06-03 04:30:24','2026-06-03 04:30:24',NULL),(1717,859,14,90000.00,0.00,'2026-06-03 04:30:24','2026-06-03 04:30:24',23),(1718,859,38,0.00,90000.00,'2026-06-03 04:30:24','2026-06-03 04:30:24',23),(1719,860,14,90000.00,0.00,'2026-06-03 04:30:24','2026-06-03 04:30:24',23),(1720,860,38,0.00,90000.00,'2026-06-03 04:30:24','2026-06-03 04:30:24',23),(1721,861,85,70000.00,0.00,'2026-06-03 04:30:24','2026-06-03 04:30:24',NULL),(1722,861,15,0.00,70000.00,'2026-06-03 04:30:24','2026-06-03 04:30:24',NULL),(1723,862,14,90000.00,0.00,'2026-06-03 04:30:24','2026-06-03 04:30:24',23),(1724,862,38,0.00,90000.00,'2026-06-03 04:30:24','2026-06-03 04:30:24',23),(1725,863,14,90000.00,0.00,'2026-06-03 04:30:24','2026-06-03 04:30:24',23),(1726,863,38,0.00,90000.00,'2026-06-03 04:30:24','2026-06-03 04:30:24',23),(1727,864,85,70000.00,0.00,'2026-06-03 04:30:24','2026-06-03 04:30:24',NULL),(1728,864,15,0.00,70000.00,'2026-06-03 04:30:24','2026-06-03 04:30:24',NULL),(1729,865,14,90000.00,0.00,'2026-06-03 04:30:24','2026-06-03 04:30:24',23),(1730,865,38,0.00,90000.00,'2026-06-03 04:30:24','2026-06-03 04:30:24',23),(1731,866,14,90000.00,0.00,'2026-06-03 04:30:24','2026-06-03 04:30:24',23),(1732,866,38,0.00,90000.00,'2026-06-03 04:30:24','2026-06-03 04:30:24',23),(1733,867,85,70000.00,0.00,'2026-06-03 04:30:24','2026-06-03 04:30:24',NULL),(1734,867,15,0.00,70000.00,'2026-06-03 04:30:24','2026-06-03 04:30:24',NULL),(1735,868,14,90000.00,0.00,'2026-06-03 04:30:24','2026-06-03 04:30:24',23),(1736,868,38,0.00,90000.00,'2026-06-03 04:30:24','2026-06-03 04:30:24',23),(1737,869,14,90000.00,0.00,'2026-06-03 04:30:24','2026-06-03 04:30:24',23),(1738,869,38,0.00,90000.00,'2026-06-03 04:30:24','2026-06-03 04:30:24',23),(1739,870,85,70000.00,0.00,'2026-06-03 04:30:24','2026-06-03 04:30:24',NULL),(1740,870,15,0.00,70000.00,'2026-06-03 04:30:24','2026-06-03 04:30:24',NULL),(1741,871,14,90000.00,0.00,'2026-06-03 04:30:24','2026-06-03 04:30:24',23),(1742,871,38,0.00,90000.00,'2026-06-03 04:30:24','2026-06-03 04:30:24',23),(1743,872,14,90000.00,0.00,'2026-06-03 04:30:24','2026-06-03 04:30:24',23),(1744,872,38,0.00,90000.00,'2026-06-03 04:30:24','2026-06-03 04:30:24',23),(1745,873,85,70000.00,0.00,'2026-06-03 04:30:24','2026-06-03 04:30:24',NULL),(1746,873,15,0.00,70000.00,'2026-06-03 04:30:24','2026-06-03 04:30:24',NULL),(1747,874,14,90000.00,0.00,'2026-06-03 04:30:24','2026-06-03 04:30:24',23),(1748,874,38,0.00,90000.00,'2026-06-03 04:30:24','2026-06-03 04:30:24',23),(1749,875,14,90000.00,0.00,'2026-06-03 04:30:25','2026-06-03 04:30:25',23),(1750,875,38,0.00,90000.00,'2026-06-03 04:30:25','2026-06-03 04:30:25',23),(1751,876,85,70000.00,0.00,'2026-06-03 04:30:25','2026-06-03 04:30:25',NULL),(1752,876,15,0.00,70000.00,'2026-06-03 04:30:25','2026-06-03 04:30:25',NULL),(1753,877,14,90000.00,0.00,'2026-06-03 04:30:25','2026-06-03 04:30:25',23),(1754,877,38,0.00,90000.00,'2026-06-03 04:30:25','2026-06-03 04:30:25',23),(1755,878,14,90000.00,0.00,'2026-06-03 04:30:25','2026-06-03 04:30:25',23),(1756,878,38,0.00,90000.00,'2026-06-03 04:30:25','2026-06-03 04:30:25',23),(1757,879,85,70000.00,0.00,'2026-06-03 04:30:25','2026-06-03 04:30:25',NULL),(1758,879,15,0.00,70000.00,'2026-06-03 04:30:25','2026-06-03 04:30:25',NULL),(1759,880,14,90000.00,0.00,'2026-06-03 04:30:25','2026-06-03 04:30:25',23),(1760,880,38,0.00,90000.00,'2026-06-03 04:30:25','2026-06-03 04:30:25',23),(1761,881,14,90000.00,0.00,'2026-06-03 04:30:25','2026-06-03 04:30:25',23),(1762,881,38,0.00,90000.00,'2026-06-03 04:30:25','2026-06-03 04:30:25',23),(1763,882,85,70000.00,0.00,'2026-06-03 04:30:25','2026-06-03 04:30:25',NULL),(1764,882,15,0.00,70000.00,'2026-06-03 04:30:25','2026-06-03 04:30:25',NULL),(1765,883,14,75000.00,0.00,'2026-06-03 04:30:25','2026-06-03 04:30:25',29),(1766,883,38,0.00,75000.00,'2026-06-03 04:30:25','2026-06-03 04:30:25',29),(1767,884,14,75000.00,0.00,'2026-06-03 04:30:25','2026-06-03 04:30:25',29),(1768,884,38,0.00,75000.00,'2026-06-03 04:30:25','2026-06-03 04:30:25',29),(1769,885,14,75000.00,0.00,'2026-06-03 04:30:25','2026-06-03 04:30:25',29),(1770,885,38,0.00,75000.00,'2026-06-03 04:30:25','2026-06-03 04:30:25',29),(1771,886,14,75000.00,0.00,'2026-06-03 04:30:25','2026-06-03 04:30:25',29),(1772,886,38,0.00,75000.00,'2026-06-03 04:30:25','2026-06-03 04:30:25',29),(1773,887,14,75000.00,0.00,'2026-06-03 04:30:25','2026-06-03 04:30:25',29),(1774,887,38,0.00,75000.00,'2026-06-03 04:30:25','2026-06-03 04:30:25',29),(1775,888,14,75000.00,0.00,'2026-06-03 04:30:25','2026-06-03 04:30:25',29),(1776,888,38,0.00,75000.00,'2026-06-03 04:30:25','2026-06-03 04:30:25',29),(1777,889,14,75000.00,0.00,'2026-06-03 04:30:25','2026-06-03 04:30:25',29),(1778,889,38,0.00,75000.00,'2026-06-03 04:30:25','2026-06-03 04:30:25',29),(1779,890,14,75000.00,0.00,'2026-06-03 04:30:25','2026-06-03 04:30:25',29),(1780,890,38,0.00,75000.00,'2026-06-03 04:30:25','2026-06-03 04:30:25',29),(1781,891,85,60000.00,0.00,'2026-06-03 04:30:25','2026-06-03 04:30:25',NULL),(1782,891,15,0.00,60000.00,'2026-06-03 04:30:25','2026-06-03 04:30:25',NULL),(1783,892,14,75000.00,0.00,'2026-06-03 04:30:25','2026-06-03 04:30:25',29),(1784,892,38,0.00,75000.00,'2026-06-03 04:30:25','2026-06-03 04:30:25',29),(1785,893,14,75000.00,0.00,'2026-06-03 04:30:25','2026-06-03 04:30:25',29),(1786,893,38,0.00,75000.00,'2026-06-03 04:30:25','2026-06-03 04:30:25',29),(1787,894,14,75000.00,0.00,'2026-06-03 04:30:25','2026-06-03 04:30:25',29),(1788,894,38,0.00,75000.00,'2026-06-03 04:30:25','2026-06-03 04:30:25',29),(1789,895,14,75000.00,0.00,'2026-06-03 04:30:25','2026-06-03 04:30:25',29),(1790,895,38,0.00,75000.00,'2026-06-03 04:30:25','2026-06-03 04:30:25',29),(1791,896,14,75000.00,0.00,'2026-06-03 04:30:25','2026-06-03 04:30:25',29),(1792,896,38,0.00,75000.00,'2026-06-03 04:30:25','2026-06-03 04:30:25',29),(1793,897,14,75000.00,0.00,'2026-06-03 04:30:25','2026-06-03 04:30:25',29),(1794,897,38,0.00,75000.00,'2026-06-03 04:30:25','2026-06-03 04:30:25',29),(1795,898,14,75000.00,0.00,'2026-06-03 04:30:25','2026-06-03 04:30:25',29),(1796,898,38,0.00,75000.00,'2026-06-03 04:30:25','2026-06-03 04:30:25',29),(1797,899,14,75000.00,0.00,'2026-06-03 04:30:25','2026-06-03 04:30:25',29),(1798,899,38,0.00,75000.00,'2026-06-03 04:30:25','2026-06-03 04:30:25',29),(1799,900,85,60000.00,0.00,'2026-06-03 04:30:25','2026-06-03 04:30:25',NULL),(1800,900,15,0.00,60000.00,'2026-06-03 04:30:25','2026-06-03 04:30:25',NULL),(1801,901,14,75000.00,0.00,'2026-06-03 04:30:25','2026-06-03 04:30:25',29),(1802,901,38,0.00,75000.00,'2026-06-03 04:30:25','2026-06-03 04:30:25',29),(1803,902,14,75000.00,0.00,'2026-06-03 04:30:25','2026-06-03 04:30:25',29),(1804,902,38,0.00,75000.00,'2026-06-03 04:30:25','2026-06-03 04:30:25',29),(1805,903,14,75000.00,0.00,'2026-06-03 04:30:25','2026-06-03 04:30:25',29),(1806,903,38,0.00,75000.00,'2026-06-03 04:30:25','2026-06-03 04:30:25',29),(1807,904,14,75000.00,0.00,'2026-06-03 04:30:25','2026-06-03 04:30:25',29),(1808,904,38,0.00,75000.00,'2026-06-03 04:30:25','2026-06-03 04:30:25',29),(1809,905,14,75000.00,0.00,'2026-06-03 04:30:25','2026-06-03 04:30:25',29),(1810,905,38,0.00,75000.00,'2026-06-03 04:30:25','2026-06-03 04:30:25',29),(1811,906,14,75000.00,0.00,'2026-06-03 04:30:25','2026-06-03 04:30:25',29),(1812,906,38,0.00,75000.00,'2026-06-03 04:30:25','2026-06-03 04:30:25',29),(1813,907,14,75000.00,0.00,'2026-06-03 04:30:25','2026-06-03 04:30:25',29),(1814,907,38,0.00,75000.00,'2026-06-03 04:30:25','2026-06-03 04:30:25',29),(1815,908,14,75000.00,0.00,'2026-06-03 04:30:25','2026-06-03 04:30:25',29),(1816,908,38,0.00,75000.00,'2026-06-03 04:30:25','2026-06-03 04:30:25',29),(1817,909,85,60000.00,0.00,'2026-06-03 04:30:25','2026-06-03 04:30:25',NULL),(1818,909,15,0.00,60000.00,'2026-06-03 04:30:25','2026-06-03 04:30:25',NULL),(1819,910,14,75000.00,0.00,'2026-06-03 04:30:25','2026-06-03 04:30:25',29),(1820,910,38,0.00,75000.00,'2026-06-03 04:30:25','2026-06-03 04:30:25',29),(1821,911,14,75000.00,0.00,'2026-06-03 04:30:25','2026-06-03 04:30:25',29),(1822,911,38,0.00,75000.00,'2026-06-03 04:30:25','2026-06-03 04:30:25',29),(1823,912,14,75000.00,0.00,'2026-06-03 04:30:25','2026-06-03 04:30:25',29),(1824,912,38,0.00,75000.00,'2026-06-03 04:30:25','2026-06-03 04:30:25',29),(1825,913,14,75000.00,0.00,'2026-06-03 04:30:25','2026-06-03 04:30:25',29),(1826,913,38,0.00,75000.00,'2026-06-03 04:30:25','2026-06-03 04:30:25',29),(1827,914,14,75000.00,0.00,'2026-06-03 04:30:25','2026-06-03 04:30:25',29),(1828,914,38,0.00,75000.00,'2026-06-03 04:30:25','2026-06-03 04:30:25',29),(1829,915,14,75000.00,0.00,'2026-06-03 04:30:25','2026-06-03 04:30:25',29),(1830,915,38,0.00,75000.00,'2026-06-03 04:30:25','2026-06-03 04:30:25',29),(1831,916,14,75000.00,0.00,'2026-06-03 04:30:25','2026-06-03 04:30:25',29),(1832,916,38,0.00,75000.00,'2026-06-03 04:30:25','2026-06-03 04:30:25',29),(1833,917,14,75000.00,0.00,'2026-06-03 04:30:25','2026-06-03 04:30:25',29),(1834,917,38,0.00,75000.00,'2026-06-03 04:30:25','2026-06-03 04:30:25',29),(1835,918,85,60000.00,0.00,'2026-06-03 04:30:25','2026-06-03 04:30:25',NULL),(1836,918,15,0.00,60000.00,'2026-06-03 04:30:25','2026-06-03 04:30:25',NULL),(1837,919,14,75000.00,0.00,'2026-06-03 04:30:25','2026-06-03 04:30:25',29),(1838,919,38,0.00,75000.00,'2026-06-03 04:30:25','2026-06-03 04:30:25',29),(1839,920,14,75000.00,0.00,'2026-06-03 04:30:25','2026-06-03 04:30:25',29),(1840,920,38,0.00,75000.00,'2026-06-03 04:30:25','2026-06-03 04:30:25',29),(1841,921,14,75000.00,0.00,'2026-06-03 04:30:25','2026-06-03 04:30:25',29),(1842,921,38,0.00,75000.00,'2026-06-03 04:30:25','2026-06-03 04:30:25',29),(1843,922,14,75000.00,0.00,'2026-06-03 04:30:25','2026-06-03 04:30:25',29),(1844,922,38,0.00,75000.00,'2026-06-03 04:30:25','2026-06-03 04:30:25',29),(1845,923,14,75000.00,0.00,'2026-06-03 04:30:25','2026-06-03 04:30:25',29),(1846,923,38,0.00,75000.00,'2026-06-03 04:30:25','2026-06-03 04:30:25',29),(1847,924,14,75000.00,0.00,'2026-06-03 04:30:25','2026-06-03 04:30:25',29),(1848,924,38,0.00,75000.00,'2026-06-03 04:30:25','2026-06-03 04:30:25',29),(1849,925,14,75000.00,0.00,'2026-06-03 04:30:25','2026-06-03 04:30:25',29),(1850,925,38,0.00,75000.00,'2026-06-03 04:30:25','2026-06-03 04:30:25',29),(1851,926,14,75000.00,0.00,'2026-06-03 04:30:25','2026-06-03 04:30:25',29),(1852,926,38,0.00,75000.00,'2026-06-03 04:30:25','2026-06-03 04:30:25',29),(1853,927,85,60000.00,0.00,'2026-06-03 04:30:25','2026-06-03 04:30:25',NULL),(1854,927,15,0.00,60000.00,'2026-06-03 04:30:25','2026-06-03 04:30:25',NULL),(1855,928,14,75000.00,0.00,'2026-06-03 04:30:25','2026-06-03 04:30:25',29),(1856,928,38,0.00,75000.00,'2026-06-03 04:30:25','2026-06-03 04:30:25',29),(1857,929,14,75000.00,0.00,'2026-06-03 04:30:25','2026-06-03 04:30:25',29),(1858,929,38,0.00,75000.00,'2026-06-03 04:30:25','2026-06-03 04:30:25',29),(1859,930,14,75000.00,0.00,'2026-06-03 04:30:25','2026-06-03 04:30:25',29),(1860,930,38,0.00,75000.00,'2026-06-03 04:30:25','2026-06-03 04:30:25',29),(1861,931,14,75000.00,0.00,'2026-06-03 04:30:25','2026-06-03 04:30:25',29),(1862,931,38,0.00,75000.00,'2026-06-03 04:30:25','2026-06-03 04:30:25',29),(1863,932,14,75000.00,0.00,'2026-06-03 04:30:25','2026-06-03 04:30:25',29),(1864,932,38,0.00,75000.00,'2026-06-03 04:30:25','2026-06-03 04:30:25',29),(1865,933,14,75000.00,0.00,'2026-06-03 04:30:25','2026-06-03 04:30:25',29),(1866,933,38,0.00,75000.00,'2026-06-03 04:30:25','2026-06-03 04:30:25',29),(1867,934,14,75000.00,0.00,'2026-06-03 04:30:25','2026-06-03 04:30:25',29),(1868,934,38,0.00,75000.00,'2026-06-03 04:30:25','2026-06-03 04:30:25',29),(1869,935,14,75000.00,0.00,'2026-06-03 04:30:25','2026-06-03 04:30:25',29),(1870,935,38,0.00,75000.00,'2026-06-03 04:30:25','2026-06-03 04:30:25',29),(1871,936,85,60000.00,0.00,'2026-06-03 04:30:25','2026-06-03 04:30:25',NULL),(1872,936,15,0.00,60000.00,'2026-06-03 04:30:25','2026-06-03 04:30:25',NULL),(1873,937,14,75000.00,0.00,'2026-06-03 04:30:25','2026-06-03 04:30:25',29),(1874,937,38,0.00,75000.00,'2026-06-03 04:30:25','2026-06-03 04:30:25',29),(1875,938,14,75000.00,0.00,'2026-06-03 04:30:25','2026-06-03 04:30:25',29),(1876,938,38,0.00,75000.00,'2026-06-03 04:30:25','2026-06-03 04:30:25',29),(1877,939,14,75000.00,0.00,'2026-06-03 04:30:25','2026-06-03 04:30:25',29),(1878,939,38,0.00,75000.00,'2026-06-03 04:30:25','2026-06-03 04:30:25',29),(1879,940,14,75000.00,0.00,'2026-06-03 04:30:25','2026-06-03 04:30:25',29),(1880,940,38,0.00,75000.00,'2026-06-03 04:30:25','2026-06-03 04:30:25',29),(1881,941,14,75000.00,0.00,'2026-06-03 04:30:25','2026-06-03 04:30:25',29),(1882,941,38,0.00,75000.00,'2026-06-03 04:30:25','2026-06-03 04:30:25',29),(1883,942,14,75000.00,0.00,'2026-06-03 04:30:25','2026-06-03 04:30:25',29),(1884,942,38,0.00,75000.00,'2026-06-03 04:30:25','2026-06-03 04:30:25',29),(1885,943,14,75000.00,0.00,'2026-06-03 04:30:25','2026-06-03 04:30:25',29),(1886,943,38,0.00,75000.00,'2026-06-03 04:30:25','2026-06-03 04:30:25',29),(1887,944,14,75000.00,0.00,'2026-06-03 04:30:26','2026-06-03 04:30:26',29),(1888,944,38,0.00,75000.00,'2026-06-03 04:30:26','2026-06-03 04:30:26',29),(1889,945,85,60000.00,0.00,'2026-06-03 04:30:26','2026-06-03 04:30:26',NULL),(1890,945,15,0.00,60000.00,'2026-06-03 04:30:26','2026-06-03 04:30:26',NULL),(1891,946,14,75000.00,0.00,'2026-06-03 04:30:26','2026-06-03 04:30:26',29),(1892,946,38,0.00,75000.00,'2026-06-03 04:30:26','2026-06-03 04:30:26',29),(1893,947,14,75000.00,0.00,'2026-06-03 04:30:26','2026-06-03 04:30:26',29),(1894,947,38,0.00,75000.00,'2026-06-03 04:30:26','2026-06-03 04:30:26',29),(1895,948,14,75000.00,0.00,'2026-06-03 04:30:26','2026-06-03 04:30:26',29),(1896,948,38,0.00,75000.00,'2026-06-03 04:30:26','2026-06-03 04:30:26',29),(1897,949,14,75000.00,0.00,'2026-06-03 04:30:26','2026-06-03 04:30:26',29),(1898,949,38,0.00,75000.00,'2026-06-03 04:30:26','2026-06-03 04:30:26',29),(1899,950,14,75000.00,0.00,'2026-06-03 04:30:26','2026-06-03 04:30:26',29),(1900,950,38,0.00,75000.00,'2026-06-03 04:30:26','2026-06-03 04:30:26',29),(1901,951,14,75000.00,0.00,'2026-06-03 04:30:26','2026-06-03 04:30:26',29),(1902,951,38,0.00,75000.00,'2026-06-03 04:30:26','2026-06-03 04:30:26',29),(1903,952,14,75000.00,0.00,'2026-06-03 04:30:26','2026-06-03 04:30:26',29),(1904,952,38,0.00,75000.00,'2026-06-03 04:30:26','2026-06-03 04:30:26',29),(1905,953,14,75000.00,0.00,'2026-06-03 04:30:26','2026-06-03 04:30:26',29),(1906,953,38,0.00,75000.00,'2026-06-03 04:30:26','2026-06-03 04:30:26',29),(1907,954,85,60000.00,0.00,'2026-06-03 04:30:26','2026-06-03 04:30:26',NULL),(1908,954,15,0.00,60000.00,'2026-06-03 04:30:26','2026-06-03 04:30:26',NULL),(1909,955,14,75000.00,0.00,'2026-06-03 04:30:26','2026-06-03 04:30:26',29),(1910,955,38,0.00,75000.00,'2026-06-03 04:30:26','2026-06-03 04:30:26',29),(1911,956,14,75000.00,0.00,'2026-06-03 04:30:26','2026-06-03 04:30:26',29),(1912,956,38,0.00,75000.00,'2026-06-03 04:30:26','2026-06-03 04:30:26',29),(1913,957,14,75000.00,0.00,'2026-06-03 04:30:26','2026-06-03 04:30:26',29),(1914,957,38,0.00,75000.00,'2026-06-03 04:30:26','2026-06-03 04:30:26',29),(1915,958,14,75000.00,0.00,'2026-06-03 04:30:26','2026-06-03 04:30:26',29),(1916,958,38,0.00,75000.00,'2026-06-03 04:30:26','2026-06-03 04:30:26',29),(1917,959,14,75000.00,0.00,'2026-06-03 04:30:26','2026-06-03 04:30:26',29),(1918,959,38,0.00,75000.00,'2026-06-03 04:30:26','2026-06-03 04:30:26',29),(1919,960,14,75000.00,0.00,'2026-06-03 04:30:26','2026-06-03 04:30:26',29),(1920,960,38,0.00,75000.00,'2026-06-03 04:30:26','2026-06-03 04:30:26',29),(1921,961,14,75000.00,0.00,'2026-06-03 04:30:26','2026-06-03 04:30:26',29),(1922,961,38,0.00,75000.00,'2026-06-03 04:30:26','2026-06-03 04:30:26',29),(1923,962,14,75000.00,0.00,'2026-06-03 04:30:26','2026-06-03 04:30:26',29),(1924,962,38,0.00,75000.00,'2026-06-03 04:30:26','2026-06-03 04:30:26',29),(1925,963,85,60000.00,0.00,'2026-06-03 04:30:26','2026-06-03 04:30:26',NULL),(1926,963,15,0.00,60000.00,'2026-06-03 04:30:26','2026-06-03 04:30:26',NULL),(1927,964,14,75000.00,0.00,'2026-06-03 04:30:26','2026-06-03 04:30:26',29),(1928,964,38,0.00,75000.00,'2026-06-03 04:30:26','2026-06-03 04:30:26',29),(1929,965,14,75000.00,0.00,'2026-06-03 04:30:26','2026-06-03 04:30:26',29),(1930,965,38,0.00,75000.00,'2026-06-03 04:30:26','2026-06-03 04:30:26',29),(1931,966,14,75000.00,0.00,'2026-06-03 04:30:26','2026-06-03 04:30:26',29),(1932,966,38,0.00,75000.00,'2026-06-03 04:30:26','2026-06-03 04:30:26',29),(1933,967,14,75000.00,0.00,'2026-06-03 04:30:26','2026-06-03 04:30:26',29),(1934,967,38,0.00,75000.00,'2026-06-03 04:30:26','2026-06-03 04:30:26',29),(1935,968,14,75000.00,0.00,'2026-06-03 04:30:26','2026-06-03 04:30:26',29),(1936,968,38,0.00,75000.00,'2026-06-03 04:30:26','2026-06-03 04:30:26',29),(1937,969,14,75000.00,0.00,'2026-06-03 04:30:26','2026-06-03 04:30:26',29),(1938,969,38,0.00,75000.00,'2026-06-03 04:30:26','2026-06-03 04:30:26',29),(1939,970,85,50000.00,0.00,'2026-06-03 04:30:26','2026-06-03 04:30:26',NULL),(1940,970,15,0.00,50000.00,'2026-06-03 04:30:26','2026-06-03 04:30:26',NULL),(1941,971,14,75000.00,0.00,'2026-06-03 04:30:26','2026-06-03 04:30:26',29),(1942,971,38,0.00,75000.00,'2026-06-03 04:30:26','2026-06-03 04:30:26',29),(1943,972,14,75000.00,0.00,'2026-06-03 04:30:26','2026-06-03 04:30:26',29),(1944,972,38,0.00,75000.00,'2026-06-03 04:30:26','2026-06-03 04:30:26',29),(1945,973,14,75000.00,0.00,'2026-06-03 04:30:26','2026-06-03 04:30:26',29),(1946,973,38,0.00,75000.00,'2026-06-03 04:30:26','2026-06-03 04:30:26',29),(1947,974,14,75000.00,0.00,'2026-06-03 04:30:26','2026-06-03 04:30:26',29),(1948,974,38,0.00,75000.00,'2026-06-03 04:30:26','2026-06-03 04:30:26',29),(1949,975,14,75000.00,0.00,'2026-06-03 04:30:26','2026-06-03 04:30:26',29),(1950,975,38,0.00,75000.00,'2026-06-03 04:30:26','2026-06-03 04:30:26',29),(1951,976,14,75000.00,0.00,'2026-06-03 04:30:26','2026-06-03 04:30:26',29),(1952,976,38,0.00,75000.00,'2026-06-03 04:30:26','2026-06-03 04:30:26',29),(1953,977,85,50000.00,0.00,'2026-06-03 04:30:26','2026-06-03 04:30:26',NULL),(1954,977,15,0.00,50000.00,'2026-06-03 04:30:26','2026-06-03 04:30:26',NULL),(1955,978,14,75000.00,0.00,'2026-06-03 04:30:26','2026-06-03 04:30:26',29),(1956,978,38,0.00,75000.00,'2026-06-03 04:30:26','2026-06-03 04:30:26',29),(1957,979,14,75000.00,0.00,'2026-06-03 04:30:26','2026-06-03 04:30:26',29),(1958,979,38,0.00,75000.00,'2026-06-03 04:30:26','2026-06-03 04:30:26',29),(1959,980,14,75000.00,0.00,'2026-06-03 04:30:26','2026-06-03 04:30:26',29),(1960,980,38,0.00,75000.00,'2026-06-03 04:30:26','2026-06-03 04:30:26',29),(1961,981,14,75000.00,0.00,'2026-06-03 04:30:26','2026-06-03 04:30:26',29),(1962,981,38,0.00,75000.00,'2026-06-03 04:30:26','2026-06-03 04:30:26',29),(1963,982,14,75000.00,0.00,'2026-06-03 04:30:26','2026-06-03 04:30:26',29),(1964,982,38,0.00,75000.00,'2026-06-03 04:30:26','2026-06-03 04:30:26',29),(1965,983,14,75000.00,0.00,'2026-06-03 04:30:26','2026-06-03 04:30:26',29),(1966,983,38,0.00,75000.00,'2026-06-03 04:30:26','2026-06-03 04:30:26',29),(1967,984,85,50000.00,0.00,'2026-06-03 04:30:26','2026-06-03 04:30:26',NULL),(1968,984,15,0.00,50000.00,'2026-06-03 04:30:26','2026-06-03 04:30:26',NULL),(1969,985,14,75000.00,0.00,'2026-06-03 04:30:26','2026-06-03 04:30:26',29),(1970,985,38,0.00,75000.00,'2026-06-03 04:30:26','2026-06-03 04:30:26',29),(1971,986,14,75000.00,0.00,'2026-06-03 04:30:26','2026-06-03 04:30:26',29),(1972,986,38,0.00,75000.00,'2026-06-03 04:30:26','2026-06-03 04:30:26',29),(1973,987,14,75000.00,0.00,'2026-06-03 04:30:26','2026-06-03 04:30:26',29),(1974,987,38,0.00,75000.00,'2026-06-03 04:30:26','2026-06-03 04:30:26',29),(1975,988,14,75000.00,0.00,'2026-06-03 04:30:26','2026-06-03 04:30:26',29),(1976,988,38,0.00,75000.00,'2026-06-03 04:30:26','2026-06-03 04:30:26',29),(1977,989,14,75000.00,0.00,'2026-06-03 04:30:26','2026-06-03 04:30:26',29),(1978,989,38,0.00,75000.00,'2026-06-03 04:30:26','2026-06-03 04:30:26',29),(1979,990,14,75000.00,0.00,'2026-06-03 04:30:26','2026-06-03 04:30:26',29),(1980,990,38,0.00,75000.00,'2026-06-03 04:30:26','2026-06-03 04:30:26',29),(1981,991,85,50000.00,0.00,'2026-06-03 04:30:26','2026-06-03 04:30:26',NULL),(1982,991,15,0.00,50000.00,'2026-06-03 04:30:26','2026-06-03 04:30:26',NULL),(1983,992,14,75000.00,0.00,'2026-06-03 04:30:26','2026-06-03 04:30:26',29),(1984,992,38,0.00,75000.00,'2026-06-03 04:30:26','2026-06-03 04:30:26',29),(1985,993,14,75000.00,0.00,'2026-06-03 04:30:26','2026-06-03 04:30:26',29),(1986,993,38,0.00,75000.00,'2026-06-03 04:30:26','2026-06-03 04:30:26',29),(1987,994,14,75000.00,0.00,'2026-06-03 04:30:26','2026-06-03 04:30:26',29),(1988,994,38,0.00,75000.00,'2026-06-03 04:30:26','2026-06-03 04:30:26',29),(1989,995,14,75000.00,0.00,'2026-06-03 04:30:26','2026-06-03 04:30:26',29),(1990,995,38,0.00,75000.00,'2026-06-03 04:30:26','2026-06-03 04:30:26',29),(1991,996,14,75000.00,0.00,'2026-06-03 04:30:26','2026-06-03 04:30:26',29),(1992,996,38,0.00,75000.00,'2026-06-03 04:30:26','2026-06-03 04:30:26',29),(1993,997,14,75000.00,0.00,'2026-06-03 04:30:26','2026-06-03 04:30:26',29),(1994,997,38,0.00,75000.00,'2026-06-03 04:30:26','2026-06-03 04:30:26',29),(1995,998,85,50000.00,0.00,'2026-06-03 04:30:26','2026-06-03 04:30:26',NULL),(1996,998,15,0.00,50000.00,'2026-06-03 04:30:26','2026-06-03 04:30:26',NULL),(1997,999,14,75000.00,0.00,'2026-06-03 04:30:26','2026-06-03 04:30:26',29),(1998,999,38,0.00,75000.00,'2026-06-03 04:30:26','2026-06-03 04:30:26',29),(1999,1000,14,75000.00,0.00,'2026-06-03 04:30:26','2026-06-03 04:30:26',29),(2000,1000,38,0.00,75000.00,'2026-06-03 04:30:26','2026-06-03 04:30:26',29),(2001,1001,14,75000.00,0.00,'2026-06-03 04:30:26','2026-06-03 04:30:26',29),(2002,1001,38,0.00,75000.00,'2026-06-03 04:30:26','2026-06-03 04:30:26',29),(2003,1002,14,75000.00,0.00,'2026-06-03 04:30:26','2026-06-03 04:30:26',29),(2004,1002,38,0.00,75000.00,'2026-06-03 04:30:26','2026-06-03 04:30:26',29),(2005,1003,14,75000.00,0.00,'2026-06-03 04:30:26','2026-06-03 04:30:26',29),(2006,1003,38,0.00,75000.00,'2026-06-03 04:30:26','2026-06-03 04:30:26',29),(2007,1004,14,75000.00,0.00,'2026-06-03 04:30:26','2026-06-03 04:30:26',29),(2008,1004,38,0.00,75000.00,'2026-06-03 04:30:26','2026-06-03 04:30:26',29),(2009,1005,85,50000.00,0.00,'2026-06-03 04:30:26','2026-06-03 04:30:26',NULL),(2010,1005,15,0.00,50000.00,'2026-06-03 04:30:26','2026-06-03 04:30:26',NULL),(2011,1006,14,75000.00,0.00,'2026-06-03 04:30:26','2026-06-03 04:30:26',29),(2012,1006,38,0.00,75000.00,'2026-06-03 04:30:26','2026-06-03 04:30:26',29),(2013,1007,14,75000.00,0.00,'2026-06-03 04:30:26','2026-06-03 04:30:26',29),(2014,1007,38,0.00,75000.00,'2026-06-03 04:30:26','2026-06-03 04:30:26',29),(2015,1008,14,75000.00,0.00,'2026-06-03 04:30:26','2026-06-03 04:30:26',29),(2016,1008,38,0.00,75000.00,'2026-06-03 04:30:26','2026-06-03 04:30:26',29),(2017,1009,14,75000.00,0.00,'2026-06-03 04:30:26','2026-06-03 04:30:26',29),(2018,1009,38,0.00,75000.00,'2026-06-03 04:30:26','2026-06-03 04:30:26',29),(2019,1010,14,75000.00,0.00,'2026-06-03 04:30:27','2026-06-03 04:30:27',29),(2020,1010,38,0.00,75000.00,'2026-06-03 04:30:27','2026-06-03 04:30:27',29),(2021,1011,14,75000.00,0.00,'2026-06-03 04:30:27','2026-06-03 04:30:27',29),(2022,1011,38,0.00,75000.00,'2026-06-03 04:30:27','2026-06-03 04:30:27',29),(2023,1012,85,50000.00,0.00,'2026-06-03 04:30:27','2026-06-03 04:30:27',NULL),(2024,1012,15,0.00,50000.00,'2026-06-03 04:30:27','2026-06-03 04:30:27',NULL),(2025,1013,14,75000.00,0.00,'2026-06-03 04:30:27','2026-06-03 04:30:27',30),(2026,1013,38,0.00,75000.00,'2026-06-03 04:30:27','2026-06-03 04:30:27',30),(2027,1014,14,75000.00,0.00,'2026-06-03 04:30:27','2026-06-03 04:30:27',30),(2028,1014,38,0.00,75000.00,'2026-06-03 04:30:27','2026-06-03 04:30:27',30),(2029,1015,14,75000.00,0.00,'2026-06-03 04:30:27','2026-06-03 04:30:27',30),(2030,1015,38,0.00,75000.00,'2026-06-03 04:30:27','2026-06-03 04:30:27',30),(2031,1016,14,75000.00,0.00,'2026-06-03 04:30:27','2026-06-03 04:30:27',30),(2032,1016,38,0.00,75000.00,'2026-06-03 04:30:27','2026-06-03 04:30:27',30),(2033,1017,14,75000.00,0.00,'2026-06-03 04:30:27','2026-06-03 04:30:27',30),(2034,1017,38,0.00,75000.00,'2026-06-03 04:30:27','2026-06-03 04:30:27',30),(2035,1018,85,60000.00,0.00,'2026-06-03 04:30:27','2026-06-03 04:30:27',NULL),(2036,1018,15,0.00,60000.00,'2026-06-03 04:30:27','2026-06-03 04:30:27',NULL),(2037,1019,14,75000.00,0.00,'2026-06-03 04:30:27','2026-06-03 04:30:27',30),(2038,1019,38,0.00,75000.00,'2026-06-03 04:30:27','2026-06-03 04:30:27',30),(2039,1020,14,75000.00,0.00,'2026-06-03 04:30:27','2026-06-03 04:30:27',30),(2040,1020,38,0.00,75000.00,'2026-06-03 04:30:27','2026-06-03 04:30:27',30),(2041,1021,14,75000.00,0.00,'2026-06-03 04:30:27','2026-06-03 04:30:27',30),(2042,1021,38,0.00,75000.00,'2026-06-03 04:30:27','2026-06-03 04:30:27',30),(2043,1022,14,75000.00,0.00,'2026-06-03 04:30:27','2026-06-03 04:30:27',30),(2044,1022,38,0.00,75000.00,'2026-06-03 04:30:27','2026-06-03 04:30:27',30),(2045,1023,14,75000.00,0.00,'2026-06-03 04:30:27','2026-06-03 04:30:27',30),(2046,1023,38,0.00,75000.00,'2026-06-03 04:30:27','2026-06-03 04:30:27',30),(2047,1024,14,75000.00,0.00,'2026-06-03 04:30:27','2026-06-03 04:30:27',30),(2048,1024,38,0.00,75000.00,'2026-06-03 04:30:27','2026-06-03 04:30:27',30),(2049,1025,14,75000.00,0.00,'2026-06-03 04:30:27','2026-06-03 04:30:27',30),(2050,1025,38,0.00,75000.00,'2026-06-03 04:30:27','2026-06-03 04:30:27',30),(2051,1026,85,60000.00,0.00,'2026-06-03 04:30:27','2026-06-03 04:30:27',NULL),(2052,1026,15,0.00,60000.00,'2026-06-03 04:30:27','2026-06-03 04:30:27',NULL),(2053,1027,14,75000.00,0.00,'2026-06-03 04:30:27','2026-06-03 04:30:27',30),(2054,1027,38,0.00,75000.00,'2026-06-03 04:30:27','2026-06-03 04:30:27',30),(2055,1028,14,75000.00,0.00,'2026-06-03 04:30:27','2026-06-03 04:30:27',30),(2056,1028,38,0.00,75000.00,'2026-06-03 04:30:27','2026-06-03 04:30:27',30),(2057,1029,14,75000.00,0.00,'2026-06-03 04:30:27','2026-06-03 04:30:27',30),(2058,1029,38,0.00,75000.00,'2026-06-03 04:30:27','2026-06-03 04:30:27',30),(2059,1030,14,75000.00,0.00,'2026-06-03 04:30:27','2026-06-03 04:30:27',30),(2060,1030,38,0.00,75000.00,'2026-06-03 04:30:27','2026-06-03 04:30:27',30),(2061,1031,14,75000.00,0.00,'2026-06-03 04:30:27','2026-06-03 04:30:27',30),(2062,1031,38,0.00,75000.00,'2026-06-03 04:30:27','2026-06-03 04:30:27',30),(2063,1032,14,75000.00,0.00,'2026-06-03 04:30:27','2026-06-03 04:30:27',30),(2064,1032,38,0.00,75000.00,'2026-06-03 04:30:27','2026-06-03 04:30:27',30),(2065,1033,14,75000.00,0.00,'2026-06-03 04:30:27','2026-06-03 04:30:27',30),(2066,1033,38,0.00,75000.00,'2026-06-03 04:30:27','2026-06-03 04:30:27',30),(2067,1034,85,60000.00,0.00,'2026-06-03 04:30:27','2026-06-03 04:30:27',NULL),(2068,1034,15,0.00,60000.00,'2026-06-03 04:30:27','2026-06-03 04:30:27',NULL),(2069,1035,2,600000.00,0.00,'2026-06-03 04:30:27','2026-06-03 04:30:27',9),(2070,1035,14,0.00,600000.00,'2026-06-03 04:30:27','2026-06-03 04:30:27',9),(2071,1036,2,600000.00,0.00,'2026-06-03 04:30:27','2026-06-03 04:30:27',9),(2072,1036,14,0.00,600000.00,'2026-06-03 04:30:27','2026-06-03 04:30:27',9),(2073,1037,2,600000.00,0.00,'2026-06-03 04:30:27','2026-06-03 04:30:27',9),(2074,1037,14,0.00,600000.00,'2026-06-03 04:30:27','2026-06-03 04:30:27',9),(2075,1038,1,550000.00,0.00,'2026-06-03 04:30:27','2026-06-03 04:30:27',13),(2076,1038,14,0.00,550000.00,'2026-06-03 04:30:27','2026-06-03 04:30:27',13),(2077,1039,1,550000.00,0.00,'2026-06-03 04:30:27','2026-06-03 04:30:27',13),(2078,1039,14,0.00,550000.00,'2026-06-03 04:30:27','2026-06-03 04:30:27',13),(2079,1040,1,550000.00,0.00,'2026-06-03 04:30:27','2026-06-03 04:30:27',13),(2080,1040,14,0.00,550000.00,'2026-06-03 04:30:27','2026-06-03 04:30:27',13),(2081,1041,1,550000.00,0.00,'2026-06-03 04:30:27','2026-06-03 04:30:27',13),(2082,1041,14,0.00,550000.00,'2026-06-03 04:30:27','2026-06-03 04:30:27',13),(2083,1042,1,375000.00,0.00,'2026-06-03 04:30:27','2026-06-03 04:30:27',1),(2084,1042,14,0.00,375000.00,'2026-06-03 04:30:27','2026-06-03 04:30:27',1),(2085,1043,1,375000.00,0.00,'2026-06-03 04:30:27','2026-06-03 04:30:27',1),(2086,1043,14,0.00,375000.00,'2026-06-03 04:30:27','2026-06-03 04:30:27',1),(2087,1044,1,300000.00,0.00,'2026-06-03 04:30:27','2026-06-03 04:30:27',2),(2088,1044,14,0.00,300000.00,'2026-06-03 04:30:27','2026-06-03 04:30:27',2),(2089,1045,1,300000.00,0.00,'2026-06-03 04:30:27','2026-06-03 04:30:27',2),(2090,1045,14,0.00,300000.00,'2026-06-03 04:30:27','2026-06-03 04:30:27',2),(2091,1046,1,300000.00,0.00,'2026-06-03 04:30:27','2026-06-03 04:30:27',2),(2092,1046,14,0.00,300000.00,'2026-06-03 04:30:27','2026-06-03 04:30:27',2),(2093,1047,1,300000.00,0.00,'2026-06-03 04:30:27','2026-06-03 04:30:27',2),(2094,1047,14,0.00,300000.00,'2026-06-03 04:30:27','2026-06-03 04:30:27',2),(2095,1048,1,600000.00,0.00,'2026-06-03 04:30:27','2026-06-03 04:30:27',12),(2096,1048,14,0.00,600000.00,'2026-06-03 04:30:27','2026-06-03 04:30:27',12),(2097,1049,1,600000.00,0.00,'2026-06-03 04:30:27','2026-06-03 04:30:27',12),(2098,1049,14,0.00,600000.00,'2026-06-03 04:30:27','2026-06-03 04:30:27',12),(2099,1050,2,300000.00,0.00,'2026-06-03 04:30:27','2026-06-03 04:30:27',12),(2100,1050,14,0.00,300000.00,'2026-06-03 04:30:27','2026-06-03 04:30:27',12),(2101,1051,2,300000.00,0.00,'2026-06-03 04:30:27','2026-06-03 04:30:27',12),(2102,1051,14,0.00,300000.00,'2026-06-03 04:30:27','2026-06-03 04:30:27',12),(2103,1052,2,300000.00,0.00,'2026-06-03 04:30:27','2026-06-03 04:30:27',12),(2104,1052,14,0.00,300000.00,'2026-06-03 04:30:27','2026-06-03 04:30:27',12),(2105,1053,1,600000.00,0.00,'2026-06-03 04:30:27','2026-06-03 04:30:27',12),(2106,1053,14,0.00,600000.00,'2026-06-03 04:30:27','2026-06-03 04:30:27',12),(2107,1054,1,600000.00,0.00,'2026-06-03 04:30:27','2026-06-03 04:30:27',12),(2108,1054,14,0.00,600000.00,'2026-06-03 04:30:27','2026-06-03 04:30:27',12),(2109,1055,2,700000.00,0.00,'2026-06-03 04:30:27','2026-06-03 04:30:27',11),(2110,1055,14,0.00,700000.00,'2026-06-03 04:30:27','2026-06-03 04:30:27',11),(2111,1056,2,700000.00,0.00,'2026-06-03 04:30:27','2026-06-03 04:30:27',11),(2112,1056,14,0.00,700000.00,'2026-06-03 04:30:27','2026-06-03 04:30:27',11),(2113,1057,2,700000.00,0.00,'2026-06-03 04:30:27','2026-06-03 04:30:27',11),(2114,1057,14,0.00,700000.00,'2026-06-03 04:30:27','2026-06-03 04:30:27',11),(2115,1058,2,700000.00,0.00,'2026-06-03 04:30:27','2026-06-03 04:30:27',11),(2116,1058,14,0.00,700000.00,'2026-06-03 04:30:27','2026-06-03 04:30:27',11),(2117,1059,2,475000.00,0.00,'2026-06-03 04:30:27','2026-06-03 04:30:27',20),(2118,1059,14,0.00,475000.00,'2026-06-03 04:30:27','2026-06-03 04:30:27',20),(2119,1060,2,475000.00,0.00,'2026-06-03 04:30:27','2026-06-03 04:30:27',20),(2120,1060,14,0.00,475000.00,'2026-06-03 04:30:27','2026-06-03 04:30:27',20),(2121,1061,2,217000.00,0.00,'2026-06-03 04:30:27','2026-06-03 04:30:27',26),(2122,1061,14,0.00,217000.00,'2026-06-03 04:30:27','2026-06-03 04:30:27',26),(2123,1062,2,217000.00,0.00,'2026-06-03 04:30:27','2026-06-03 04:30:27',26),(2124,1062,14,0.00,217000.00,'2026-06-03 04:30:27','2026-06-03 04:30:27',26),(2125,1063,2,450000.00,0.00,'2026-06-03 04:30:27','2026-06-03 04:30:27',29),(2126,1063,14,0.00,450000.00,'2026-06-03 04:30:27','2026-06-03 04:30:27',29),(2127,1064,2,450000.00,0.00,'2026-06-03 04:30:27','2026-06-03 04:30:27',29),(2128,1064,14,0.00,450000.00,'2026-06-03 04:30:27','2026-06-03 04:30:27',29),(2129,1065,1,450000.00,0.00,'2026-06-03 04:30:27','2026-06-03 04:30:27',29),(2130,1065,14,0.00,450000.00,'2026-06-03 04:30:27','2026-06-03 04:30:27',29),(2131,1066,1,450000.00,0.00,'2026-06-03 04:30:27','2026-06-03 04:30:27',29),(2132,1066,14,0.00,450000.00,'2026-06-03 04:30:27','2026-06-03 04:30:27',29),(2133,1067,1,450000.00,0.00,'2026-06-03 04:30:27','2026-06-03 04:30:27',29),(2134,1067,14,0.00,450000.00,'2026-06-03 04:30:27','2026-06-03 04:30:27',29),(2135,1068,1,450000.00,0.00,'2026-06-03 04:30:27','2026-06-03 04:30:27',29),(2136,1068,14,0.00,450000.00,'2026-06-03 04:30:27','2026-06-03 04:30:27',29),(2137,1069,1,450000.00,0.00,'2026-06-03 04:30:28','2026-06-03 04:30:28',29),(2138,1069,14,0.00,450000.00,'2026-06-03 04:30:28','2026-06-03 04:30:28',29),(2139,1070,1,900000.00,0.00,'2026-06-03 04:30:28','2026-06-03 04:30:28',29),(2140,1070,14,0.00,900000.00,'2026-06-03 04:30:28','2026-06-03 04:30:28',29),(2141,1071,1,600000.00,0.00,'2026-06-03 04:30:28','2026-06-03 04:30:28',29),(2142,1071,14,0.00,600000.00,'2026-06-03 04:30:28','2026-06-03 04:30:28',29),(2143,1072,1,600000.00,0.00,'2026-06-03 04:30:28','2026-06-03 04:30:28',29),(2144,1072,14,0.00,600000.00,'2026-06-03 04:30:28','2026-06-03 04:30:28',29),(2145,1073,1,500000.00,0.00,'2026-06-03 04:30:28','2026-06-03 04:30:28',30),(2146,1073,14,0.00,500000.00,'2026-06-03 04:30:28','2026-06-03 04:30:28',30),(2147,1074,1,500000.00,0.00,'2026-06-03 04:30:28','2026-06-03 04:30:28',30),(2148,1074,14,0.00,500000.00,'2026-06-03 04:30:28','2026-06-03 04:30:28',30),(2149,1075,2,375000.00,0.00,'2026-06-03 04:30:28','2026-06-03 04:30:28',30),(2150,1075,14,0.00,375000.00,'2026-06-03 04:30:28','2026-06-03 04:30:28',30),(2151,1076,2,500000.00,0.00,'2026-06-03 04:30:28','2026-06-03 04:30:28',30),(2152,1076,14,0.00,500000.00,'2026-06-03 04:30:28','2026-06-03 04:30:28',30),(2153,1077,2,500000.00,0.00,'2026-06-03 04:30:28','2026-06-03 04:30:28',30),(2154,1077,14,0.00,500000.00,'2026-06-03 04:30:28','2026-06-03 04:30:28',30),(2155,1078,2,375000.00,0.00,'2026-06-03 04:30:28','2026-06-03 04:30:28',30),(2156,1078,14,0.00,375000.00,'2026-06-03 04:30:28','2026-06-03 04:30:28',30),(2157,1079,2,375000.00,0.00,'2026-06-03 04:30:28','2026-06-03 04:30:28',30),(2158,1079,14,0.00,375000.00,'2026-06-03 04:30:28','2026-06-03 04:30:28',30),(2159,1080,2,375000.00,0.00,'2026-06-03 04:30:28','2026-06-03 04:30:28',30),(2160,1080,14,0.00,375000.00,'2026-06-03 04:30:28','2026-06-03 04:30:28',30),(2161,1081,2,375000.00,0.00,'2026-06-03 04:30:28','2026-06-03 04:30:28',30),(2162,1081,14,0.00,375000.00,'2026-06-03 04:30:28','2026-06-03 04:30:28',30),(2163,1082,1,500000.00,0.00,'2026-06-03 04:30:28','2026-06-03 04:30:28',30),(2164,1082,14,0.00,500000.00,'2026-06-03 04:30:28','2026-06-03 04:30:28',30),(2165,1083,1,500000.00,0.00,'2026-06-03 04:30:28','2026-06-03 04:30:28',30),(2166,1083,14,0.00,500000.00,'2026-06-03 04:30:28','2026-06-03 04:30:28',30),(2167,1084,1,375000.00,0.00,'2026-06-03 04:30:28','2026-06-03 04:30:28',30),(2168,1084,14,0.00,375000.00,'2026-06-03 04:30:28','2026-06-03 04:30:28',30),(2169,1085,1,375000.00,0.00,'2026-06-03 04:30:28','2026-06-03 04:30:28',30),(2170,1085,14,0.00,375000.00,'2026-06-03 04:30:28','2026-06-03 04:30:28',30),(2171,1086,1,375000.00,0.00,'2026-06-03 04:30:28','2026-06-03 04:30:28',30),(2172,1086,14,0.00,375000.00,'2026-06-03 04:30:28','2026-06-03 04:30:28',30),(2173,1087,1,375000.00,0.00,'2026-06-03 04:30:28','2026-06-03 04:30:28',30),(2174,1087,14,0.00,375000.00,'2026-06-03 04:30:28','2026-06-03 04:30:28',30),(2175,1088,1,500000.00,0.00,'2026-06-03 04:30:28','2026-06-03 04:30:28',30),(2176,1088,14,0.00,500000.00,'2026-06-03 04:30:28','2026-06-03 04:30:28',30),(2177,1089,1,500000.00,0.00,'2026-06-03 04:30:28','2026-06-03 04:30:28',30),(2178,1089,14,0.00,500000.00,'2026-06-03 04:30:28','2026-06-03 04:30:28',30);
/*!40000 ALTER TABLE `journal_items` ENABLE KEYS */;
UNLOCK TABLES;

--
-- Table structure for table `journals`
--

DROP TABLE IF EXISTS `journals`;
/*!40101 SET @saved_cs_client     = @@character_set_client */;
/*!50503 SET character_set_client = utf8mb4 */;
CREATE TABLE `journals` (
  `id` bigint unsigned NOT NULL AUTO_INCREMENT,
  `date` date NOT NULL,
  `description` varchar(255) CHARACTER SET utf8mb4 COLLATE utf8mb4_unicode_ci NOT NULL,
  `reference` varchar(255) CHARACTER SET utf8mb4 COLLATE utf8mb4_unicode_ci NOT NULL,
  `type` varchar(255) CHARACTER SET utf8mb4 COLLATE utf8mb4_unicode_ci DEFAULT NULL,
  `total_amount` decimal(15,2) NOT NULL,
  `approved_by` bigint unsigned DEFAULT NULL,
  `created_at` timestamp NULL DEFAULT NULL,
  `updated_at` timestamp NULL DEFAULT NULL,
  PRIMARY KEY (`id`),
  UNIQUE KEY `journals_reference_unique` (`reference`),
  KEY `journals_approved_by_foreign` (`approved_by`),
  KEY `journals_date_index` (`date`),
  CONSTRAINT `journals_approved_by_foreign` FOREIGN KEY (`approved_by`) REFERENCES `users` (`id`)
) ENGINE=InnoDB AUTO_INCREMENT=1090 DEFAULT CHARSET=utf8mb4 COLLATE=utf8mb4_unicode_ci;
/*!40101 SET character_set_client = @saved_cs_client */;

--
-- Dumping data for table `journals`
--

LOCK TABLES `journals` WRITE;
/*!40000 ALTER TABLE `journals` DISABLE KEYS */;
INSERT INTO `journals` VALUES (1,'2026-04-14','Student Payment - Enrollment #1','PAYMENT-ENROLL-1','payment',2800000.00,1,'2026-06-03 04:30:10','2026-06-03 04:30:10'),(2,'2026-01-08','Student Payment - Enrollment #2','PAYMENT-ENROLL-2','payment',1500000.00,1,'2026-06-03 04:30:10','2026-06-03 04:30:10'),(3,'2025-12-18','Student Payment - Enrollment #3','PAYMENT-ENROLL-3','payment',750000.00,1,'2026-06-03 04:30:10','2026-06-03 04:30:10'),(4,'2026-03-03','Student Payment - Enrollment #4','PAYMENT-ENROLL-4','payment',2800000.00,1,'2026-06-03 04:30:10','2026-06-03 04:30:10'),(5,'2025-08-08','Student Payment - Enrollment #5','PAYMENT-ENROLL-5','payment',2800000.00,1,'2026-06-03 04:30:10','2026-06-03 04:30:10'),(6,'2025-09-07','Student Payment - Enrollment #6','PAYMENT-ENROLL-6','payment',600000.00,1,'2026-06-03 04:30:10','2026-06-03 04:30:10'),(7,'2026-04-14','Student Payment - Enrollment #7','PAYMENT-ENROLL-7','payment',1200000.00,1,'2026-06-03 04:30:10','2026-06-03 04:30:10'),(8,'2025-11-26','Student Payment - Enrollment #8','PAYMENT-ENROLL-8','payment',2400000.00,1,'2026-06-03 04:30:10','2026-06-03 04:30:10'),(9,'2025-08-24','Student Payment - Enrollment #9','PAYMENT-ENROLL-9','payment',2200000.00,1,'2026-06-03 04:30:10','2026-06-03 04:30:10'),(10,'2025-09-15','Student Payment - Enrollment #10','PAYMENT-ENROLL-10','payment',8500000.00,1,'2026-06-03 04:30:10','2026-06-03 04:30:10'),(11,'2026-02-02','Student Payment - Enrollment #11','PAYMENT-ENROLL-11','payment',800000.00,1,'2026-06-03 04:30:10','2026-06-03 04:30:10'),(12,'2026-02-23','Student Payment - Enrollment #12','PAYMENT-ENROLL-12','payment',2400000.00,1,'2026-06-03 04:30:10','2026-06-03 04:30:10'),(13,'2026-03-02','Student Payment - Enrollment #13','PAYMENT-ENROLL-13','payment',1200000.00,1,'2026-06-03 04:30:10','2026-06-03 04:30:10'),(14,'2026-05-04','Student Payment - Enrollment #14','PAYMENT-ENROLL-14','payment',1500000.00,1,'2026-06-03 04:30:10','2026-06-03 04:30:10'),(15,'2025-10-01','Student Payment - Enrollment #15','PAYMENT-ENROLL-15','payment',300000.00,1,'2026-06-03 04:30:11','2026-06-03 04:30:11'),(16,'2025-10-28','Student Payment - Enrollment #16','PAYMENT-ENROLL-16','payment',550000.00,1,'2026-06-03 04:30:11','2026-06-03 04:30:11'),(17,'2026-02-10','Student Payment - Enrollment #17','PAYMENT-ENROLL-17','payment',188000.00,1,'2026-06-03 04:30:11','2026-06-03 04:30:11'),(18,'2025-11-10','Student Payment - Enrollment #18','PAYMENT-ENROLL-18','payment',1200000.00,1,'2026-06-03 04:30:11','2026-06-03 04:30:11'),(19,'2026-02-23','Student Payment - Enrollment #19','PAYMENT-ENROLL-19','payment',300000.00,1,'2026-06-03 04:30:11','2026-06-03 04:30:11'),(20,'2025-10-08','Student Payment - Enrollment #20','PAYMENT-ENROLL-20','payment',2800000.00,1,'2026-06-03 04:30:11','2026-06-03 04:30:11'),(21,'2025-11-04','Student Payment - Enrollment #21','PAYMENT-ENROLL-21','payment',1200000.00,1,'2026-06-03 04:30:11','2026-06-03 04:30:11'),(22,'2026-01-21','Student Payment - Enrollment #22','PAYMENT-ENROLL-22','payment',8000000.00,1,'2026-06-03 04:30:11','2026-06-03 04:30:11'),(23,'2026-04-22','Student Payment - Enrollment #23','PAYMENT-ENROLL-23','payment',1300000.00,1,'2026-06-03 04:30:11','2026-06-03 04:30:11'),(24,'2025-11-10','Student Payment - Enrollment #24','PAYMENT-ENROLL-24','payment',1500000.00,1,'2026-06-03 04:30:11','2026-06-03 04:30:11'),(25,'2025-09-11','Student Payment - Enrollment #25','PAYMENT-ENROLL-25','payment',2800000.00,1,'2026-06-03 04:30:11','2026-06-03 04:30:11'),(26,'2025-09-10','Student Payment - Enrollment #26','PAYMENT-ENROLL-26','payment',400000.00,1,'2026-06-03 04:30:11','2026-06-03 04:30:11'),(27,'2026-01-31','Student Payment - Enrollment #27','PAYMENT-ENROLL-27','payment',300000.00,1,'2026-06-03 04:30:11','2026-06-03 04:30:11'),(28,'2026-01-26','Student Payment - Enrollment #28','PAYMENT-ENROLL-28','payment',1500000.00,1,'2026-06-03 04:30:11','2026-06-03 04:30:11'),(29,'2025-12-13','Student Payment - Enrollment #29','PAYMENT-ENROLL-29','payment',400000.00,1,'2026-06-03 04:30:11','2026-06-03 04:30:11'),(30,'2026-05-02','Student Payment - Enrollment #30','PAYMENT-ENROLL-30','payment',2400000.00,1,'2026-06-03 04:30:11','2026-06-03 04:30:11'),(31,'2026-02-19','Student Payment - Enrollment #31','PAYMENT-ENROLL-31','payment',8500000.00,1,'2026-06-03 04:30:11','2026-06-03 04:30:11'),(32,'2025-12-06','Student Payment - Enrollment #32','PAYMENT-ENROLL-32','payment',2200000.00,1,'2026-06-03 04:30:11','2026-06-03 04:30:11'),(33,'2025-10-01','Student Payment - Enrollment #33','PAYMENT-ENROLL-33','payment',2200000.00,1,'2026-06-03 04:30:11','2026-06-03 04:30:11'),(34,'2026-04-03','Student Payment - Enrollment #34','PAYMENT-ENROLL-34','payment',2400000.00,1,'2026-06-03 04:30:11','2026-06-03 04:30:11'),(35,'2026-02-20','Student Payment - Enrollment #35','PAYMENT-ENROLL-35','payment',1200000.00,1,'2026-06-03 04:30:11','2026-06-03 04:30:11'),(36,'2026-03-06','Student Payment - Enrollment #36','PAYMENT-ENROLL-36','payment',2400000.00,1,'2026-06-03 04:30:11','2026-06-03 04:30:11'),(37,'2026-03-02','Student Payment - Enrollment #37','PAYMENT-ENROLL-37','payment',2200000.00,1,'2026-06-03 04:30:11','2026-06-03 04:30:11'),(38,'2025-12-16','Student Payment - Enrollment #38','PAYMENT-ENROLL-38','payment',1400000.00,1,'2026-06-03 04:30:11','2026-06-03 04:30:11'),(39,'2026-02-10','Student Payment - Enrollment #39','PAYMENT-ENROLL-39','payment',1300000.00,1,'2026-06-03 04:30:11','2026-06-03 04:30:11'),(40,'2025-08-16','Student Payment - Enrollment #40','PAYMENT-ENROLL-40','payment',1300000.00,1,'2026-06-03 04:30:11','2026-06-03 04:30:11'),(41,'2026-03-16','Student Payment - Enrollment #41','PAYMENT-ENROLL-41','payment',600000.00,1,'2026-06-03 04:30:11','2026-06-03 04:30:11'),(42,'2026-01-25','Student Payment - Enrollment #42','PAYMENT-ENROLL-42','payment',600000.00,1,'2026-06-03 04:30:11','2026-06-03 04:30:11'),(43,'2026-01-22','Student Payment - Enrollment #43','PAYMENT-ENROLL-43','payment',950000.00,1,'2026-06-03 04:30:11','2026-06-03 04:30:11'),(44,'2026-02-26','Student Payment - Enrollment #44','PAYMENT-ENROLL-44','payment',475000.00,1,'2026-06-03 04:30:11','2026-06-03 04:30:11'),(45,'2026-02-26','Student Payment - Enrollment #45','PAYMENT-ENROLL-45','payment',325000.00,1,'2026-06-03 04:30:12','2026-06-03 04:30:12'),(46,'2026-01-30','Student Payment - Enrollment #46','PAYMENT-ENROLL-46','payment',650000.00,1,'2026-06-03 04:30:12','2026-06-03 04:30:12'),(47,'2026-02-06','Student Payment - Enrollment #47','PAYMENT-ENROLL-47','payment',325000.00,1,'2026-06-03 04:30:12','2026-06-03 04:30:12'),(48,'2026-01-13','Student Payment - Enrollment #48','PAYMENT-ENROLL-48','payment',650000.00,1,'2026-06-03 04:30:12','2026-06-03 04:30:12'),(49,'2026-03-06','Student Payment - Enrollment #49','PAYMENT-ENROLL-49','payment',500000.00,1,'2026-06-03 04:30:12','2026-06-03 04:30:12'),(50,'2026-01-26','Student Payment - Enrollment #50','PAYMENT-ENROLL-50','payment',500000.00,1,'2026-06-03 04:30:12','2026-06-03 04:30:12'),(51,'2026-04-11','Student Payment - Enrollment #51','PAYMENT-ENROLL-51','payment',1050000.00,1,'2026-06-03 04:30:12','2026-06-03 04:30:12'),(52,'2026-04-25','Student Payment - Enrollment #52','PAYMENT-ENROLL-52','payment',1050000.00,1,'2026-06-03 04:30:12','2026-06-03 04:30:12'),(53,'2026-03-28','Student Payment - Enrollment #53','PAYMENT-ENROLL-53','payment',1050000.00,1,'2026-06-03 04:30:12','2026-06-03 04:30:12'),(54,'2026-02-16','Student Payment - Enrollment #54','PAYMENT-ENROLL-54','payment',1800000.00,1,'2026-06-03 04:30:12','2026-06-03 04:30:12'),(55,'2026-02-15','Student Payment - Enrollment #55','PAYMENT-ENROLL-55','payment',1800000.00,1,'2026-06-03 04:30:12','2026-06-03 04:30:12'),(56,'2026-04-02','Student Payment - Enrollment #56','PAYMENT-ENROLL-56','payment',900000.00,1,'2026-06-03 04:30:12','2026-06-03 04:30:12'),(57,'2026-03-01','Student Payment - Enrollment #57','PAYMENT-ENROLL-57','payment',1800000.00,1,'2026-06-03 04:30:12','2026-06-03 04:30:12'),(58,'2026-03-07','Student Payment - Enrollment #58','PAYMENT-ENROLL-58','payment',1800000.00,1,'2026-06-03 04:30:12','2026-06-03 04:30:12'),(59,'2026-02-14','Student Payment - Enrollment #59','PAYMENT-ENROLL-59','payment',1800000.00,1,'2026-06-03 04:30:12','2026-06-03 04:30:12'),(60,'2026-03-06','Student Payment - Enrollment #60','PAYMENT-ENROLL-60','payment',1800000.00,1,'2026-06-03 04:30:12','2026-06-03 04:30:12'),(61,'2026-05-15','Student Payment - Enrollment #61','PAYMENT-ENROLL-61','payment',600000.00,1,'2026-06-03 04:30:12','2026-06-03 04:30:12'),(62,'2026-02-28','Student Payment - Enrollment #62','PAYMENT-ENROLL-62','payment',1800000.00,1,'2026-06-03 04:30:12','2026-06-03 04:30:12'),(63,'2026-05-17','Student Payment - Enrollment #63','PAYMENT-ENROLL-63','payment',600000.00,1,'2026-06-03 04:30:12','2026-06-03 04:30:12'),(64,'2026-04-16','Student Payment - Enrollment #64','PAYMENT-ENROLL-64','payment',1800000.00,1,'2026-06-03 04:30:12','2026-06-03 04:30:12'),(65,'2026-04-17','Student Payment - Enrollment #65','PAYMENT-ENROLL-65','payment',1800000.00,1,'2026-06-03 04:30:12','2026-06-03 04:30:12'),(66,'2026-03-24','Student Payment - Enrollment #66','PAYMENT-ENROLL-66','payment',600000.00,1,'2026-06-03 04:30:12','2026-06-03 04:30:12'),(67,'2026-03-10','Student Payment - Enrollment #67','PAYMENT-ENROLL-67','payment',1800000.00,1,'2026-06-03 04:30:12','2026-06-03 04:30:12'),(68,'2026-03-05','Student Payment - Enrollment #68','PAYMENT-ENROLL-68','payment',600000.00,1,'2026-06-03 04:30:12','2026-06-03 04:30:12'),(69,'2026-02-26','Student Payment - Enrollment #69','PAYMENT-ENROLL-69','payment',900000.00,1,'2026-06-03 04:30:12','2026-06-03 04:30:12'),(70,'2026-02-10','Student Payment - Enrollment #70','PAYMENT-ENROLL-70','payment',1800000.00,1,'2026-06-03 04:30:12','2026-06-03 04:30:12'),(71,'2026-02-10','Student Payment - Enrollment #71','PAYMENT-ENROLL-71','payment',1800000.00,1,'2026-06-03 04:30:12','2026-06-03 04:30:12'),(72,'2026-02-20','Student Payment - Enrollment #72','PAYMENT-ENROLL-72','payment',1500000.00,1,'2026-06-03 04:30:12','2026-06-03 04:30:12'),(73,'2026-05-17','Student Payment - Enrollment #73','PAYMENT-ENROLL-73','payment',750000.00,1,'2026-06-03 04:30:12','2026-06-03 04:30:12'),(74,'2026-03-23','Student Payment - Enrollment #74','PAYMENT-ENROLL-74','payment',500000.00,1,'2026-06-03 04:30:12','2026-06-03 04:30:12'),(75,'2026-05-10','Student Payment - Enrollment #75','PAYMENT-ENROLL-75','payment',500000.00,1,'2026-06-03 04:30:12','2026-06-03 04:30:12'),(76,'2026-02-06','Student Payment - Enrollment #76','PAYMENT-ENROLL-76','payment',500000.00,1,'2026-06-03 04:30:12','2026-06-03 04:30:12'),(77,'2026-03-28','Student Payment - Enrollment #77','PAYMENT-ENROLL-77','payment',1500000.00,1,'2026-06-03 04:30:12','2026-06-03 04:30:12'),(78,'2026-04-13','Student Payment - Enrollment #78','PAYMENT-ENROLL-78','payment',1500000.00,1,'2026-06-03 04:30:12','2026-06-03 04:30:12'),(79,'2026-02-10','Student Payment - Enrollment #79','PAYMENT-ENROLL-79','payment',1500000.00,1,'2026-06-03 04:30:12','2026-06-03 04:30:12'),(80,'2026-03-01','Student Payment - Enrollment #80','PAYMENT-ENROLL-80','payment',750000.00,1,'2026-06-03 04:30:12','2026-06-03 04:30:12'),(81,'2026-04-20','Student Payment - Enrollment #81','PAYMENT-ENROLL-81','payment',500000.00,1,'2026-06-03 04:30:12','2026-06-03 04:30:12'),(82,'2026-03-06','Student Payment - Enrollment #82','PAYMENT-ENROLL-82','payment',1500000.00,1,'2026-06-03 04:30:12','2026-06-03 04:30:12'),(83,'2026-05-20','Student Payment - Enrollment #83','PAYMENT-ENROLL-83','payment',1500000.00,1,'2026-06-03 04:30:12','2026-06-03 04:30:12'),(84,'2026-03-22','Student Payment - Enrollment #84','PAYMENT-ENROLL-84','payment',1500000.00,1,'2026-06-03 04:30:12','2026-06-03 04:30:12'),(85,'2026-03-02','Student Payment - Enrollment #85','PAYMENT-ENROLL-85','payment',750000.00,1,'2026-06-03 04:30:12','2026-06-03 04:30:12'),(86,'2026-03-02','Student Payment - Enrollment #86','PAYMENT-ENROLL-86','payment',750000.00,1,'2026-06-03 04:30:12','2026-06-03 04:30:12'),(87,'2026-04-20','Revenue Recognition - Enrollment #1 Meeting 1','REV-REC-20260420-1-0','rev_rec',116666.67,1,'2026-06-03 04:30:12','2026-06-03 04:30:12'),(88,'2026-04-20','Tutor fee - attendance #1','TUTOR-ATT-1-1','tutor_accrual',100000.00,1,'2026-06-03 04:30:12','2026-06-03 04:30:12'),(89,'2026-04-23','Revenue Recognition - Enrollment #1 Meeting 2','REV-REC-20260423-1-1','rev_rec',116666.67,1,'2026-06-03 04:30:12','2026-06-03 04:30:12'),(90,'2026-04-23','Tutor fee - attendance #2','TUTOR-ATT-2-1','tutor_accrual',100000.00,1,'2026-06-03 04:30:12','2026-06-03 04:30:12'),(91,'2026-04-29','Revenue Recognition - Enrollment #1 Meeting 3','REV-REC-20260429-1-2','rev_rec',116666.67,1,'2026-06-03 04:30:12','2026-06-03 04:30:12'),(92,'2026-04-29','Tutor fee - attendance #3','TUTOR-ATT-3-1','tutor_accrual',100000.00,1,'2026-06-03 04:30:12','2026-06-03 04:30:12'),(93,'2026-05-04','Revenue Recognition - Enrollment #1 Meeting 4','REV-REC-20260504-1-3','rev_rec',116666.67,1,'2026-06-03 04:30:13','2026-06-03 04:30:13'),(94,'2026-05-04','Tutor fee - attendance #4','TUTOR-ATT-4-1','tutor_accrual',100000.00,1,'2026-06-03 04:30:13','2026-06-03 04:30:13'),(95,'2026-05-07','Revenue Recognition - Enrollment #1 Meeting 5','REV-REC-20260507-1-4','rev_rec',116666.67,1,'2026-06-03 04:30:13','2026-06-03 04:30:13'),(96,'2026-05-07','Tutor fee - attendance #5','TUTOR-ATT-5-1','tutor_accrual',100000.00,1,'2026-06-03 04:30:13','2026-06-03 04:30:13'),(97,'2026-05-10','Revenue Recognition - Enrollment #1 Meeting 6','REV-REC-20260510-1-5','rev_rec',116666.67,1,'2026-06-03 04:30:13','2026-06-03 04:30:13'),(98,'2026-05-10','Tutor fee - attendance #6','TUTOR-ATT-6-1','tutor_accrual',100000.00,1,'2026-06-03 04:30:13','2026-06-03 04:30:13'),(99,'2026-01-14','Revenue Recognition - Enrollment #2 Meeting 1','REV-REC-20260114-2-0','rev_rec',125000.00,1,'2026-06-03 04:30:13','2026-06-03 04:30:13'),(100,'2026-01-14','Tutor fee - attendance #7','TUTOR-ATT-7-4','tutor_accrual',75000.00,1,'2026-06-03 04:30:13','2026-06-03 04:30:13'),(101,'2026-01-17','Revenue Recognition - Enrollment #2 Meeting 2','REV-REC-20260117-2-1','rev_rec',125000.00,1,'2026-06-03 04:30:13','2026-06-03 04:30:13'),(102,'2026-01-17','Tutor fee - attendance #8','TUTOR-ATT-8-4','tutor_accrual',75000.00,1,'2026-06-03 04:30:13','2026-06-03 04:30:13'),(103,'2026-01-22','Revenue Recognition - Enrollment #2 Meeting 3','REV-REC-20260122-2-2','rev_rec',125000.00,1,'2026-06-03 04:30:13','2026-06-03 04:30:13'),(104,'2026-01-22','Tutor fee - attendance #9','TUTOR-ATT-9-4','tutor_accrual',75000.00,1,'2026-06-03 04:30:13','2026-06-03 04:30:13'),(105,'2026-01-28','Revenue Recognition - Enrollment #2 Meeting 4','REV-REC-20260128-2-3','rev_rec',125000.00,1,'2026-06-03 04:30:13','2026-06-03 04:30:13'),(106,'2026-01-28','Tutor fee - attendance #10','TUTOR-ATT-10-4','tutor_accrual',75000.00,1,'2026-06-03 04:30:13','2026-06-03 04:30:13'),(107,'2026-02-04','Revenue Recognition - Enrollment #2 Meeting 5','REV-REC-20260204-2-4','rev_rec',125000.00,1,'2026-06-03 04:30:13','2026-06-03 04:30:13'),(108,'2026-02-04','Tutor fee - attendance #11','TUTOR-ATT-11-4','tutor_accrual',75000.00,1,'2026-06-03 04:30:13','2026-06-03 04:30:13'),(109,'2026-02-09','Revenue Recognition - Enrollment #2 Meeting 6','REV-REC-20260209-2-5','rev_rec',125000.00,1,'2026-06-03 04:30:13','2026-06-03 04:30:13'),(110,'2026-02-09','Tutor fee - attendance #12','TUTOR-ATT-12-4','tutor_accrual',75000.00,1,'2026-06-03 04:30:13','2026-06-03 04:30:13'),(111,'2026-02-13','Revenue Recognition - Enrollment #2 Meeting 7','REV-REC-20260213-2-6','rev_rec',125000.00,1,'2026-06-03 04:30:13','2026-06-03 04:30:13'),(112,'2026-02-13','Tutor fee - attendance #13','TUTOR-ATT-13-4','tutor_accrual',75000.00,1,'2026-06-03 04:30:13','2026-06-03 04:30:13'),(113,'2026-02-16','Revenue Recognition - Enrollment #2 Meeting 8','REV-REC-20260216-2-7','rev_rec',125000.00,1,'2026-06-03 04:30:13','2026-06-03 04:30:13'),(114,'2026-02-16','Tutor fee - attendance #14','TUTOR-ATT-14-4','tutor_accrual',75000.00,1,'2026-06-03 04:30:13','2026-06-03 04:30:13'),(115,'2025-12-25','Revenue Recognition - Enrollment #3 Meeting 1','REV-REC-20251225-3-0','rev_rec',125000.00,1,'2026-06-03 04:30:13','2026-06-03 04:30:13'),(116,'2025-12-25','Tutor fee - attendance #15','TUTOR-ATT-15-31','tutor_accrual',75000.00,1,'2026-06-03 04:30:13','2026-06-03 04:30:13'),(117,'2025-12-31','Revenue Recognition - Enrollment #3 Meeting 2','REV-REC-20251231-3-1','rev_rec',125000.00,1,'2026-06-03 04:30:13','2026-06-03 04:30:13'),(118,'2025-12-31','Tutor fee - attendance #16','TUTOR-ATT-16-31','tutor_accrual',75000.00,1,'2026-06-03 04:30:13','2026-06-03 04:30:13'),(119,'2026-01-03','Revenue Recognition - Enrollment #3 Meeting 3','REV-REC-20260103-3-2','rev_rec',125000.00,1,'2026-06-03 04:30:13','2026-06-03 04:30:13'),(120,'2026-01-03','Tutor fee - attendance #17','TUTOR-ATT-17-31','tutor_accrual',75000.00,1,'2026-06-03 04:30:13','2026-06-03 04:30:13'),(121,'2026-01-07','Revenue Recognition - Enrollment #3 Meeting 4','REV-REC-20260107-3-3','rev_rec',125000.00,1,'2026-06-03 04:30:13','2026-06-03 04:30:13'),(122,'2026-01-07','Tutor fee - attendance #18','TUTOR-ATT-18-31','tutor_accrual',75000.00,1,'2026-06-03 04:30:13','2026-06-03 04:30:13'),(123,'2026-01-14','Revenue Recognition - Enrollment #3 Meeting 5','REV-REC-20260114-3-4','rev_rec',125000.00,1,'2026-06-03 04:30:13','2026-06-03 04:30:13'),(124,'2026-01-14','Tutor fee - attendance #19','TUTOR-ATT-19-31','tutor_accrual',75000.00,1,'2026-06-03 04:30:13','2026-06-03 04:30:13'),(125,'2026-01-21','Revenue Recognition - Enrollment #3 Meeting 6','REV-REC-20260121-3-5','rev_rec',125000.00,1,'2026-06-03 04:30:13','2026-06-03 04:30:13'),(126,'2026-01-21','Tutor fee - attendance #20','TUTOR-ATT-20-31','tutor_accrual',75000.00,1,'2026-06-03 04:30:13','2026-06-03 04:30:13'),(127,'2026-03-06','Revenue Recognition - Enrollment #4 Meeting 1','REV-REC-20260306-4-0','rev_rec',116666.67,1,'2026-06-03 04:30:13','2026-06-03 04:30:13'),(128,'2026-03-06','Tutor fee - attendance #21','TUTOR-ATT-21-33','tutor_accrual',95000.00,1,'2026-06-03 04:30:13','2026-06-03 04:30:13'),(129,'2026-03-09','Revenue Recognition - Enrollment #4 Meeting 2','REV-REC-20260309-4-1','rev_rec',116666.67,1,'2026-06-03 04:30:13','2026-06-03 04:30:13'),(130,'2026-03-09','Tutor fee - attendance #22','TUTOR-ATT-22-33','tutor_accrual',95000.00,1,'2026-06-03 04:30:13','2026-06-03 04:30:13'),(131,'2026-03-14','Revenue Recognition - Enrollment #4 Meeting 3','REV-REC-20260314-4-2','rev_rec',116666.67,1,'2026-06-03 04:30:13','2026-06-03 04:30:13'),(132,'2026-03-14','Tutor fee - attendance #23','TUTOR-ATT-23-33','tutor_accrual',95000.00,1,'2026-06-03 04:30:13','2026-06-03 04:30:13'),(133,'2026-03-17','Revenue Recognition - Enrollment #4 Meeting 4','REV-REC-20260317-4-3','rev_rec',116666.67,1,'2026-06-03 04:30:13','2026-06-03 04:30:13'),(134,'2026-03-17','Tutor fee - attendance #24','TUTOR-ATT-24-33','tutor_accrual',95000.00,1,'2026-06-03 04:30:13','2026-06-03 04:30:13'),(135,'2026-03-23','Revenue Recognition - Enrollment #4 Meeting 5','REV-REC-20260323-4-4','rev_rec',116666.67,1,'2026-06-03 04:30:13','2026-06-03 04:30:13'),(136,'2026-03-23','Tutor fee - attendance #25','TUTOR-ATT-25-33','tutor_accrual',95000.00,1,'2026-06-03 04:30:13','2026-06-03 04:30:13'),(137,'2026-03-26','Revenue Recognition - Enrollment #4 Meeting 6','REV-REC-20260326-4-5','rev_rec',116666.67,1,'2026-06-03 04:30:13','2026-06-03 04:30:13'),(138,'2026-03-26','Tutor fee - attendance #26','TUTOR-ATT-26-33','tutor_accrual',95000.00,1,'2026-06-03 04:30:13','2026-06-03 04:30:13'),(139,'2026-04-01','Revenue Recognition - Enrollment #4 Meeting 7','REV-REC-20260401-4-6','rev_rec',116666.67,1,'2026-06-03 04:30:13','2026-06-03 04:30:13'),(140,'2026-04-01','Tutor fee - attendance #27','TUTOR-ATT-27-33','tutor_accrual',95000.00,1,'2026-06-03 04:30:13','2026-06-03 04:30:13'),(141,'2026-04-05','Revenue Recognition - Enrollment #4 Meeting 8','REV-REC-20260405-4-7','rev_rec',116666.67,1,'2026-06-03 04:30:13','2026-06-03 04:30:13'),(142,'2026-04-05','Tutor fee - attendance #28','TUTOR-ATT-28-33','tutor_accrual',95000.00,1,'2026-06-03 04:30:13','2026-06-03 04:30:13'),(143,'2026-04-08','Revenue Recognition - Enrollment #4 Meeting 9','REV-REC-20260408-4-8','rev_rec',116666.67,1,'2026-06-03 04:30:13','2026-06-03 04:30:13'),(144,'2026-04-08','Tutor fee - attendance #29','TUTOR-ATT-29-33','tutor_accrual',95000.00,1,'2026-06-03 04:30:13','2026-06-03 04:30:13'),(145,'2026-04-15','Revenue Recognition - Enrollment #4 Meeting 10','REV-REC-20260415-4-9','rev_rec',116666.67,1,'2026-06-03 04:30:13','2026-06-03 04:30:13'),(146,'2026-04-15','Tutor fee - attendance #30','TUTOR-ATT-30-33','tutor_accrual',95000.00,1,'2026-06-03 04:30:13','2026-06-03 04:30:13'),(147,'2026-04-22','Revenue Recognition - Enrollment #4 Meeting 11','REV-REC-20260422-4-10','rev_rec',116666.67,1,'2026-06-03 04:30:13','2026-06-03 04:30:13'),(148,'2026-04-22','Tutor fee - attendance #31','TUTOR-ATT-31-33','tutor_accrual',95000.00,1,'2026-06-03 04:30:13','2026-06-03 04:30:13'),(149,'2026-04-25','Revenue Recognition - Enrollment #4 Meeting 12','REV-REC-20260425-4-11','rev_rec',116666.67,1,'2026-06-03 04:30:13','2026-06-03 04:30:13'),(150,'2026-04-25','Tutor fee - attendance #32','TUTOR-ATT-32-33','tutor_accrual',95000.00,1,'2026-06-03 04:30:13','2026-06-03 04:30:13'),(151,'2026-05-02','Revenue Recognition - Enrollment #4 Meeting 13','REV-REC-20260502-4-12','rev_rec',116666.67,1,'2026-06-03 04:30:13','2026-06-03 04:30:13'),(152,'2026-05-02','Tutor fee - attendance #33','TUTOR-ATT-33-33','tutor_accrual',95000.00,1,'2026-06-03 04:30:13','2026-06-03 04:30:13'),(153,'2026-05-09','Revenue Recognition - Enrollment #4 Meeting 14','REV-REC-20260509-4-13','rev_rec',116666.67,1,'2026-06-03 04:30:14','2026-06-03 04:30:14'),(154,'2026-05-09','Tutor fee - attendance #34','TUTOR-ATT-34-33','tutor_accrual',95000.00,1,'2026-06-03 04:30:14','2026-06-03 04:30:14'),(155,'2026-05-15','Revenue Recognition - Enrollment #4 Meeting 15','REV-REC-20260515-4-14','rev_rec',116666.67,1,'2026-06-03 04:30:14','2026-06-03 04:30:14'),(156,'2026-05-15','Tutor fee - attendance #35','TUTOR-ATT-35-33','tutor_accrual',95000.00,1,'2026-06-03 04:30:14','2026-06-03 04:30:14'),(157,'2026-05-19','Revenue Recognition - Enrollment #4 Meeting 16','REV-REC-20260519-4-15','rev_rec',116666.67,1,'2026-06-03 04:30:14','2026-06-03 04:30:14'),(158,'2026-05-19','Tutor fee - attendance #36','TUTOR-ATT-36-33','tutor_accrual',95000.00,1,'2026-06-03 04:30:14','2026-06-03 04:30:14'),(159,'2026-05-22','Revenue Recognition - Enrollment #4 Meeting 17','REV-REC-20260522-4-16','rev_rec',116666.67,1,'2026-06-03 04:30:14','2026-06-03 04:30:14'),(160,'2026-05-22','Tutor fee - attendance #37','TUTOR-ATT-37-33','tutor_accrual',95000.00,1,'2026-06-03 04:30:14','2026-06-03 04:30:14'),(161,'2026-05-26','Revenue Recognition - Enrollment #4 Meeting 18','REV-REC-20260526-4-17','rev_rec',116666.67,1,'2026-06-03 04:30:14','2026-06-03 04:30:14'),(162,'2026-05-26','Tutor fee - attendance #38','TUTOR-ATT-38-33','tutor_accrual',95000.00,1,'2026-06-03 04:30:14','2026-06-03 04:30:14'),(163,'2026-06-02','Revenue Recognition - Enrollment #4 Meeting 19','REV-REC-20260602-4-18','rev_rec',116666.67,1,'2026-06-03 04:30:14','2026-06-03 04:30:14'),(164,'2026-06-02','Tutor fee - attendance #39','TUTOR-ATT-39-33','tutor_accrual',95000.00,1,'2026-06-03 04:30:14','2026-06-03 04:30:14'),(165,'2025-08-15','Revenue Recognition - Enrollment #5 Meeting 1','REV-REC-20250815-5-0','rev_rec',116666.67,1,'2026-06-03 04:30:14','2026-06-03 04:30:14'),(166,'2025-08-15','Tutor fee - attendance #40','TUTOR-ATT-40-12','tutor_accrual',75000.00,1,'2026-06-03 04:30:14','2026-06-03 04:30:14'),(167,'2025-08-19','Revenue Recognition - Enrollment #5 Meeting 2','REV-REC-20250819-5-1','rev_rec',116666.67,1,'2026-06-03 04:30:14','2026-06-03 04:30:14'),(168,'2025-08-19','Tutor fee - attendance #41','TUTOR-ATT-41-12','tutor_accrual',75000.00,1,'2026-06-03 04:30:14','2026-06-03 04:30:14'),(169,'2025-08-25','Revenue Recognition - Enrollment #5 Meeting 3','REV-REC-20250825-5-2','rev_rec',116666.67,1,'2026-06-03 04:30:14','2026-06-03 04:30:14'),(170,'2025-08-25','Tutor fee - attendance #42','TUTOR-ATT-42-12','tutor_accrual',75000.00,1,'2026-06-03 04:30:14','2026-06-03 04:30:14'),(171,'2025-09-01','Revenue Recognition - Enrollment #5 Meeting 4','REV-REC-20250901-5-3','rev_rec',116666.67,1,'2026-06-03 04:30:14','2026-06-03 04:30:14'),(172,'2025-09-01','Tutor fee - attendance #43','TUTOR-ATT-43-12','tutor_accrual',75000.00,1,'2026-06-03 04:30:14','2026-06-03 04:30:14'),(173,'2025-09-08','Revenue Recognition - Enrollment #5 Meeting 5','REV-REC-20250908-5-4','rev_rec',116666.67,1,'2026-06-03 04:30:14','2026-06-03 04:30:14'),(174,'2025-09-08','Tutor fee - attendance #44','TUTOR-ATT-44-12','tutor_accrual',75000.00,1,'2026-06-03 04:30:14','2026-06-03 04:30:14'),(175,'2025-09-13','Revenue Recognition - Enrollment #5 Meeting 6','REV-REC-20250913-5-5','rev_rec',116666.67,1,'2026-06-03 04:30:14','2026-06-03 04:30:14'),(176,'2025-09-13','Tutor fee - attendance #45','TUTOR-ATT-45-12','tutor_accrual',75000.00,1,'2026-06-03 04:30:14','2026-06-03 04:30:14'),(177,'2025-09-19','Revenue Recognition - Enrollment #5 Meeting 7','REV-REC-20250919-5-6','rev_rec',116666.67,1,'2026-06-03 04:30:14','2026-06-03 04:30:14'),(178,'2025-09-19','Tutor fee - attendance #46','TUTOR-ATT-46-12','tutor_accrual',75000.00,1,'2026-06-03 04:30:14','2026-06-03 04:30:14'),(179,'2025-09-24','Revenue Recognition - Enrollment #5 Meeting 8','REV-REC-20250924-5-7','rev_rec',116666.67,1,'2026-06-03 04:30:14','2026-06-03 04:30:14'),(180,'2025-09-24','Tutor fee - attendance #47','TUTOR-ATT-47-12','tutor_accrual',75000.00,1,'2026-06-03 04:30:14','2026-06-03 04:30:14'),(181,'2025-10-01','Revenue Recognition - Enrollment #5 Meeting 9','REV-REC-20251001-5-8','rev_rec',116666.67,1,'2026-06-03 04:30:14','2026-06-03 04:30:14'),(182,'2025-10-01','Tutor fee - attendance #48','TUTOR-ATT-48-12','tutor_accrual',75000.00,1,'2026-06-03 04:30:14','2026-06-03 04:30:14'),(183,'2025-10-08','Revenue Recognition - Enrollment #5 Meeting 10','REV-REC-20251008-5-9','rev_rec',116666.67,1,'2026-06-03 04:30:14','2026-06-03 04:30:14'),(184,'2025-10-08','Tutor fee - attendance #49','TUTOR-ATT-49-12','tutor_accrual',75000.00,1,'2026-06-03 04:30:14','2026-06-03 04:30:14'),(185,'2025-10-12','Revenue Recognition - Enrollment #5 Meeting 11','REV-REC-20251012-5-10','rev_rec',116666.67,1,'2026-06-03 04:30:14','2026-06-03 04:30:14'),(186,'2025-10-12','Tutor fee - attendance #50','TUTOR-ATT-50-12','tutor_accrual',75000.00,1,'2026-06-03 04:30:14','2026-06-03 04:30:14'),(187,'2025-10-15','Revenue Recognition - Enrollment #5 Meeting 12','REV-REC-20251015-5-11','rev_rec',116666.67,1,'2026-06-03 04:30:14','2026-06-03 04:30:14'),(188,'2025-10-15','Tutor fee - attendance #51','TUTOR-ATT-51-12','tutor_accrual',75000.00,1,'2026-06-03 04:30:14','2026-06-03 04:30:14'),(189,'2025-10-18','Revenue Recognition - Enrollment #5 Meeting 13','REV-REC-20251018-5-12','rev_rec',116666.67,1,'2026-06-03 04:30:14','2026-06-03 04:30:14'),(190,'2025-10-18','Tutor fee - attendance #52','TUTOR-ATT-52-12','tutor_accrual',75000.00,1,'2026-06-03 04:30:14','2026-06-03 04:30:14'),(191,'2025-10-21','Revenue Recognition - Enrollment #5 Meeting 14','REV-REC-20251021-5-13','rev_rec',116666.67,1,'2026-06-03 04:30:14','2026-06-03 04:30:14'),(192,'2025-10-21','Tutor fee - attendance #53','TUTOR-ATT-53-12','tutor_accrual',75000.00,1,'2026-06-03 04:30:14','2026-06-03 04:30:14'),(193,'2025-10-27','Revenue Recognition - Enrollment #5 Meeting 15','REV-REC-20251027-5-14','rev_rec',116666.67,1,'2026-06-03 04:30:14','2026-06-03 04:30:14'),(194,'2025-10-27','Tutor fee - attendance #54','TUTOR-ATT-54-12','tutor_accrual',75000.00,1,'2026-06-03 04:30:14','2026-06-03 04:30:14'),(195,'2025-11-02','Revenue Recognition - Enrollment #5 Meeting 16','REV-REC-20251102-5-15','rev_rec',116666.67,1,'2026-06-03 04:30:14','2026-06-03 04:30:14'),(196,'2025-11-02','Tutor fee - attendance #55','TUTOR-ATT-55-12','tutor_accrual',75000.00,1,'2026-06-03 04:30:14','2026-06-03 04:30:14'),(197,'2025-11-09','Revenue Recognition - Enrollment #5 Meeting 17','REV-REC-20251109-5-16','rev_rec',116666.67,1,'2026-06-03 04:30:14','2026-06-03 04:30:14'),(198,'2025-11-09','Tutor fee - attendance #56','TUTOR-ATT-56-12','tutor_accrual',75000.00,1,'2026-06-03 04:30:14','2026-06-03 04:30:14'),(199,'2025-11-14','Revenue Recognition - Enrollment #5 Meeting 18','REV-REC-20251114-5-17','rev_rec',116666.67,1,'2026-06-03 04:30:14','2026-06-03 04:30:14'),(200,'2025-11-14','Tutor fee - attendance #57','TUTOR-ATT-57-12','tutor_accrual',75000.00,1,'2026-06-03 04:30:14','2026-06-03 04:30:14'),(201,'2025-11-21','Revenue Recognition - Enrollment #5 Meeting 19','REV-REC-20251121-5-18','rev_rec',116666.67,1,'2026-06-03 04:30:14','2026-06-03 04:30:14'),(202,'2025-11-21','Tutor fee - attendance #58','TUTOR-ATT-58-12','tutor_accrual',75000.00,1,'2026-06-03 04:30:14','2026-06-03 04:30:14'),(203,'2025-11-27','Revenue Recognition - Enrollment #5 Meeting 20','REV-REC-20251127-5-19','rev_rec',116666.67,1,'2026-06-03 04:30:14','2026-06-03 04:30:14'),(204,'2025-11-27','Tutor fee - attendance #59','TUTOR-ATT-59-12','tutor_accrual',75000.00,1,'2026-06-03 04:30:14','2026-06-03 04:30:14'),(205,'2025-12-01','Revenue Recognition - Enrollment #5 Meeting 21','REV-REC-20251201-5-20','rev_rec',116666.67,1,'2026-06-03 04:30:14','2026-06-03 04:30:14'),(206,'2025-12-01','Tutor fee - attendance #60','TUTOR-ATT-60-12','tutor_accrual',75000.00,1,'2026-06-03 04:30:14','2026-06-03 04:30:14'),(207,'2025-12-05','Revenue Recognition - Enrollment #5 Meeting 22','REV-REC-20251205-5-21','rev_rec',116666.67,1,'2026-06-03 04:30:14','2026-06-03 04:30:14'),(208,'2025-12-05','Tutor fee - attendance #61','TUTOR-ATT-61-12','tutor_accrual',75000.00,1,'2026-06-03 04:30:14','2026-06-03 04:30:14'),(209,'2025-12-09','Revenue Recognition - Enrollment #5 Meeting 23','REV-REC-20251209-5-22','rev_rec',116666.67,1,'2026-06-03 04:30:14','2026-06-03 04:30:14'),(210,'2025-12-09','Tutor fee - attendance #62','TUTOR-ATT-62-12','tutor_accrual',75000.00,1,'2026-06-03 04:30:14','2026-06-03 04:30:14'),(211,'2025-12-13','Revenue Recognition - Enrollment #5 Meeting 24','REV-REC-20251213-5-23','rev_rec',116666.67,1,'2026-06-03 04:30:14','2026-06-03 04:30:14'),(212,'2025-12-13','Tutor fee - attendance #63','TUTOR-ATT-63-12','tutor_accrual',75000.00,1,'2026-06-03 04:30:14','2026-06-03 04:30:14'),(213,'2025-09-10','Revenue Recognition - Enrollment #6 Meeting 1','REV-REC-20250910-6-0','rev_rec',120000.00,1,'2026-06-03 04:30:14','2026-06-03 04:30:14'),(214,'2025-09-10','Tutor fee - attendance #64','TUTOR-ATT-64-24','tutor_accrual',75000.00,1,'2026-06-03 04:30:14','2026-06-03 04:30:14'),(215,'2025-09-13','Revenue Recognition - Enrollment #6 Meeting 2','REV-REC-20250913-6-1','rev_rec',120000.00,1,'2026-06-03 04:30:14','2026-06-03 04:30:14'),(216,'2025-09-13','Tutor fee - attendance #65','TUTOR-ATT-65-24','tutor_accrual',75000.00,1,'2026-06-03 04:30:14','2026-06-03 04:30:14'),(217,'2025-09-20','Revenue Recognition - Enrollment #6 Meeting 3','REV-REC-20250920-6-2','rev_rec',120000.00,1,'2026-06-03 04:30:14','2026-06-03 04:30:14'),(218,'2025-09-20','Tutor fee - attendance #66','TUTOR-ATT-66-24','tutor_accrual',75000.00,1,'2026-06-03 04:30:14','2026-06-03 04:30:14'),(219,'2025-09-26','Revenue Recognition - Enrollment #6 Meeting 4','REV-REC-20250926-6-3','rev_rec',120000.00,1,'2026-06-03 04:30:14','2026-06-03 04:30:14'),(220,'2025-09-26','Tutor fee - attendance #67','TUTOR-ATT-67-24','tutor_accrual',75000.00,1,'2026-06-03 04:30:15','2026-06-03 04:30:15'),(221,'2025-10-01','Revenue Recognition - Enrollment #6 Meeting 5','REV-REC-20251001-6-4','rev_rec',120000.00,1,'2026-06-03 04:30:15','2026-06-03 04:30:15'),(222,'2025-10-01','Tutor fee - attendance #68','TUTOR-ATT-68-24','tutor_accrual',75000.00,1,'2026-06-03 04:30:15','2026-06-03 04:30:15'),(223,'2025-10-05','Revenue Recognition - Enrollment #6 Meeting 6','REV-REC-20251005-6-5','rev_rec',120000.00,1,'2026-06-03 04:30:15','2026-06-03 04:30:15'),(224,'2025-10-05','Tutor fee - attendance #69','TUTOR-ATT-69-24','tutor_accrual',75000.00,1,'2026-06-03 04:30:15','2026-06-03 04:30:15'),(225,'2025-10-12','Revenue Recognition - Enrollment #6 Meeting 7','REV-REC-20251012-6-6','rev_rec',120000.00,1,'2026-06-03 04:30:15','2026-06-03 04:30:15'),(226,'2025-10-12','Tutor fee - attendance #70','TUTOR-ATT-70-24','tutor_accrual',75000.00,1,'2026-06-03 04:30:15','2026-06-03 04:30:15'),(227,'2025-10-16','Revenue Recognition - Enrollment #6 Meeting 8','REV-REC-20251016-6-7','rev_rec',120000.00,1,'2026-06-03 04:30:15','2026-06-03 04:30:15'),(228,'2025-10-16','Tutor fee - attendance #71','TUTOR-ATT-71-24','tutor_accrual',75000.00,1,'2026-06-03 04:30:15','2026-06-03 04:30:15'),(229,'2025-10-21','Revenue Recognition - Enrollment #6 Meeting 9','REV-REC-20251021-6-8','rev_rec',120000.00,1,'2026-06-03 04:30:15','2026-06-03 04:30:15'),(230,'2025-10-21','Tutor fee - attendance #72','TUTOR-ATT-72-24','tutor_accrual',75000.00,1,'2026-06-03 04:30:15','2026-06-03 04:30:15'),(231,'2025-10-24','Revenue Recognition - Enrollment #6 Meeting 10','REV-REC-20251024-6-9','rev_rec',120000.00,1,'2026-06-03 04:30:15','2026-06-03 04:30:15'),(232,'2025-10-24','Tutor fee - attendance #73','TUTOR-ATT-73-24','tutor_accrual',75000.00,1,'2026-06-03 04:30:15','2026-06-03 04:30:15'),(233,'2025-10-31','Revenue Recognition - Enrollment #6 Meeting 11','REV-REC-20251031-6-10','rev_rec',120000.00,1,'2026-06-03 04:30:15','2026-06-03 04:30:15'),(234,'2025-10-31','Tutor fee - attendance #74','TUTOR-ATT-74-24','tutor_accrual',75000.00,1,'2026-06-03 04:30:15','2026-06-03 04:30:15'),(235,'2025-11-07','Revenue Recognition - Enrollment #6 Meeting 12','REV-REC-20251107-6-11','rev_rec',120000.00,1,'2026-06-03 04:30:15','2026-06-03 04:30:15'),(236,'2025-11-07','Tutor fee - attendance #75','TUTOR-ATT-75-24','tutor_accrual',75000.00,1,'2026-06-03 04:30:15','2026-06-03 04:30:15'),(237,'2025-11-12','Revenue Recognition - Enrollment #6 Meeting 13','REV-REC-20251112-6-12','rev_rec',120000.00,1,'2026-06-03 04:30:15','2026-06-03 04:30:15'),(238,'2025-11-12','Tutor fee - attendance #76','TUTOR-ATT-76-24','tutor_accrual',75000.00,1,'2026-06-03 04:30:15','2026-06-03 04:30:15'),(239,'2025-11-17','Revenue Recognition - Enrollment #6 Meeting 14','REV-REC-20251117-6-13','rev_rec',120000.00,1,'2026-06-03 04:30:15','2026-06-03 04:30:15'),(240,'2025-11-17','Tutor fee - attendance #77','TUTOR-ATT-77-24','tutor_accrual',75000.00,1,'2026-06-03 04:30:15','2026-06-03 04:30:15'),(241,'2025-11-23','Revenue Recognition - Enrollment #6 Meeting 15','REV-REC-20251123-6-14','rev_rec',120000.00,1,'2026-06-03 04:30:15','2026-06-03 04:30:15'),(242,'2025-11-23','Tutor fee - attendance #78','TUTOR-ATT-78-24','tutor_accrual',75000.00,1,'2026-06-03 04:30:15','2026-06-03 04:30:15'),(243,'2025-11-30','Revenue Recognition - Enrollment #6 Meeting 16','REV-REC-20251130-6-15','rev_rec',120000.00,1,'2026-06-03 04:30:15','2026-06-03 04:30:15'),(244,'2025-11-30','Tutor fee - attendance #79','TUTOR-ATT-79-24','tutor_accrual',75000.00,1,'2026-06-03 04:30:15','2026-06-03 04:30:15'),(245,'2026-04-17','Revenue Recognition - Enrollment #7 Meeting 1','REV-REC-20260417-7-0','rev_rec',100000.00,1,'2026-06-03 04:30:15','2026-06-03 04:30:15'),(246,'2026-04-17','Tutor fee - attendance #80','TUTOR-ATT-80-27','tutor_accrual',100000.00,1,'2026-06-03 04:30:15','2026-06-03 04:30:15'),(247,'2026-04-22','Revenue Recognition - Enrollment #7 Meeting 2','REV-REC-20260422-7-1','rev_rec',100000.00,1,'2026-06-03 04:30:15','2026-06-03 04:30:15'),(248,'2026-04-22','Tutor fee - attendance #81','TUTOR-ATT-81-27','tutor_accrual',100000.00,1,'2026-06-03 04:30:15','2026-06-03 04:30:15'),(249,'2026-04-28','Revenue Recognition - Enrollment #7 Meeting 3','REV-REC-20260428-7-2','rev_rec',100000.00,1,'2026-06-03 04:30:15','2026-06-03 04:30:15'),(250,'2026-04-28','Tutor fee - attendance #82','TUTOR-ATT-82-27','tutor_accrual',100000.00,1,'2026-06-03 04:30:15','2026-06-03 04:30:15'),(251,'2026-05-03','Revenue Recognition - Enrollment #7 Meeting 4','REV-REC-20260503-7-3','rev_rec',100000.00,1,'2026-06-03 04:30:15','2026-06-03 04:30:15'),(252,'2026-05-03','Tutor fee - attendance #83','TUTOR-ATT-83-27','tutor_accrual',100000.00,1,'2026-06-03 04:30:15','2026-06-03 04:30:15'),(253,'2026-05-10','Revenue Recognition - Enrollment #7 Meeting 5','REV-REC-20260510-7-4','rev_rec',100000.00,1,'2026-06-03 04:30:15','2026-06-03 04:30:15'),(254,'2026-05-10','Tutor fee - attendance #84','TUTOR-ATT-84-27','tutor_accrual',100000.00,1,'2026-06-03 04:30:15','2026-06-03 04:30:15'),(255,'2026-05-16','Revenue Recognition - Enrollment #7 Meeting 6','REV-REC-20260516-7-5','rev_rec',100000.00,1,'2026-06-03 04:30:15','2026-06-03 04:30:15'),(256,'2026-05-16','Tutor fee - attendance #85','TUTOR-ATT-85-27','tutor_accrual',100000.00,1,'2026-06-03 04:30:15','2026-06-03 04:30:15'),(257,'2026-05-22','Revenue Recognition - Enrollment #7 Meeting 7','REV-REC-20260522-7-6','rev_rec',100000.00,1,'2026-06-03 04:30:15','2026-06-03 04:30:15'),(258,'2026-05-22','Tutor fee - attendance #86','TUTOR-ATT-86-27','tutor_accrual',100000.00,1,'2026-06-03 04:30:15','2026-06-03 04:30:15'),(259,'2025-08-30','Revenue Recognition - Enrollment #9 Meeting 1','REV-REC-20250830-9-0','rev_rec',91666.67,1,'2026-06-03 04:30:15','2026-06-03 04:30:15'),(260,'2025-08-30','Tutor fee - attendance #87','TUTOR-ATT-87-37','tutor_accrual',85000.00,1,'2026-06-03 04:30:15','2026-06-03 04:30:15'),(261,'2025-09-05','Revenue Recognition - Enrollment #9 Meeting 2','REV-REC-20250905-9-1','rev_rec',91666.67,1,'2026-06-03 04:30:15','2026-06-03 04:30:15'),(262,'2025-09-05','Tutor fee - attendance #88','TUTOR-ATT-88-37','tutor_accrual',85000.00,1,'2026-06-03 04:30:15','2026-06-03 04:30:15'),(263,'2025-09-09','Revenue Recognition - Enrollment #9 Meeting 3','REV-REC-20250909-9-2','rev_rec',91666.67,1,'2026-06-03 04:30:15','2026-06-03 04:30:15'),(264,'2025-09-09','Tutor fee - attendance #89','TUTOR-ATT-89-37','tutor_accrual',85000.00,1,'2026-06-03 04:30:15','2026-06-03 04:30:15'),(265,'2025-09-12','Revenue Recognition - Enrollment #9 Meeting 4','REV-REC-20250912-9-3','rev_rec',91666.67,1,'2026-06-03 04:30:15','2026-06-03 04:30:15'),(266,'2025-09-12','Tutor fee - attendance #90','TUTOR-ATT-90-37','tutor_accrual',85000.00,1,'2026-06-03 04:30:15','2026-06-03 04:30:15'),(267,'2025-09-18','Revenue Recognition - Enrollment #9 Meeting 5','REV-REC-20250918-9-4','rev_rec',91666.67,1,'2026-06-03 04:30:15','2026-06-03 04:30:15'),(268,'2025-09-18','Tutor fee - attendance #91','TUTOR-ATT-91-37','tutor_accrual',85000.00,1,'2026-06-03 04:30:15','2026-06-03 04:30:15'),(269,'2025-09-24','Revenue Recognition - Enrollment #9 Meeting 6','REV-REC-20250924-9-5','rev_rec',91666.67,1,'2026-06-03 04:30:15','2026-06-03 04:30:15'),(270,'2025-09-24','Tutor fee - attendance #92','TUTOR-ATT-92-37','tutor_accrual',85000.00,1,'2026-06-03 04:30:15','2026-06-03 04:30:15'),(271,'2025-09-30','Revenue Recognition - Enrollment #9 Meeting 7','REV-REC-20250930-9-6','rev_rec',91666.67,1,'2026-06-03 04:30:15','2026-06-03 04:30:15'),(272,'2025-09-30','Tutor fee - attendance #93','TUTOR-ATT-93-37','tutor_accrual',85000.00,1,'2026-06-03 04:30:15','2026-06-03 04:30:15'),(273,'2025-10-04','Revenue Recognition - Enrollment #9 Meeting 8','REV-REC-20251004-9-7','rev_rec',91666.67,1,'2026-06-03 04:30:15','2026-06-03 04:30:15'),(274,'2025-10-04','Tutor fee - attendance #94','TUTOR-ATT-94-37','tutor_accrual',85000.00,1,'2026-06-03 04:30:15','2026-06-03 04:30:15'),(275,'2025-10-07','Revenue Recognition - Enrollment #9 Meeting 9','REV-REC-20251007-9-8','rev_rec',91666.67,1,'2026-06-03 04:30:15','2026-06-03 04:30:15'),(276,'2025-10-07','Tutor fee - attendance #95','TUTOR-ATT-95-37','tutor_accrual',85000.00,1,'2026-06-03 04:30:15','2026-06-03 04:30:15'),(277,'2025-10-11','Revenue Recognition - Enrollment #9 Meeting 10','REV-REC-20251011-9-9','rev_rec',91666.67,1,'2026-06-03 04:30:15','2026-06-03 04:30:15'),(278,'2025-10-11','Tutor fee - attendance #96','TUTOR-ATT-96-37','tutor_accrual',85000.00,1,'2026-06-03 04:30:15','2026-06-03 04:30:15'),(279,'2025-10-18','Revenue Recognition - Enrollment #9 Meeting 11','REV-REC-20251018-9-10','rev_rec',91666.67,1,'2026-06-03 04:30:15','2026-06-03 04:30:15'),(280,'2025-10-18','Tutor fee - attendance #97','TUTOR-ATT-97-37','tutor_accrual',85000.00,1,'2026-06-03 04:30:15','2026-06-03 04:30:15'),(281,'2025-10-25','Revenue Recognition - Enrollment #9 Meeting 12','REV-REC-20251025-9-11','rev_rec',91666.67,1,'2026-06-03 04:30:15','2026-06-03 04:30:15'),(282,'2025-10-25','Tutor fee - attendance #98','TUTOR-ATT-98-37','tutor_accrual',85000.00,1,'2026-06-03 04:30:15','2026-06-03 04:30:15'),(283,'2025-10-28','Revenue Recognition - Enrollment #9 Meeting 13','REV-REC-20251028-9-12','rev_rec',91666.67,1,'2026-06-03 04:30:15','2026-06-03 04:30:15'),(284,'2025-10-28','Tutor fee - attendance #99','TUTOR-ATT-99-37','tutor_accrual',85000.00,1,'2026-06-03 04:30:15','2026-06-03 04:30:15'),(285,'2025-10-31','Revenue Recognition - Enrollment #9 Meeting 14','REV-REC-20251031-9-13','rev_rec',91666.67,1,'2026-06-03 04:30:15','2026-06-03 04:30:15'),(286,'2025-10-31','Tutor fee - attendance #100','TUTOR-ATT-100-37','tutor_accrual',85000.00,1,'2026-06-03 04:30:15','2026-06-03 04:30:15'),(287,'2025-11-07','Revenue Recognition - Enrollment #9 Meeting 15','REV-REC-20251107-9-14','rev_rec',91666.67,1,'2026-06-03 04:30:15','2026-06-03 04:30:15'),(288,'2025-11-07','Tutor fee - attendance #101','TUTOR-ATT-101-37','tutor_accrual',85000.00,1,'2026-06-03 04:30:16','2026-06-03 04:30:16'),(289,'2025-11-11','Revenue Recognition - Enrollment #9 Meeting 16','REV-REC-20251111-9-15','rev_rec',91666.67,1,'2026-06-03 04:30:16','2026-06-03 04:30:16'),(290,'2025-11-11','Tutor fee - attendance #102','TUTOR-ATT-102-37','tutor_accrual',85000.00,1,'2026-06-03 04:30:16','2026-06-03 04:30:16'),(291,'2025-11-16','Revenue Recognition - Enrollment #9 Meeting 17','REV-REC-20251116-9-16','rev_rec',91666.67,1,'2026-06-03 04:30:16','2026-06-03 04:30:16'),(292,'2025-11-16','Tutor fee - attendance #103','TUTOR-ATT-103-37','tutor_accrual',85000.00,1,'2026-06-03 04:30:16','2026-06-03 04:30:16'),(293,'2025-11-20','Revenue Recognition - Enrollment #9 Meeting 18','REV-REC-20251120-9-17','rev_rec',91666.67,1,'2026-06-03 04:30:16','2026-06-03 04:30:16'),(294,'2025-11-20','Tutor fee - attendance #104','TUTOR-ATT-104-37','tutor_accrual',85000.00,1,'2026-06-03 04:30:16','2026-06-03 04:30:16'),(295,'2025-11-27','Revenue Recognition - Enrollment #9 Meeting 19','REV-REC-20251127-9-18','rev_rec',91666.67,1,'2026-06-03 04:30:16','2026-06-03 04:30:16'),(296,'2025-11-27','Tutor fee - attendance #105','TUTOR-ATT-105-37','tutor_accrual',85000.00,1,'2026-06-03 04:30:16','2026-06-03 04:30:16'),(297,'2025-12-04','Revenue Recognition - Enrollment #9 Meeting 20','REV-REC-20251204-9-19','rev_rec',91666.67,1,'2026-06-03 04:30:16','2026-06-03 04:30:16'),(298,'2025-12-04','Tutor fee - attendance #106','TUTOR-ATT-106-37','tutor_accrual',85000.00,1,'2026-06-03 04:30:16','2026-06-03 04:30:16'),(299,'2025-12-08','Revenue Recognition - Enrollment #9 Meeting 21','REV-REC-20251208-9-20','rev_rec',91666.67,1,'2026-06-03 04:30:16','2026-06-03 04:30:16'),(300,'2025-12-08','Tutor fee - attendance #107','TUTOR-ATT-107-37','tutor_accrual',85000.00,1,'2026-06-03 04:30:16','2026-06-03 04:30:16'),(301,'2025-12-12','Revenue Recognition - Enrollment #9 Meeting 22','REV-REC-20251212-9-21','rev_rec',91666.67,1,'2026-06-03 04:30:16','2026-06-03 04:30:16'),(302,'2025-12-12','Tutor fee - attendance #108','TUTOR-ATT-108-37','tutor_accrual',85000.00,1,'2026-06-03 04:30:16','2026-06-03 04:30:16'),(303,'2025-12-18','Revenue Recognition - Enrollment #9 Meeting 23','REV-REC-20251218-9-22','rev_rec',91666.67,1,'2026-06-03 04:30:16','2026-06-03 04:30:16'),(304,'2025-12-18','Tutor fee - attendance #109','TUTOR-ATT-109-37','tutor_accrual',85000.00,1,'2026-06-03 04:30:16','2026-06-03 04:30:16'),(305,'2025-12-25','Revenue Recognition - Enrollment #9 Meeting 24','REV-REC-20251225-9-23','rev_rec',91666.67,1,'2026-06-03 04:30:16','2026-06-03 04:30:16'),(306,'2025-12-25','Tutor fee - attendance #110','TUTOR-ATT-110-37','tutor_accrual',85000.00,1,'2026-06-03 04:30:16','2026-06-03 04:30:16'),(307,'2025-09-20','Revenue Recognition - Enrollment #10 Meeting 1','REV-REC-20250920-10-0','rev_rec',106250.00,1,'2026-06-03 04:30:16','2026-06-03 04:30:16'),(308,'2025-09-20','Tutor fee - attendance #111','TUTOR-ATT-111-17','tutor_accrual',100000.00,1,'2026-06-03 04:30:16','2026-06-03 04:30:16'),(309,'2025-09-27','Revenue Recognition - Enrollment #10 Meeting 2','REV-REC-20250927-10-1','rev_rec',106250.00,1,'2026-06-03 04:30:16','2026-06-03 04:30:16'),(310,'2025-09-27','Tutor fee - attendance #112','TUTOR-ATT-112-17','tutor_accrual',100000.00,1,'2026-06-03 04:30:16','2026-06-03 04:30:16'),(311,'2025-10-04','Revenue Recognition - Enrollment #10 Meeting 3','REV-REC-20251004-10-2','rev_rec',106250.00,1,'2026-06-03 04:30:16','2026-06-03 04:30:16'),(312,'2025-10-04','Tutor fee - attendance #113','TUTOR-ATT-113-17','tutor_accrual',100000.00,1,'2026-06-03 04:30:16','2026-06-03 04:30:16'),(313,'2025-10-10','Revenue Recognition - Enrollment #10 Meeting 4','REV-REC-20251010-10-3','rev_rec',106250.00,1,'2026-06-03 04:30:16','2026-06-03 04:30:16'),(314,'2025-10-10','Tutor fee - attendance #114','TUTOR-ATT-114-17','tutor_accrual',100000.00,1,'2026-06-03 04:30:16','2026-06-03 04:30:16'),(315,'2025-10-17','Revenue Recognition - Enrollment #10 Meeting 5','REV-REC-20251017-10-4','rev_rec',106250.00,1,'2026-06-03 04:30:16','2026-06-03 04:30:16'),(316,'2025-10-17','Tutor fee - attendance #115','TUTOR-ATT-115-17','tutor_accrual',100000.00,1,'2026-06-03 04:30:16','2026-06-03 04:30:16'),(317,'2025-10-24','Revenue Recognition - Enrollment #10 Meeting 6','REV-REC-20251024-10-5','rev_rec',106250.00,1,'2026-06-03 04:30:16','2026-06-03 04:30:16'),(318,'2025-10-24','Tutor fee - attendance #116','TUTOR-ATT-116-17','tutor_accrual',100000.00,1,'2026-06-03 04:30:16','2026-06-03 04:30:16'),(319,'2025-10-31','Revenue Recognition - Enrollment #10 Meeting 7','REV-REC-20251031-10-6','rev_rec',106250.00,1,'2026-06-03 04:30:16','2026-06-03 04:30:16'),(320,'2025-10-31','Tutor fee - attendance #117','TUTOR-ATT-117-17','tutor_accrual',100000.00,1,'2026-06-03 04:30:16','2026-06-03 04:30:16'),(321,'2025-11-03','Revenue Recognition - Enrollment #10 Meeting 8','REV-REC-20251103-10-7','rev_rec',106250.00,1,'2026-06-03 04:30:16','2026-06-03 04:30:16'),(322,'2025-11-03','Tutor fee - attendance #118','TUTOR-ATT-118-17','tutor_accrual',100000.00,1,'2026-06-03 04:30:16','2026-06-03 04:30:16'),(323,'2025-11-10','Revenue Recognition - Enrollment #10 Meeting 9','REV-REC-20251110-10-8','rev_rec',106250.00,1,'2026-06-03 04:30:16','2026-06-03 04:30:16'),(324,'2025-11-10','Tutor fee - attendance #119','TUTOR-ATT-119-17','tutor_accrual',100000.00,1,'2026-06-03 04:30:16','2026-06-03 04:30:16'),(325,'2025-11-17','Revenue Recognition - Enrollment #10 Meeting 10','REV-REC-20251117-10-9','rev_rec',106250.00,1,'2026-06-03 04:30:16','2026-06-03 04:30:16'),(326,'2025-11-17','Tutor fee - attendance #120','TUTOR-ATT-120-17','tutor_accrual',100000.00,1,'2026-06-03 04:30:16','2026-06-03 04:30:16'),(327,'2025-11-22','Revenue Recognition - Enrollment #10 Meeting 11','REV-REC-20251122-10-10','rev_rec',106250.00,1,'2026-06-03 04:30:16','2026-06-03 04:30:16'),(328,'2025-11-22','Tutor fee - attendance #121','TUTOR-ATT-121-17','tutor_accrual',100000.00,1,'2026-06-03 04:30:16','2026-06-03 04:30:16'),(329,'2025-11-27','Revenue Recognition - Enrollment #10 Meeting 12','REV-REC-20251127-10-11','rev_rec',106250.00,1,'2026-06-03 04:30:16','2026-06-03 04:30:16'),(330,'2025-11-27','Tutor fee - attendance #122','TUTOR-ATT-122-17','tutor_accrual',100000.00,1,'2026-06-03 04:30:16','2026-06-03 04:30:16'),(331,'2025-12-03','Revenue Recognition - Enrollment #10 Meeting 13','REV-REC-20251203-10-12','rev_rec',106250.00,1,'2026-06-03 04:30:16','2026-06-03 04:30:16'),(332,'2025-12-03','Tutor fee - attendance #123','TUTOR-ATT-123-17','tutor_accrual',100000.00,1,'2026-06-03 04:30:16','2026-06-03 04:30:16'),(333,'2025-12-08','Revenue Recognition - Enrollment #10 Meeting 14','REV-REC-20251208-10-13','rev_rec',106250.00,1,'2026-06-03 04:30:16','2026-06-03 04:30:16'),(334,'2025-12-08','Tutor fee - attendance #124','TUTOR-ATT-124-17','tutor_accrual',100000.00,1,'2026-06-03 04:30:16','2026-06-03 04:30:16'),(335,'2025-12-11','Revenue Recognition - Enrollment #10 Meeting 15','REV-REC-20251211-10-14','rev_rec',106250.00,1,'2026-06-03 04:30:16','2026-06-03 04:30:16'),(336,'2025-12-11','Tutor fee - attendance #125','TUTOR-ATT-125-17','tutor_accrual',100000.00,1,'2026-06-03 04:30:16','2026-06-03 04:30:16'),(337,'2025-12-15','Revenue Recognition - Enrollment #10 Meeting 16','REV-REC-20251215-10-15','rev_rec',106250.00,1,'2026-06-03 04:30:16','2026-06-03 04:30:16'),(338,'2025-12-15','Tutor fee - attendance #126','TUTOR-ATT-126-17','tutor_accrual',100000.00,1,'2026-06-03 04:30:16','2026-06-03 04:30:16'),(339,'2025-12-18','Revenue Recognition - Enrollment #10 Meeting 17','REV-REC-20251218-10-16','rev_rec',106250.00,1,'2026-06-03 04:30:16','2026-06-03 04:30:16'),(340,'2025-12-18','Tutor fee - attendance #127','TUTOR-ATT-127-17','tutor_accrual',100000.00,1,'2026-06-03 04:30:16','2026-06-03 04:30:16'),(341,'2025-12-23','Revenue Recognition - Enrollment #10 Meeting 18','REV-REC-20251223-10-17','rev_rec',106250.00,1,'2026-06-03 04:30:16','2026-06-03 04:30:16'),(342,'2025-12-23','Tutor fee - attendance #128','TUTOR-ATT-128-17','tutor_accrual',100000.00,1,'2026-06-03 04:30:16','2026-06-03 04:30:16'),(343,'2025-12-27','Revenue Recognition - Enrollment #10 Meeting 19','REV-REC-20251227-10-18','rev_rec',106250.00,1,'2026-06-03 04:30:16','2026-06-03 04:30:16'),(344,'2025-12-27','Tutor fee - attendance #129','TUTOR-ATT-129-17','tutor_accrual',100000.00,1,'2026-06-03 04:30:16','2026-06-03 04:30:16'),(345,'2026-01-02','Revenue Recognition - Enrollment #10 Meeting 20','REV-REC-20260102-10-19','rev_rec',106250.00,1,'2026-06-03 04:30:16','2026-06-03 04:30:16'),(346,'2026-01-02','Tutor fee - attendance #130','TUTOR-ATT-130-17','tutor_accrual',100000.00,1,'2026-06-03 04:30:16','2026-06-03 04:30:16'),(347,'2026-01-06','Revenue Recognition - Enrollment #10 Meeting 21','REV-REC-20260106-10-20','rev_rec',106250.00,1,'2026-06-03 04:30:16','2026-06-03 04:30:16'),(348,'2026-01-06','Tutor fee - attendance #131','TUTOR-ATT-131-17','tutor_accrual',100000.00,1,'2026-06-03 04:30:16','2026-06-03 04:30:16'),(349,'2026-01-11','Revenue Recognition - Enrollment #10 Meeting 22','REV-REC-20260111-10-21','rev_rec',106250.00,1,'2026-06-03 04:30:16','2026-06-03 04:30:16'),(350,'2026-01-11','Tutor fee - attendance #132','TUTOR-ATT-132-17','tutor_accrual',100000.00,1,'2026-06-03 04:30:17','2026-06-03 04:30:17'),(351,'2026-01-18','Revenue Recognition - Enrollment #10 Meeting 23','REV-REC-20260118-10-22','rev_rec',106250.00,1,'2026-06-03 04:30:17','2026-06-03 04:30:17'),(352,'2026-01-18','Tutor fee - attendance #133','TUTOR-ATT-133-17','tutor_accrual',100000.00,1,'2026-06-03 04:30:17','2026-06-03 04:30:17'),(353,'2026-01-25','Revenue Recognition - Enrollment #10 Meeting 24','REV-REC-20260125-10-23','rev_rec',106250.00,1,'2026-06-03 04:30:17','2026-06-03 04:30:17'),(354,'2026-01-25','Tutor fee - attendance #134','TUTOR-ATT-134-17','tutor_accrual',100000.00,1,'2026-06-03 04:30:17','2026-06-03 04:30:17'),(355,'2026-02-01','Revenue Recognition - Enrollment #10 Meeting 25','REV-REC-20260201-10-24','rev_rec',106250.00,1,'2026-06-03 04:30:17','2026-06-03 04:30:17'),(356,'2026-02-01','Tutor fee - attendance #135','TUTOR-ATT-135-17','tutor_accrual',100000.00,1,'2026-06-03 04:30:17','2026-06-03 04:30:17'),(357,'2026-02-07','Revenue Recognition - Enrollment #10 Meeting 26','REV-REC-20260207-10-25','rev_rec',106250.00,1,'2026-06-03 04:30:17','2026-06-03 04:30:17'),(358,'2026-02-07','Tutor fee - attendance #136','TUTOR-ATT-136-17','tutor_accrual',100000.00,1,'2026-06-03 04:30:17','2026-06-03 04:30:17'),(359,'2026-02-12','Revenue Recognition - Enrollment #10 Meeting 27','REV-REC-20260212-10-26','rev_rec',106250.00,1,'2026-06-03 04:30:17','2026-06-03 04:30:17'),(360,'2026-02-12','Tutor fee - attendance #137','TUTOR-ATT-137-17','tutor_accrual',100000.00,1,'2026-06-03 04:30:17','2026-06-03 04:30:17'),(361,'2026-02-19','Revenue Recognition - Enrollment #10 Meeting 28','REV-REC-20260219-10-27','rev_rec',106250.00,1,'2026-06-03 04:30:17','2026-06-03 04:30:17'),(362,'2026-02-19','Tutor fee - attendance #138','TUTOR-ATT-138-17','tutor_accrual',100000.00,1,'2026-06-03 04:30:17','2026-06-03 04:30:17'),(363,'2026-02-24','Revenue Recognition - Enrollment #10 Meeting 29','REV-REC-20260224-10-28','rev_rec',106250.00,1,'2026-06-03 04:30:17','2026-06-03 04:30:17'),(364,'2026-02-24','Tutor fee - attendance #139','TUTOR-ATT-139-17','tutor_accrual',100000.00,1,'2026-06-03 04:30:17','2026-06-03 04:30:17'),(365,'2026-02-27','Revenue Recognition - Enrollment #10 Meeting 30','REV-REC-20260227-10-29','rev_rec',106250.00,1,'2026-06-03 04:30:17','2026-06-03 04:30:17'),(366,'2026-02-27','Tutor fee - attendance #140','TUTOR-ATT-140-17','tutor_accrual',100000.00,1,'2026-06-03 04:30:17','2026-06-03 04:30:17'),(367,'2026-03-02','Revenue Recognition - Enrollment #10 Meeting 31','REV-REC-20260302-10-30','rev_rec',106250.00,1,'2026-06-03 04:30:17','2026-06-03 04:30:17'),(368,'2026-03-02','Tutor fee - attendance #141','TUTOR-ATT-141-17','tutor_accrual',100000.00,1,'2026-06-03 04:30:17','2026-06-03 04:30:17'),(369,'2026-03-06','Revenue Recognition - Enrollment #10 Meeting 32','REV-REC-20260306-10-31','rev_rec',106250.00,1,'2026-06-03 04:30:17','2026-06-03 04:30:17'),(370,'2026-03-06','Tutor fee - attendance #142','TUTOR-ATT-142-17','tutor_accrual',100000.00,1,'2026-06-03 04:30:17','2026-06-03 04:30:17'),(371,'2026-03-10','Revenue Recognition - Enrollment #10 Meeting 33','REV-REC-20260310-10-32','rev_rec',106250.00,1,'2026-06-03 04:30:17','2026-06-03 04:30:17'),(372,'2026-03-10','Tutor fee - attendance #143','TUTOR-ATT-143-17','tutor_accrual',100000.00,1,'2026-06-03 04:30:17','2026-06-03 04:30:17'),(373,'2026-03-13','Revenue Recognition - Enrollment #10 Meeting 34','REV-REC-20260313-10-33','rev_rec',106250.00,1,'2026-06-03 04:30:17','2026-06-03 04:30:17'),(374,'2026-03-13','Tutor fee - attendance #144','TUTOR-ATT-144-17','tutor_accrual',100000.00,1,'2026-06-03 04:30:17','2026-06-03 04:30:17'),(375,'2026-03-16','Revenue Recognition - Enrollment #10 Meeting 35','REV-REC-20260316-10-34','rev_rec',106250.00,1,'2026-06-03 04:30:17','2026-06-03 04:30:17'),(376,'2026-03-16','Tutor fee - attendance #145','TUTOR-ATT-145-17','tutor_accrual',100000.00,1,'2026-06-03 04:30:17','2026-06-03 04:30:17'),(377,'2026-02-05','Revenue Recognition - Enrollment #11 Meeting 1','REV-REC-20260205-11-0','rev_rec',133333.33,1,'2026-06-03 04:30:17','2026-06-03 04:30:17'),(378,'2026-02-05','Tutor fee - attendance #146','TUTOR-ATT-146-36','tutor_accrual',85000.00,1,'2026-06-03 04:30:17','2026-06-03 04:30:17'),(379,'2026-02-28','Revenue Recognition - Enrollment #12 Meeting 1','REV-REC-20260228-12-0','rev_rec',120000.00,1,'2026-06-03 04:30:17','2026-06-03 04:30:17'),(380,'2026-02-28','Tutor fee - attendance #147','TUTOR-ATT-147-37','tutor_accrual',75000.00,1,'2026-06-03 04:30:17','2026-06-03 04:30:17'),(381,'2026-03-07','Revenue Recognition - Enrollment #12 Meeting 2','REV-REC-20260307-12-1','rev_rec',120000.00,1,'2026-06-03 04:30:17','2026-06-03 04:30:17'),(382,'2026-03-07','Tutor fee - attendance #148','TUTOR-ATT-148-37','tutor_accrual',75000.00,1,'2026-06-03 04:30:17','2026-06-03 04:30:17'),(383,'2026-03-10','Revenue Recognition - Enrollment #12 Meeting 3','REV-REC-20260310-12-2','rev_rec',120000.00,1,'2026-06-03 04:30:17','2026-06-03 04:30:17'),(384,'2026-03-10','Tutor fee - attendance #149','TUTOR-ATT-149-37','tutor_accrual',75000.00,1,'2026-06-03 04:30:17','2026-06-03 04:30:17'),(385,'2026-03-15','Revenue Recognition - Enrollment #12 Meeting 4','REV-REC-20260315-12-3','rev_rec',120000.00,1,'2026-06-03 04:30:17','2026-06-03 04:30:17'),(386,'2026-03-15','Tutor fee - attendance #150','TUTOR-ATT-150-37','tutor_accrual',75000.00,1,'2026-06-03 04:30:17','2026-06-03 04:30:17'),(387,'2026-03-21','Revenue Recognition - Enrollment #12 Meeting 5','REV-REC-20260321-12-4','rev_rec',120000.00,1,'2026-06-03 04:30:17','2026-06-03 04:30:17'),(388,'2026-03-21','Tutor fee - attendance #151','TUTOR-ATT-151-37','tutor_accrual',75000.00,1,'2026-06-03 04:30:17','2026-06-03 04:30:17'),(389,'2026-03-26','Revenue Recognition - Enrollment #12 Meeting 6','REV-REC-20260326-12-5','rev_rec',120000.00,1,'2026-06-03 04:30:17','2026-06-03 04:30:17'),(390,'2026-03-26','Tutor fee - attendance #152','TUTOR-ATT-152-37','tutor_accrual',75000.00,1,'2026-06-03 04:30:17','2026-06-03 04:30:17'),(391,'2026-03-30','Revenue Recognition - Enrollment #12 Meeting 7','REV-REC-20260330-12-6','rev_rec',120000.00,1,'2026-06-03 04:30:17','2026-06-03 04:30:17'),(392,'2026-03-30','Tutor fee - attendance #153','TUTOR-ATT-153-37','tutor_accrual',75000.00,1,'2026-06-03 04:30:17','2026-06-03 04:30:17'),(393,'2026-04-06','Revenue Recognition - Enrollment #12 Meeting 8','REV-REC-20260406-12-7','rev_rec',120000.00,1,'2026-06-03 04:30:17','2026-06-03 04:30:17'),(394,'2026-04-06','Tutor fee - attendance #154','TUTOR-ATT-154-37','tutor_accrual',75000.00,1,'2026-06-03 04:30:17','2026-06-03 04:30:17'),(395,'2026-04-11','Revenue Recognition - Enrollment #12 Meeting 9','REV-REC-20260411-12-8','rev_rec',120000.00,1,'2026-06-03 04:30:17','2026-06-03 04:30:17'),(396,'2026-04-11','Tutor fee - attendance #155','TUTOR-ATT-155-37','tutor_accrual',75000.00,1,'2026-06-03 04:30:17','2026-06-03 04:30:17'),(397,'2026-04-14','Revenue Recognition - Enrollment #12 Meeting 10','REV-REC-20260414-12-9','rev_rec',120000.00,1,'2026-06-03 04:30:17','2026-06-03 04:30:17'),(398,'2026-04-14','Tutor fee - attendance #156','TUTOR-ATT-156-37','tutor_accrual',75000.00,1,'2026-06-03 04:30:17','2026-06-03 04:30:17'),(399,'2026-04-17','Revenue Recognition - Enrollment #12 Meeting 11','REV-REC-20260417-12-10','rev_rec',120000.00,1,'2026-06-03 04:30:17','2026-06-03 04:30:17'),(400,'2026-04-17','Tutor fee - attendance #157','TUTOR-ATT-157-37','tutor_accrual',75000.00,1,'2026-06-03 04:30:17','2026-06-03 04:30:17'),(401,'2026-04-21','Revenue Recognition - Enrollment #12 Meeting 12','REV-REC-20260421-12-11','rev_rec',120000.00,1,'2026-06-03 04:30:17','2026-06-03 04:30:17'),(402,'2026-04-21','Tutor fee - attendance #158','TUTOR-ATT-158-37','tutor_accrual',75000.00,1,'2026-06-03 04:30:17','2026-06-03 04:30:17'),(403,'2026-04-24','Revenue Recognition - Enrollment #12 Meeting 13','REV-REC-20260424-12-12','rev_rec',120000.00,1,'2026-06-03 04:30:17','2026-06-03 04:30:17'),(404,'2026-04-24','Tutor fee - attendance #159','TUTOR-ATT-159-37','tutor_accrual',75000.00,1,'2026-06-03 04:30:17','2026-06-03 04:30:17'),(405,'2026-03-06','Revenue Recognition - Enrollment #13 Meeting 1','REV-REC-20260306-13-0','rev_rec',100000.00,1,'2026-06-03 04:30:17','2026-06-03 04:30:17'),(406,'2026-03-06','Tutor fee - attendance #160','TUTOR-ATT-160-39','tutor_accrual',100000.00,1,'2026-06-03 04:30:17','2026-06-03 04:30:17'),(407,'2026-03-12','Revenue Recognition - Enrollment #13 Meeting 2','REV-REC-20260312-13-1','rev_rec',100000.00,1,'2026-06-03 04:30:17','2026-06-03 04:30:17'),(408,'2026-03-12','Tutor fee - attendance #161','TUTOR-ATT-161-39','tutor_accrual',100000.00,1,'2026-06-03 04:30:17','2026-06-03 04:30:17'),(409,'2026-03-16','Revenue Recognition - Enrollment #13 Meeting 3','REV-REC-20260316-13-2','rev_rec',100000.00,1,'2026-06-03 04:30:17','2026-06-03 04:30:17'),(410,'2026-03-16','Tutor fee - attendance #162','TUTOR-ATT-162-39','tutor_accrual',100000.00,1,'2026-06-03 04:30:17','2026-06-03 04:30:17'),(411,'2026-03-23','Revenue Recognition - Enrollment #13 Meeting 4','REV-REC-20260323-13-3','rev_rec',100000.00,1,'2026-06-03 04:30:17','2026-06-03 04:30:17'),(412,'2026-03-23','Tutor fee - attendance #163','TUTOR-ATT-163-39','tutor_accrual',100000.00,1,'2026-06-03 04:30:17','2026-06-03 04:30:17'),(413,'2026-03-30','Revenue Recognition - Enrollment #13 Meeting 5','REV-REC-20260330-13-4','rev_rec',100000.00,1,'2026-06-03 04:30:17','2026-06-03 04:30:17'),(414,'2026-03-30','Tutor fee - attendance #164','TUTOR-ATT-164-39','tutor_accrual',100000.00,1,'2026-06-03 04:30:17','2026-06-03 04:30:17'),(415,'2026-04-02','Revenue Recognition - Enrollment #13 Meeting 6','REV-REC-20260402-13-5','rev_rec',100000.00,1,'2026-06-03 04:30:17','2026-06-03 04:30:17'),(416,'2026-04-02','Tutor fee - attendance #165','TUTOR-ATT-165-39','tutor_accrual',100000.00,1,'2026-06-03 04:30:17','2026-06-03 04:30:17'),(417,'2026-04-07','Revenue Recognition - Enrollment #13 Meeting 7','REV-REC-20260407-13-6','rev_rec',100000.00,1,'2026-06-03 04:30:18','2026-06-03 04:30:18'),(418,'2026-04-07','Tutor fee - attendance #166','TUTOR-ATT-166-39','tutor_accrual',100000.00,1,'2026-06-03 04:30:18','2026-06-03 04:30:18'),(419,'2026-04-11','Revenue Recognition - Enrollment #13 Meeting 8','REV-REC-20260411-13-7','rev_rec',100000.00,1,'2026-06-03 04:30:18','2026-06-03 04:30:18'),(420,'2026-04-11','Tutor fee - attendance #167','TUTOR-ATT-167-39','tutor_accrual',100000.00,1,'2026-06-03 04:30:18','2026-06-03 04:30:18'),(421,'2026-04-18','Revenue Recognition - Enrollment #13 Meeting 9','REV-REC-20260418-13-8','rev_rec',100000.00,1,'2026-06-03 04:30:18','2026-06-03 04:30:18'),(422,'2026-04-18','Tutor fee - attendance #168','TUTOR-ATT-168-39','tutor_accrual',100000.00,1,'2026-06-03 04:30:18','2026-06-03 04:30:18'),(423,'2026-04-25','Revenue Recognition - Enrollment #13 Meeting 10','REV-REC-20260425-13-9','rev_rec',100000.00,1,'2026-06-03 04:30:18','2026-06-03 04:30:18'),(424,'2026-04-25','Tutor fee - attendance #169','TUTOR-ATT-169-39','tutor_accrual',100000.00,1,'2026-06-03 04:30:18','2026-06-03 04:30:18'),(425,'2026-02-13','Revenue Recognition - Enrollment #17 Meeting 1','REV-REC-20260213-17-0','rev_rec',125000.00,1,'2026-06-03 04:30:18','2026-06-03 04:30:18'),(426,'2026-02-13','Tutor fee - attendance #170','TUTOR-ATT-170-9','tutor_accrual',85000.00,1,'2026-06-03 04:30:18','2026-06-03 04:30:18'),(427,'2026-02-20','Revenue Recognition - Enrollment #17 Meeting 2','REV-REC-20260220-17-1','rev_rec',125000.00,1,'2026-06-03 04:30:18','2026-06-03 04:30:18'),(428,'2026-02-20','Tutor fee - attendance #171','TUTOR-ATT-171-9','tutor_accrual',85000.00,1,'2026-06-03 04:30:18','2026-06-03 04:30:18'),(429,'2026-02-24','Revenue Recognition - Enrollment #17 Meeting 3','REV-REC-20260224-17-2','rev_rec',125000.00,1,'2026-06-03 04:30:18','2026-06-03 04:30:18'),(430,'2026-02-24','Tutor fee - attendance #172','TUTOR-ATT-172-9','tutor_accrual',85000.00,1,'2026-06-03 04:30:18','2026-06-03 04:30:18'),(431,'2026-03-02','Revenue Recognition - Enrollment #17 Meeting 4','REV-REC-20260302-17-3','rev_rec',125000.00,1,'2026-06-03 04:30:18','2026-06-03 04:30:18'),(432,'2026-03-02','Tutor fee - attendance #173','TUTOR-ATT-173-9','tutor_accrual',85000.00,1,'2026-06-03 04:30:18','2026-06-03 04:30:18'),(433,'2025-11-14','Revenue Recognition - Enrollment #18 Meeting 1','REV-REC-20251114-18-0','rev_rec',100000.00,1,'2026-06-03 04:30:18','2026-06-03 04:30:18'),(434,'2025-11-14','Tutor fee - attendance #174','TUTOR-ATT-174-18','tutor_accrual',95000.00,1,'2026-06-03 04:30:18','2026-06-03 04:30:18'),(435,'2025-11-18','Revenue Recognition - Enrollment #18 Meeting 2','REV-REC-20251118-18-1','rev_rec',100000.00,1,'2026-06-03 04:30:18','2026-06-03 04:30:18'),(436,'2025-11-18','Tutor fee - attendance #175','TUTOR-ATT-175-18','tutor_accrual',95000.00,1,'2026-06-03 04:30:18','2026-06-03 04:30:18'),(437,'2025-11-23','Revenue Recognition - Enrollment #18 Meeting 3','REV-REC-20251123-18-2','rev_rec',100000.00,1,'2026-06-03 04:30:18','2026-06-03 04:30:18'),(438,'2025-11-23','Tutor fee - attendance #176','TUTOR-ATT-176-18','tutor_accrual',95000.00,1,'2026-06-03 04:30:18','2026-06-03 04:30:18'),(439,'2025-11-29','Revenue Recognition - Enrollment #18 Meeting 4','REV-REC-20251129-18-3','rev_rec',100000.00,1,'2026-06-03 04:30:18','2026-06-03 04:30:18'),(440,'2025-11-29','Tutor fee - attendance #177','TUTOR-ATT-177-18','tutor_accrual',95000.00,1,'2026-06-03 04:30:18','2026-06-03 04:30:18'),(441,'2025-12-06','Revenue Recognition - Enrollment #18 Meeting 5','REV-REC-20251206-18-4','rev_rec',100000.00,1,'2026-06-03 04:30:18','2026-06-03 04:30:18'),(442,'2025-12-06','Tutor fee - attendance #178','TUTOR-ATT-178-18','tutor_accrual',95000.00,1,'2026-06-03 04:30:18','2026-06-03 04:30:18'),(443,'2025-12-11','Revenue Recognition - Enrollment #18 Meeting 6','REV-REC-20251211-18-5','rev_rec',100000.00,1,'2026-06-03 04:30:18','2026-06-03 04:30:18'),(444,'2025-12-11','Tutor fee - attendance #179','TUTOR-ATT-179-18','tutor_accrual',95000.00,1,'2026-06-03 04:30:18','2026-06-03 04:30:18'),(445,'2025-12-18','Revenue Recognition - Enrollment #18 Meeting 7','REV-REC-20251218-18-6','rev_rec',100000.00,1,'2026-06-03 04:30:18','2026-06-03 04:30:18'),(446,'2025-12-18','Tutor fee - attendance #180','TUTOR-ATT-180-18','tutor_accrual',95000.00,1,'2026-06-03 04:30:18','2026-06-03 04:30:18'),(447,'2025-12-22','Revenue Recognition - Enrollment #18 Meeting 8','REV-REC-20251222-18-7','rev_rec',100000.00,1,'2026-06-03 04:30:18','2026-06-03 04:30:18'),(448,'2025-12-22','Tutor fee - attendance #181','TUTOR-ATT-181-18','tutor_accrual',95000.00,1,'2026-06-03 04:30:18','2026-06-03 04:30:18'),(449,'2025-12-28','Revenue Recognition - Enrollment #18 Meeting 9','REV-REC-20251228-18-8','rev_rec',100000.00,1,'2026-06-03 04:30:18','2026-06-03 04:30:18'),(450,'2025-12-28','Tutor fee - attendance #182','TUTOR-ATT-182-18','tutor_accrual',95000.00,1,'2026-06-03 04:30:18','2026-06-03 04:30:18'),(451,'2026-01-03','Revenue Recognition - Enrollment #18 Meeting 10','REV-REC-20260103-18-9','rev_rec',100000.00,1,'2026-06-03 04:30:18','2026-06-03 04:30:18'),(452,'2026-01-03','Tutor fee - attendance #183','TUTOR-ATT-183-18','tutor_accrual',95000.00,1,'2026-06-03 04:30:18','2026-06-03 04:30:18'),(453,'2026-01-08','Revenue Recognition - Enrollment #18 Meeting 11','REV-REC-20260108-18-10','rev_rec',100000.00,1,'2026-06-03 04:30:18','2026-06-03 04:30:18'),(454,'2026-01-08','Tutor fee - attendance #184','TUTOR-ATT-184-18','tutor_accrual',95000.00,1,'2026-06-03 04:30:18','2026-06-03 04:30:18'),(455,'2026-01-14','Revenue Recognition - Enrollment #18 Meeting 12','REV-REC-20260114-18-11','rev_rec',100000.00,1,'2026-06-03 04:30:18','2026-06-03 04:30:18'),(456,'2026-01-14','Tutor fee - attendance #185','TUTOR-ATT-185-18','tutor_accrual',95000.00,1,'2026-06-03 04:30:18','2026-06-03 04:30:18'),(457,'2026-03-02','Revenue Recognition - Enrollment #19 Meeting 1','REV-REC-20260302-19-0','rev_rec',120000.00,1,'2026-06-03 04:30:18','2026-06-03 04:30:18'),(458,'2026-03-02','Tutor fee - attendance #186','TUTOR-ATT-186-14','tutor_accrual',75000.00,1,'2026-06-03 04:30:18','2026-06-03 04:30:18'),(459,'2026-03-09','Revenue Recognition - Enrollment #19 Meeting 2','REV-REC-20260309-19-1','rev_rec',120000.00,1,'2026-06-03 04:30:18','2026-06-03 04:30:18'),(460,'2026-03-09','Tutor fee - attendance #187','TUTOR-ATT-187-14','tutor_accrual',75000.00,1,'2026-06-03 04:30:18','2026-06-03 04:30:18'),(461,'2026-03-12','Revenue Recognition - Enrollment #19 Meeting 3','REV-REC-20260312-19-2','rev_rec',120000.00,1,'2026-06-03 04:30:18','2026-06-03 04:30:18'),(462,'2026-03-12','Tutor fee - attendance #188','TUTOR-ATT-188-14','tutor_accrual',75000.00,1,'2026-06-03 04:30:18','2026-06-03 04:30:18'),(463,'2026-03-16','Revenue Recognition - Enrollment #19 Meeting 4','REV-REC-20260316-19-3','rev_rec',120000.00,1,'2026-06-03 04:30:18','2026-06-03 04:30:18'),(464,'2026-03-16','Tutor fee - attendance #189','TUTOR-ATT-189-14','tutor_accrual',75000.00,1,'2026-06-03 04:30:18','2026-06-03 04:30:18'),(465,'2025-10-14','Revenue Recognition - Enrollment #20 Meeting 1','REV-REC-20251014-20-0','rev_rec',116666.67,1,'2026-06-03 04:30:18','2026-06-03 04:30:18'),(466,'2025-10-14','Tutor fee - attendance #190','TUTOR-ATT-190-20','tutor_accrual',100000.00,1,'2026-06-03 04:30:18','2026-06-03 04:30:18'),(467,'2025-10-18','Revenue Recognition - Enrollment #20 Meeting 2','REV-REC-20251018-20-1','rev_rec',116666.67,1,'2026-06-03 04:30:18','2026-06-03 04:30:18'),(468,'2025-10-18','Tutor fee - attendance #191','TUTOR-ATT-191-20','tutor_accrual',100000.00,1,'2026-06-03 04:30:18','2026-06-03 04:30:18'),(469,'2025-10-24','Revenue Recognition - Enrollment #20 Meeting 3','REV-REC-20251024-20-2','rev_rec',116666.67,1,'2026-06-03 04:30:18','2026-06-03 04:30:18'),(470,'2025-10-24','Tutor fee - attendance #192','TUTOR-ATT-192-20','tutor_accrual',100000.00,1,'2026-06-03 04:30:18','2026-06-03 04:30:18'),(471,'2025-11-10','Revenue Recognition - Enrollment #21 Meeting 1','REV-REC-20251110-21-0','rev_rec',100000.00,1,'2026-06-03 04:30:18','2026-06-03 04:30:18'),(472,'2025-11-10','Tutor fee - attendance #193','TUTOR-ATT-193-25','tutor_accrual',85000.00,1,'2026-06-03 04:30:18','2026-06-03 04:30:18'),(473,'2025-11-14','Revenue Recognition - Enrollment #21 Meeting 2','REV-REC-20251114-21-1','rev_rec',100000.00,1,'2026-06-03 04:30:18','2026-06-03 04:30:18'),(474,'2025-11-14','Tutor fee - attendance #194','TUTOR-ATT-194-25','tutor_accrual',85000.00,1,'2026-06-03 04:30:18','2026-06-03 04:30:18'),(475,'2025-11-21','Revenue Recognition - Enrollment #21 Meeting 3','REV-REC-20251121-21-2','rev_rec',100000.00,1,'2026-06-03 04:30:18','2026-06-03 04:30:18'),(476,'2025-11-21','Tutor fee - attendance #195','TUTOR-ATT-195-25','tutor_accrual',85000.00,1,'2026-06-03 04:30:18','2026-06-03 04:30:18'),(477,'2025-11-27','Revenue Recognition - Enrollment #21 Meeting 4','REV-REC-20251127-21-3','rev_rec',100000.00,1,'2026-06-03 04:30:18','2026-06-03 04:30:18'),(478,'2025-11-27','Tutor fee - attendance #196','TUTOR-ATT-196-25','tutor_accrual',85000.00,1,'2026-06-03 04:30:18','2026-06-03 04:30:18'),(479,'2025-12-03','Revenue Recognition - Enrollment #21 Meeting 5','REV-REC-20251203-21-4','rev_rec',100000.00,1,'2026-06-03 04:30:18','2026-06-03 04:30:18'),(480,'2025-12-03','Tutor fee - attendance #197','TUTOR-ATT-197-25','tutor_accrual',85000.00,1,'2026-06-03 04:30:18','2026-06-03 04:30:18'),(481,'2025-12-06','Revenue Recognition - Enrollment #21 Meeting 6','REV-REC-20251206-21-5','rev_rec',100000.00,1,'2026-06-03 04:30:18','2026-06-03 04:30:18'),(482,'2025-12-06','Tutor fee - attendance #198','TUTOR-ATT-198-25','tutor_accrual',85000.00,1,'2026-06-03 04:30:18','2026-06-03 04:30:18'),(483,'2025-12-10','Revenue Recognition - Enrollment #21 Meeting 7','REV-REC-20251210-21-6','rev_rec',100000.00,1,'2026-06-03 04:30:19','2026-06-03 04:30:19'),(484,'2025-12-10','Tutor fee - attendance #199','TUTOR-ATT-199-25','tutor_accrual',85000.00,1,'2026-06-03 04:30:19','2026-06-03 04:30:19'),(485,'2025-12-14','Revenue Recognition - Enrollment #21 Meeting 8','REV-REC-20251214-21-7','rev_rec',100000.00,1,'2026-06-03 04:30:19','2026-06-03 04:30:19'),(486,'2025-12-14','Tutor fee - attendance #200','TUTOR-ATT-200-25','tutor_accrual',85000.00,1,'2026-06-03 04:30:19','2026-06-03 04:30:19'),(487,'2025-12-18','Revenue Recognition - Enrollment #21 Meeting 9','REV-REC-20251218-21-8','rev_rec',100000.00,1,'2026-06-03 04:30:19','2026-06-03 04:30:19'),(488,'2025-12-18','Tutor fee - attendance #201','TUTOR-ATT-201-25','tutor_accrual',85000.00,1,'2026-06-03 04:30:19','2026-06-03 04:30:19'),(489,'2025-12-25','Revenue Recognition - Enrollment #21 Meeting 10','REV-REC-20251225-21-9','rev_rec',100000.00,1,'2026-06-03 04:30:19','2026-06-03 04:30:19'),(490,'2025-12-25','Tutor fee - attendance #202','TUTOR-ATT-202-25','tutor_accrual',85000.00,1,'2026-06-03 04:30:19','2026-06-03 04:30:19'),(491,'2026-01-28','Revenue Recognition - Enrollment #22 Meeting 1','REV-REC-20260128-22-0','rev_rec',100000.00,1,'2026-06-03 04:30:19','2026-06-03 04:30:19'),(492,'2026-01-28','Tutor fee - attendance #203','TUTOR-ATT-203-10','tutor_accrual',95000.00,1,'2026-06-03 04:30:19','2026-06-03 04:30:19'),(493,'2026-01-31','Revenue Recognition - Enrollment #22 Meeting 2','REV-REC-20260131-22-1','rev_rec',100000.00,1,'2026-06-03 04:30:19','2026-06-03 04:30:19'),(494,'2026-01-31','Tutor fee - attendance #204','TUTOR-ATT-204-10','tutor_accrual',95000.00,1,'2026-06-03 04:30:19','2026-06-03 04:30:19'),(495,'2026-02-06','Revenue Recognition - Enrollment #22 Meeting 3','REV-REC-20260206-22-2','rev_rec',100000.00,1,'2026-06-03 04:30:19','2026-06-03 04:30:19'),(496,'2026-02-06','Tutor fee - attendance #205','TUTOR-ATT-205-10','tutor_accrual',95000.00,1,'2026-06-03 04:30:19','2026-06-03 04:30:19'),(497,'2026-02-12','Revenue Recognition - Enrollment #22 Meeting 4','REV-REC-20260212-22-3','rev_rec',100000.00,1,'2026-06-03 04:30:19','2026-06-03 04:30:19'),(498,'2026-02-12','Tutor fee - attendance #206','TUTOR-ATT-206-10','tutor_accrual',95000.00,1,'2026-06-03 04:30:19','2026-06-03 04:30:19'),(499,'2026-02-15','Revenue Recognition - Enrollment #22 Meeting 5','REV-REC-20260215-22-4','rev_rec',100000.00,1,'2026-06-03 04:30:19','2026-06-03 04:30:19'),(500,'2026-02-15','Tutor fee - attendance #207','TUTOR-ATT-207-10','tutor_accrual',95000.00,1,'2026-06-03 04:30:19','2026-06-03 04:30:19'),(501,'2026-02-19','Revenue Recognition - Enrollment #22 Meeting 6','REV-REC-20260219-22-5','rev_rec',100000.00,1,'2026-06-03 04:30:19','2026-06-03 04:30:19'),(502,'2026-02-19','Tutor fee - attendance #208','TUTOR-ATT-208-10','tutor_accrual',95000.00,1,'2026-06-03 04:30:19','2026-06-03 04:30:19'),(503,'2026-02-22','Revenue Recognition - Enrollment #22 Meeting 7','REV-REC-20260222-22-6','rev_rec',100000.00,1,'2026-06-03 04:30:19','2026-06-03 04:30:19'),(504,'2026-02-22','Tutor fee - attendance #209','TUTOR-ATT-209-10','tutor_accrual',95000.00,1,'2026-06-03 04:30:19','2026-06-03 04:30:19'),(505,'2026-02-26','Revenue Recognition - Enrollment #22 Meeting 8','REV-REC-20260226-22-7','rev_rec',100000.00,1,'2026-06-03 04:30:19','2026-06-03 04:30:19'),(506,'2026-02-26','Tutor fee - attendance #210','TUTOR-ATT-210-10','tutor_accrual',95000.00,1,'2026-06-03 04:30:19','2026-06-03 04:30:19'),(507,'2026-03-05','Revenue Recognition - Enrollment #22 Meeting 9','REV-REC-20260305-22-8','rev_rec',100000.00,1,'2026-06-03 04:30:19','2026-06-03 04:30:19'),(508,'2026-03-05','Tutor fee - attendance #211','TUTOR-ATT-211-10','tutor_accrual',95000.00,1,'2026-06-03 04:30:19','2026-06-03 04:30:19'),(509,'2026-03-09','Revenue Recognition - Enrollment #22 Meeting 10','REV-REC-20260309-22-9','rev_rec',100000.00,1,'2026-06-03 04:30:19','2026-06-03 04:30:19'),(510,'2026-03-09','Tutor fee - attendance #212','TUTOR-ATT-212-10','tutor_accrual',95000.00,1,'2026-06-03 04:30:19','2026-06-03 04:30:19'),(511,'2026-03-14','Revenue Recognition - Enrollment #22 Meeting 11','REV-REC-20260314-22-10','rev_rec',100000.00,1,'2026-06-03 04:30:19','2026-06-03 04:30:19'),(512,'2026-03-14','Tutor fee - attendance #213','TUTOR-ATT-213-10','tutor_accrual',95000.00,1,'2026-06-03 04:30:19','2026-06-03 04:30:19'),(513,'2026-03-21','Revenue Recognition - Enrollment #22 Meeting 12','REV-REC-20260321-22-11','rev_rec',100000.00,1,'2026-06-03 04:30:19','2026-06-03 04:30:19'),(514,'2026-03-21','Tutor fee - attendance #214','TUTOR-ATT-214-10','tutor_accrual',95000.00,1,'2026-06-03 04:30:19','2026-06-03 04:30:19'),(515,'2026-03-27','Revenue Recognition - Enrollment #22 Meeting 13','REV-REC-20260327-22-12','rev_rec',100000.00,1,'2026-06-03 04:30:19','2026-06-03 04:30:19'),(516,'2026-03-27','Tutor fee - attendance #215','TUTOR-ATT-215-10','tutor_accrual',95000.00,1,'2026-06-03 04:30:19','2026-06-03 04:30:19'),(517,'2026-04-03','Revenue Recognition - Enrollment #22 Meeting 14','REV-REC-20260403-22-13','rev_rec',100000.00,1,'2026-06-03 04:30:19','2026-06-03 04:30:19'),(518,'2026-04-03','Tutor fee - attendance #216','TUTOR-ATT-216-10','tutor_accrual',95000.00,1,'2026-06-03 04:30:19','2026-06-03 04:30:19'),(519,'2026-04-09','Revenue Recognition - Enrollment #22 Meeting 15','REV-REC-20260409-22-14','rev_rec',100000.00,1,'2026-06-03 04:30:19','2026-06-03 04:30:19'),(520,'2026-04-09','Tutor fee - attendance #217','TUTOR-ATT-217-10','tutor_accrual',95000.00,1,'2026-06-03 04:30:19','2026-06-03 04:30:19'),(521,'2026-04-16','Revenue Recognition - Enrollment #22 Meeting 16','REV-REC-20260416-22-15','rev_rec',100000.00,1,'2026-06-03 04:30:19','2026-06-03 04:30:19'),(522,'2026-04-16','Tutor fee - attendance #218','TUTOR-ATT-218-10','tutor_accrual',95000.00,1,'2026-06-03 04:30:19','2026-06-03 04:30:19'),(523,'2026-04-19','Revenue Recognition - Enrollment #22 Meeting 17','REV-REC-20260419-22-16','rev_rec',100000.00,1,'2026-06-03 04:30:19','2026-06-03 04:30:19'),(524,'2026-04-19','Tutor fee - attendance #219','TUTOR-ATT-219-10','tutor_accrual',95000.00,1,'2026-06-03 04:30:19','2026-06-03 04:30:19'),(525,'2026-04-23','Revenue Recognition - Enrollment #22 Meeting 18','REV-REC-20260423-22-17','rev_rec',100000.00,1,'2026-06-03 04:30:19','2026-06-03 04:30:19'),(526,'2026-04-23','Tutor fee - attendance #220','TUTOR-ATT-220-10','tutor_accrual',95000.00,1,'2026-06-03 04:30:19','2026-06-03 04:30:19'),(527,'2026-04-30','Revenue Recognition - Enrollment #22 Meeting 19','REV-REC-20260430-22-18','rev_rec',100000.00,1,'2026-06-03 04:30:19','2026-06-03 04:30:19'),(528,'2026-04-30','Tutor fee - attendance #221','TUTOR-ATT-221-10','tutor_accrual',95000.00,1,'2026-06-03 04:30:19','2026-06-03 04:30:19'),(529,'2026-05-03','Revenue Recognition - Enrollment #22 Meeting 20','REV-REC-20260503-22-19','rev_rec',100000.00,1,'2026-06-03 04:30:19','2026-06-03 04:30:19'),(530,'2026-05-03','Tutor fee - attendance #222','TUTOR-ATT-222-10','tutor_accrual',95000.00,1,'2026-06-03 04:30:19','2026-06-03 04:30:19'),(531,'2026-05-10','Revenue Recognition - Enrollment #22 Meeting 21','REV-REC-20260510-22-20','rev_rec',100000.00,1,'2026-06-03 04:30:19','2026-06-03 04:30:19'),(532,'2026-05-10','Tutor fee - attendance #223','TUTOR-ATT-223-10','tutor_accrual',95000.00,1,'2026-06-03 04:30:19','2026-06-03 04:30:19'),(533,'2026-05-16','Revenue Recognition - Enrollment #22 Meeting 22','REV-REC-20260516-22-21','rev_rec',100000.00,1,'2026-06-03 04:30:19','2026-06-03 04:30:19'),(534,'2026-05-16','Tutor fee - attendance #224','TUTOR-ATT-224-10','tutor_accrual',95000.00,1,'2026-06-03 04:30:19','2026-06-03 04:30:19'),(535,'2026-05-19','Revenue Recognition - Enrollment #22 Meeting 23','REV-REC-20260519-22-22','rev_rec',100000.00,1,'2026-06-03 04:30:19','2026-06-03 04:30:19'),(536,'2026-05-19','Tutor fee - attendance #225','TUTOR-ATT-225-10','tutor_accrual',95000.00,1,'2026-06-03 04:30:19','2026-06-03 04:30:19'),(537,'2026-05-24','Revenue Recognition - Enrollment #22 Meeting 24','REV-REC-20260524-22-23','rev_rec',100000.00,1,'2026-06-03 04:30:19','2026-06-03 04:30:19'),(538,'2026-05-24','Tutor fee - attendance #226','TUTOR-ATT-226-10','tutor_accrual',95000.00,1,'2026-06-03 04:30:19','2026-06-03 04:30:19'),(539,'2026-05-30','Revenue Recognition - Enrollment #22 Meeting 25','REV-REC-20260530-22-24','rev_rec',100000.00,1,'2026-06-03 04:30:19','2026-06-03 04:30:19'),(540,'2026-05-30','Tutor fee - attendance #227','TUTOR-ATT-227-10','tutor_accrual',95000.00,1,'2026-06-03 04:30:19','2026-06-03 04:30:19'),(541,'2026-04-28','Revenue Recognition - Enrollment #23 Meeting 1','REV-REC-20260428-23-0','rev_rec',130000.00,1,'2026-06-03 04:30:19','2026-06-03 04:30:19'),(542,'2026-04-28','Tutor fee - attendance #228','TUTOR-ATT-228-17','tutor_accrual',75000.00,1,'2026-06-03 04:30:19','2026-06-03 04:30:19'),(543,'2026-05-04','Revenue Recognition - Enrollment #23 Meeting 2','REV-REC-20260504-23-1','rev_rec',130000.00,1,'2026-06-03 04:30:19','2026-06-03 04:30:19'),(544,'2026-05-04','Tutor fee - attendance #229','TUTOR-ATT-229-17','tutor_accrual',75000.00,1,'2026-06-03 04:30:19','2026-06-03 04:30:19'),(545,'2026-05-10','Revenue Recognition - Enrollment #23 Meeting 3','REV-REC-20260510-23-2','rev_rec',130000.00,1,'2026-06-03 04:30:19','2026-06-03 04:30:19'),(546,'2026-05-10','Tutor fee - attendance #230','TUTOR-ATT-230-17','tutor_accrual',75000.00,1,'2026-06-03 04:30:19','2026-06-03 04:30:19'),(547,'2026-05-14','Revenue Recognition - Enrollment #23 Meeting 4','REV-REC-20260514-23-3','rev_rec',130000.00,1,'2026-06-03 04:30:19','2026-06-03 04:30:19'),(548,'2026-05-14','Tutor fee - attendance #231','TUTOR-ATT-231-17','tutor_accrual',75000.00,1,'2026-06-03 04:30:19','2026-06-03 04:30:19'),(549,'2026-05-17','Revenue Recognition - Enrollment #23 Meeting 5','REV-REC-20260517-23-4','rev_rec',130000.00,1,'2026-06-03 04:30:20','2026-06-03 04:30:20'),(550,'2026-05-17','Tutor fee - attendance #232','TUTOR-ATT-232-17','tutor_accrual',75000.00,1,'2026-06-03 04:30:20','2026-06-03 04:30:20'),(551,'2026-05-23','Revenue Recognition - Enrollment #23 Meeting 6','REV-REC-20260523-23-5','rev_rec',130000.00,1,'2026-06-03 04:30:20','2026-06-03 04:30:20'),(552,'2026-05-23','Tutor fee - attendance #233','TUTOR-ATT-233-17','tutor_accrual',75000.00,1,'2026-06-03 04:30:20','2026-06-03 04:30:20'),(553,'2026-05-29','Revenue Recognition - Enrollment #23 Meeting 7','REV-REC-20260529-23-6','rev_rec',130000.00,1,'2026-06-03 04:30:20','2026-06-03 04:30:20'),(554,'2026-05-29','Tutor fee - attendance #234','TUTOR-ATT-234-17','tutor_accrual',75000.00,1,'2026-06-03 04:30:20','2026-06-03 04:30:20'),(555,'2025-11-17','Revenue Recognition - Enrollment #24 Meeting 1','REV-REC-20251117-24-0','rev_rec',125000.00,1,'2026-06-03 04:30:20','2026-06-03 04:30:20'),(556,'2025-11-17','Tutor fee - attendance #235','TUTOR-ATT-235-32','tutor_accrual',75000.00,1,'2026-06-03 04:30:20','2026-06-03 04:30:20'),(557,'2025-11-24','Revenue Recognition - Enrollment #24 Meeting 2','REV-REC-20251124-24-1','rev_rec',125000.00,1,'2026-06-03 04:30:20','2026-06-03 04:30:20'),(558,'2025-11-24','Tutor fee - attendance #236','TUTOR-ATT-236-32','tutor_accrual',75000.00,1,'2026-06-03 04:30:20','2026-06-03 04:30:20'),(559,'2025-11-27','Revenue Recognition - Enrollment #24 Meeting 3','REV-REC-20251127-24-2','rev_rec',125000.00,1,'2026-06-03 04:30:20','2026-06-03 04:30:20'),(560,'2025-11-27','Tutor fee - attendance #237','TUTOR-ATT-237-32','tutor_accrual',75000.00,1,'2026-06-03 04:30:20','2026-06-03 04:30:20'),(561,'2025-12-04','Revenue Recognition - Enrollment #24 Meeting 4','REV-REC-20251204-24-3','rev_rec',125000.00,1,'2026-06-03 04:30:20','2026-06-03 04:30:20'),(562,'2025-12-04','Tutor fee - attendance #238','TUTOR-ATT-238-32','tutor_accrual',75000.00,1,'2026-06-03 04:30:20','2026-06-03 04:30:20'),(563,'2025-12-07','Revenue Recognition - Enrollment #24 Meeting 5','REV-REC-20251207-24-4','rev_rec',125000.00,1,'2026-06-03 04:30:20','2026-06-03 04:30:20'),(564,'2025-12-07','Tutor fee - attendance #239','TUTOR-ATT-239-32','tutor_accrual',75000.00,1,'2026-06-03 04:30:20','2026-06-03 04:30:20'),(565,'2025-12-12','Revenue Recognition - Enrollment #24 Meeting 6','REV-REC-20251212-24-5','rev_rec',125000.00,1,'2026-06-03 04:30:20','2026-06-03 04:30:20'),(566,'2025-12-12','Tutor fee - attendance #240','TUTOR-ATT-240-32','tutor_accrual',75000.00,1,'2026-06-03 04:30:20','2026-06-03 04:30:20'),(567,'2025-12-15','Revenue Recognition - Enrollment #24 Meeting 7','REV-REC-20251215-24-6','rev_rec',125000.00,1,'2026-06-03 04:30:20','2026-06-03 04:30:20'),(568,'2025-12-15','Tutor fee - attendance #241','TUTOR-ATT-241-32','tutor_accrual',75000.00,1,'2026-06-03 04:30:20','2026-06-03 04:30:20'),(569,'2025-12-19','Revenue Recognition - Enrollment #24 Meeting 8','REV-REC-20251219-24-7','rev_rec',125000.00,1,'2026-06-03 04:30:20','2026-06-03 04:30:20'),(570,'2025-12-19','Tutor fee - attendance #242','TUTOR-ATT-242-32','tutor_accrual',75000.00,1,'2026-06-03 04:30:20','2026-06-03 04:30:20'),(571,'2025-12-26','Revenue Recognition - Enrollment #24 Meeting 9','REV-REC-20251226-24-8','rev_rec',125000.00,1,'2026-06-03 04:30:20','2026-06-03 04:30:20'),(572,'2025-12-26','Tutor fee - attendance #243','TUTOR-ATT-243-32','tutor_accrual',75000.00,1,'2026-06-03 04:30:20','2026-06-03 04:30:20'),(573,'2025-09-17','Revenue Recognition - Enrollment #25 Meeting 1','REV-REC-20250917-25-0','rev_rec',116666.67,1,'2026-06-03 04:30:20','2026-06-03 04:30:20'),(574,'2025-09-17','Tutor fee - attendance #244','TUTOR-ATT-244-21','tutor_accrual',95000.00,1,'2026-06-03 04:30:20','2026-06-03 04:30:20'),(575,'2025-09-20','Revenue Recognition - Enrollment #25 Meeting 2','REV-REC-20250920-25-1','rev_rec',116666.67,1,'2026-06-03 04:30:20','2026-06-03 04:30:20'),(576,'2025-09-20','Tutor fee - attendance #245','TUTOR-ATT-245-21','tutor_accrual',95000.00,1,'2026-06-03 04:30:20','2026-06-03 04:30:20'),(577,'2025-09-23','Revenue Recognition - Enrollment #25 Meeting 3','REV-REC-20250923-25-2','rev_rec',116666.67,1,'2026-06-03 04:30:20','2026-06-03 04:30:20'),(578,'2025-09-23','Tutor fee - attendance #246','TUTOR-ATT-246-21','tutor_accrual',95000.00,1,'2026-06-03 04:30:20','2026-06-03 04:30:20'),(579,'2025-09-29','Revenue Recognition - Enrollment #25 Meeting 4','REV-REC-20250929-25-3','rev_rec',116666.67,1,'2026-06-03 04:30:20','2026-06-03 04:30:20'),(580,'2025-09-29','Tutor fee - attendance #247','TUTOR-ATT-247-21','tutor_accrual',95000.00,1,'2026-06-03 04:30:20','2026-06-03 04:30:20'),(581,'2025-10-06','Revenue Recognition - Enrollment #25 Meeting 5','REV-REC-20251006-25-4','rev_rec',116666.67,1,'2026-06-03 04:30:20','2026-06-03 04:30:20'),(582,'2025-10-06','Tutor fee - attendance #248','TUTOR-ATT-248-21','tutor_accrual',95000.00,1,'2026-06-03 04:30:20','2026-06-03 04:30:20'),(583,'2025-10-10','Revenue Recognition - Enrollment #25 Meeting 6','REV-REC-20251010-25-5','rev_rec',116666.67,1,'2026-06-03 04:30:20','2026-06-03 04:30:20'),(584,'2025-10-10','Tutor fee - attendance #249','TUTOR-ATT-249-21','tutor_accrual',95000.00,1,'2026-06-03 04:30:20','2026-06-03 04:30:20'),(585,'2025-10-16','Revenue Recognition - Enrollment #25 Meeting 7','REV-REC-20251016-25-6','rev_rec',116666.67,1,'2026-06-03 04:30:20','2026-06-03 04:30:20'),(586,'2025-10-16','Tutor fee - attendance #250','TUTOR-ATT-250-21','tutor_accrual',95000.00,1,'2026-06-03 04:30:20','2026-06-03 04:30:20'),(587,'2025-10-23','Revenue Recognition - Enrollment #25 Meeting 8','REV-REC-20251023-25-7','rev_rec',116666.67,1,'2026-06-03 04:30:20','2026-06-03 04:30:20'),(588,'2025-10-23','Tutor fee - attendance #251','TUTOR-ATT-251-21','tutor_accrual',95000.00,1,'2026-06-03 04:30:20','2026-06-03 04:30:20'),(589,'2025-10-29','Revenue Recognition - Enrollment #25 Meeting 9','REV-REC-20251029-25-8','rev_rec',116666.67,1,'2026-06-03 04:30:20','2026-06-03 04:30:20'),(590,'2025-10-29','Tutor fee - attendance #252','TUTOR-ATT-252-21','tutor_accrual',95000.00,1,'2026-06-03 04:30:20','2026-06-03 04:30:20'),(591,'2025-11-04','Revenue Recognition - Enrollment #25 Meeting 10','REV-REC-20251104-25-9','rev_rec',116666.67,1,'2026-06-03 04:30:20','2026-06-03 04:30:20'),(592,'2025-11-04','Tutor fee - attendance #253','TUTOR-ATT-253-21','tutor_accrual',95000.00,1,'2026-06-03 04:30:20','2026-06-03 04:30:20'),(593,'2025-11-08','Revenue Recognition - Enrollment #25 Meeting 11','REV-REC-20251108-25-10','rev_rec',116666.67,1,'2026-06-03 04:30:20','2026-06-03 04:30:20'),(594,'2025-11-08','Tutor fee - attendance #254','TUTOR-ATT-254-21','tutor_accrual',95000.00,1,'2026-06-03 04:30:20','2026-06-03 04:30:20'),(595,'2025-11-15','Revenue Recognition - Enrollment #25 Meeting 12','REV-REC-20251115-25-11','rev_rec',116666.67,1,'2026-06-03 04:30:20','2026-06-03 04:30:20'),(596,'2025-11-15','Tutor fee - attendance #255','TUTOR-ATT-255-21','tutor_accrual',95000.00,1,'2026-06-03 04:30:20','2026-06-03 04:30:20'),(597,'2025-11-20','Revenue Recognition - Enrollment #25 Meeting 13','REV-REC-20251120-25-12','rev_rec',116666.67,1,'2026-06-03 04:30:20','2026-06-03 04:30:20'),(598,'2025-11-20','Tutor fee - attendance #256','TUTOR-ATT-256-21','tutor_accrual',95000.00,1,'2026-06-03 04:30:20','2026-06-03 04:30:20'),(599,'2025-11-24','Revenue Recognition - Enrollment #25 Meeting 14','REV-REC-20251124-25-13','rev_rec',116666.67,1,'2026-06-03 04:30:20','2026-06-03 04:30:20'),(600,'2025-11-24','Tutor fee - attendance #257','TUTOR-ATT-257-21','tutor_accrual',95000.00,1,'2026-06-03 04:30:20','2026-06-03 04:30:20'),(601,'2025-11-27','Revenue Recognition - Enrollment #25 Meeting 15','REV-REC-20251127-25-14','rev_rec',116666.67,1,'2026-06-03 04:30:20','2026-06-03 04:30:20'),(602,'2025-11-27','Tutor fee - attendance #258','TUTOR-ATT-258-21','tutor_accrual',95000.00,1,'2026-06-03 04:30:20','2026-06-03 04:30:20'),(603,'2025-12-03','Revenue Recognition - Enrollment #25 Meeting 16','REV-REC-20251203-25-15','rev_rec',116666.67,1,'2026-06-03 04:30:20','2026-06-03 04:30:20'),(604,'2025-12-03','Tutor fee - attendance #259','TUTOR-ATT-259-21','tutor_accrual',95000.00,1,'2026-06-03 04:30:20','2026-06-03 04:30:20'),(605,'2025-12-06','Revenue Recognition - Enrollment #25 Meeting 17','REV-REC-20251206-25-16','rev_rec',116666.67,1,'2026-06-03 04:30:20','2026-06-03 04:30:20'),(606,'2025-12-06','Tutor fee - attendance #260','TUTOR-ATT-260-21','tutor_accrual',95000.00,1,'2026-06-03 04:30:20','2026-06-03 04:30:20'),(607,'2025-12-09','Revenue Recognition - Enrollment #25 Meeting 18','REV-REC-20251209-25-17','rev_rec',116666.67,1,'2026-06-03 04:30:20','2026-06-03 04:30:20'),(608,'2025-12-09','Tutor fee - attendance #261','TUTOR-ATT-261-21','tutor_accrual',95000.00,1,'2026-06-03 04:30:20','2026-06-03 04:30:20'),(609,'2025-12-16','Revenue Recognition - Enrollment #25 Meeting 19','REV-REC-20251216-25-18','rev_rec',116666.67,1,'2026-06-03 04:30:20','2026-06-03 04:30:20'),(610,'2025-12-16','Tutor fee - attendance #262','TUTOR-ATT-262-21','tutor_accrual',95000.00,1,'2026-06-03 04:30:20','2026-06-03 04:30:20'),(611,'2025-09-15','Revenue Recognition - Enrollment #26 Meeting 1','REV-REC-20250915-26-0','rev_rec',100000.00,1,'2026-06-03 04:30:20','2026-06-03 04:30:20'),(612,'2025-09-15','Tutor fee - attendance #263','TUTOR-ATT-263-28','tutor_accrual',75000.00,1,'2026-06-03 04:30:20','2026-06-03 04:30:20'),(613,'2025-09-18','Revenue Recognition - Enrollment #26 Meeting 2','REV-REC-20250918-26-1','rev_rec',100000.00,1,'2026-06-03 04:30:20','2026-06-03 04:30:20'),(614,'2025-09-18','Tutor fee - attendance #264','TUTOR-ATT-264-28','tutor_accrual',75000.00,1,'2026-06-03 04:30:20','2026-06-03 04:30:20'),(615,'2025-09-23','Revenue Recognition - Enrollment #26 Meeting 3','REV-REC-20250923-26-2','rev_rec',100000.00,1,'2026-06-03 04:30:20','2026-06-03 04:30:20'),(616,'2025-09-23','Tutor fee - attendance #265','TUTOR-ATT-265-28','tutor_accrual',75000.00,1,'2026-06-03 04:30:21','2026-06-03 04:30:21'),(617,'2025-09-30','Revenue Recognition - Enrollment #26 Meeting 4','REV-REC-20250930-26-3','rev_rec',100000.00,1,'2026-06-03 04:30:21','2026-06-03 04:30:21'),(618,'2025-09-30','Tutor fee - attendance #266','TUTOR-ATT-266-28','tutor_accrual',75000.00,1,'2026-06-03 04:30:21','2026-06-03 04:30:21'),(619,'2025-10-03','Revenue Recognition - Enrollment #26 Meeting 5','REV-REC-20251003-26-4','rev_rec',100000.00,1,'2026-06-03 04:30:21','2026-06-03 04:30:21'),(620,'2025-10-03','Tutor fee - attendance #267','TUTOR-ATT-267-28','tutor_accrual',75000.00,1,'2026-06-03 04:30:21','2026-06-03 04:30:21'),(621,'2025-10-08','Revenue Recognition - Enrollment #26 Meeting 6','REV-REC-20251008-26-5','rev_rec',100000.00,1,'2026-06-03 04:30:21','2026-06-03 04:30:21'),(622,'2025-10-08','Tutor fee - attendance #268','TUTOR-ATT-268-28','tutor_accrual',75000.00,1,'2026-06-03 04:30:21','2026-06-03 04:30:21'),(623,'2025-10-11','Revenue Recognition - Enrollment #26 Meeting 7','REV-REC-20251011-26-6','rev_rec',100000.00,1,'2026-06-03 04:30:21','2026-06-03 04:30:21'),(624,'2025-10-11','Tutor fee - attendance #269','TUTOR-ATT-269-28','tutor_accrual',75000.00,1,'2026-06-03 04:30:21','2026-06-03 04:30:21'),(625,'2025-10-16','Revenue Recognition - Enrollment #26 Meeting 8','REV-REC-20251016-26-7','rev_rec',100000.00,1,'2026-06-03 04:30:21','2026-06-03 04:30:21'),(626,'2025-10-16','Tutor fee - attendance #270','TUTOR-ATT-270-28','tutor_accrual',75000.00,1,'2026-06-03 04:30:21','2026-06-03 04:30:21'),(627,'2025-10-23','Revenue Recognition - Enrollment #26 Meeting 9','REV-REC-20251023-26-8','rev_rec',100000.00,1,'2026-06-03 04:30:21','2026-06-03 04:30:21'),(628,'2025-10-23','Tutor fee - attendance #271','TUTOR-ATT-271-28','tutor_accrual',75000.00,1,'2026-06-03 04:30:21','2026-06-03 04:30:21'),(629,'2025-10-30','Revenue Recognition - Enrollment #26 Meeting 10','REV-REC-20251030-26-9','rev_rec',100000.00,1,'2026-06-03 04:30:21','2026-06-03 04:30:21'),(630,'2025-10-30','Tutor fee - attendance #272','TUTOR-ATT-272-28','tutor_accrual',75000.00,1,'2026-06-03 04:30:21','2026-06-03 04:30:21'),(631,'2026-01-30','Revenue Recognition - Enrollment #28 Meeting 1','REV-REC-20260130-28-0','rev_rec',125000.00,1,'2026-06-03 04:30:21','2026-06-03 04:30:21'),(632,'2026-01-30','Tutor fee - attendance #273','TUTOR-ATT-273-32','tutor_accrual',75000.00,1,'2026-06-03 04:30:21','2026-06-03 04:30:21'),(633,'2026-02-06','Revenue Recognition - Enrollment #28 Meeting 2','REV-REC-20260206-28-1','rev_rec',125000.00,1,'2026-06-03 04:30:21','2026-06-03 04:30:21'),(634,'2026-02-06','Tutor fee - attendance #274','TUTOR-ATT-274-32','tutor_accrual',75000.00,1,'2026-06-03 04:30:21','2026-06-03 04:30:21'),(635,'2026-02-09','Revenue Recognition - Enrollment #28 Meeting 3','REV-REC-20260209-28-2','rev_rec',125000.00,1,'2026-06-03 04:30:21','2026-06-03 04:30:21'),(636,'2026-02-09','Tutor fee - attendance #275','TUTOR-ATT-275-32','tutor_accrual',75000.00,1,'2026-06-03 04:30:21','2026-06-03 04:30:21'),(637,'2026-05-08','Revenue Recognition - Enrollment #30 Meeting 1','REV-REC-20260508-30-0','rev_rec',120000.00,1,'2026-06-03 04:30:21','2026-06-03 04:30:21'),(638,'2026-05-08','Tutor fee - attendance #276','TUTOR-ATT-276-10','tutor_accrual',95000.00,1,'2026-06-03 04:30:21','2026-06-03 04:30:21'),(639,'2026-05-13','Revenue Recognition - Enrollment #30 Meeting 2','REV-REC-20260513-30-1','rev_rec',120000.00,1,'2026-06-03 04:30:21','2026-06-03 04:30:21'),(640,'2026-05-13','Tutor fee - attendance #277','TUTOR-ATT-277-10','tutor_accrual',95000.00,1,'2026-06-03 04:30:21','2026-06-03 04:30:21'),(641,'2026-05-19','Revenue Recognition - Enrollment #30 Meeting 3','REV-REC-20260519-30-2','rev_rec',120000.00,1,'2026-06-03 04:30:21','2026-06-03 04:30:21'),(642,'2026-05-19','Tutor fee - attendance #278','TUTOR-ATT-278-10','tutor_accrual',95000.00,1,'2026-06-03 04:30:21','2026-06-03 04:30:21'),(643,'2026-05-24','Revenue Recognition - Enrollment #30 Meeting 4','REV-REC-20260524-30-3','rev_rec',120000.00,1,'2026-06-03 04:30:21','2026-06-03 04:30:21'),(644,'2026-05-24','Tutor fee - attendance #279','TUTOR-ATT-279-10','tutor_accrual',95000.00,1,'2026-06-03 04:30:21','2026-06-03 04:30:21'),(645,'2026-05-31','Revenue Recognition - Enrollment #30 Meeting 5','REV-REC-20260531-30-4','rev_rec',120000.00,1,'2026-06-03 04:30:21','2026-06-03 04:30:21'),(646,'2026-05-31','Tutor fee - attendance #280','TUTOR-ATT-280-10','tutor_accrual',95000.00,1,'2026-06-03 04:30:21','2026-06-03 04:30:21'),(647,'2026-02-24','Revenue Recognition - Enrollment #31 Meeting 1','REV-REC-20260224-31-0','rev_rec',106250.00,1,'2026-06-03 04:30:21','2026-06-03 04:30:21'),(648,'2026-02-24','Tutor fee - attendance #281','TUTOR-ATT-281-29','tutor_accrual',85000.00,1,'2026-06-03 04:30:21','2026-06-03 04:30:21'),(649,'2026-02-28','Revenue Recognition - Enrollment #31 Meeting 2','REV-REC-20260228-31-1','rev_rec',106250.00,1,'2026-06-03 04:30:21','2026-06-03 04:30:21'),(650,'2026-02-28','Tutor fee - attendance #282','TUTOR-ATT-282-29','tutor_accrual',85000.00,1,'2026-06-03 04:30:21','2026-06-03 04:30:21'),(651,'2026-03-05','Revenue Recognition - Enrollment #31 Meeting 3','REV-REC-20260305-31-2','rev_rec',106250.00,1,'2026-06-03 04:30:21','2026-06-03 04:30:21'),(652,'2026-03-05','Tutor fee - attendance #283','TUTOR-ATT-283-29','tutor_accrual',85000.00,1,'2026-06-03 04:30:21','2026-06-03 04:30:21'),(653,'2026-03-10','Revenue Recognition - Enrollment #31 Meeting 4','REV-REC-20260310-31-3','rev_rec',106250.00,1,'2026-06-03 04:30:21','2026-06-03 04:30:21'),(654,'2026-03-10','Tutor fee - attendance #284','TUTOR-ATT-284-29','tutor_accrual',85000.00,1,'2026-06-03 04:30:21','2026-06-03 04:30:21'),(655,'2026-03-17','Revenue Recognition - Enrollment #31 Meeting 5','REV-REC-20260317-31-4','rev_rec',106250.00,1,'2026-06-03 04:30:21','2026-06-03 04:30:21'),(656,'2026-03-17','Tutor fee - attendance #285','TUTOR-ATT-285-29','tutor_accrual',85000.00,1,'2026-06-03 04:30:21','2026-06-03 04:30:21'),(657,'2026-03-23','Revenue Recognition - Enrollment #31 Meeting 6','REV-REC-20260323-31-5','rev_rec',106250.00,1,'2026-06-03 04:30:21','2026-06-03 04:30:21'),(658,'2026-03-23','Tutor fee - attendance #286','TUTOR-ATT-286-29','tutor_accrual',85000.00,1,'2026-06-03 04:30:21','2026-06-03 04:30:21'),(659,'2026-03-28','Revenue Recognition - Enrollment #31 Meeting 7','REV-REC-20260328-31-6','rev_rec',106250.00,1,'2026-06-03 04:30:21','2026-06-03 04:30:21'),(660,'2026-03-28','Tutor fee - attendance #287','TUTOR-ATT-287-29','tutor_accrual',85000.00,1,'2026-06-03 04:30:21','2026-06-03 04:30:21'),(661,'2026-04-04','Revenue Recognition - Enrollment #31 Meeting 8','REV-REC-20260404-31-7','rev_rec',106250.00,1,'2026-06-03 04:30:21','2026-06-03 04:30:21'),(662,'2026-04-04','Tutor fee - attendance #288','TUTOR-ATT-288-29','tutor_accrual',85000.00,1,'2026-06-03 04:30:21','2026-06-03 04:30:21'),(663,'2026-04-10','Revenue Recognition - Enrollment #31 Meeting 9','REV-REC-20260410-31-8','rev_rec',106250.00,1,'2026-06-03 04:30:21','2026-06-03 04:30:21'),(664,'2026-04-10','Tutor fee - attendance #289','TUTOR-ATT-289-29','tutor_accrual',85000.00,1,'2026-06-03 04:30:21','2026-06-03 04:30:21'),(665,'2026-04-16','Revenue Recognition - Enrollment #31 Meeting 10','REV-REC-20260416-31-9','rev_rec',106250.00,1,'2026-06-03 04:30:21','2026-06-03 04:30:21'),(666,'2026-04-16','Tutor fee - attendance #290','TUTOR-ATT-290-29','tutor_accrual',85000.00,1,'2026-06-03 04:30:21','2026-06-03 04:30:21'),(667,'2026-04-19','Revenue Recognition - Enrollment #31 Meeting 11','REV-REC-20260419-31-10','rev_rec',106250.00,1,'2026-06-03 04:30:21','2026-06-03 04:30:21'),(668,'2026-04-19','Tutor fee - attendance #291','TUTOR-ATT-291-29','tutor_accrual',85000.00,1,'2026-06-03 04:30:21','2026-06-03 04:30:21'),(669,'2026-04-23','Revenue Recognition - Enrollment #31 Meeting 12','REV-REC-20260423-31-11','rev_rec',106250.00,1,'2026-06-03 04:30:21','2026-06-03 04:30:21'),(670,'2026-04-23','Tutor fee - attendance #292','TUTOR-ATT-292-29','tutor_accrual',85000.00,1,'2026-06-03 04:30:21','2026-06-03 04:30:21'),(671,'2025-12-10','Revenue Recognition - Enrollment #32 Meeting 1','REV-REC-20251210-32-0','rev_rec',91666.67,1,'2026-06-03 04:30:21','2026-06-03 04:30:21'),(672,'2025-12-10','Tutor fee - attendance #293','TUTOR-ATT-293-31','tutor_accrual',85000.00,1,'2026-06-03 04:30:21','2026-06-03 04:30:21'),(673,'2025-12-16','Revenue Recognition - Enrollment #32 Meeting 2','REV-REC-20251216-32-1','rev_rec',91666.67,1,'2026-06-03 04:30:21','2026-06-03 04:30:21'),(674,'2025-12-16','Tutor fee - attendance #294','TUTOR-ATT-294-31','tutor_accrual',85000.00,1,'2026-06-03 04:30:21','2026-06-03 04:30:21'),(675,'2025-12-20','Revenue Recognition - Enrollment #32 Meeting 3','REV-REC-20251220-32-2','rev_rec',91666.67,1,'2026-06-03 04:30:21','2026-06-03 04:30:21'),(676,'2025-12-20','Tutor fee - attendance #295','TUTOR-ATT-295-31','tutor_accrual',85000.00,1,'2026-06-03 04:30:21','2026-06-03 04:30:21'),(677,'2025-12-23','Revenue Recognition - Enrollment #32 Meeting 4','REV-REC-20251223-32-3','rev_rec',91666.67,1,'2026-06-03 04:30:21','2026-06-03 04:30:21'),(678,'2025-12-23','Tutor fee - attendance #296','TUTOR-ATT-296-31','tutor_accrual',85000.00,1,'2026-06-03 04:30:21','2026-06-03 04:30:21'),(679,'2025-12-30','Revenue Recognition - Enrollment #32 Meeting 5','REV-REC-20251230-32-4','rev_rec',91666.67,1,'2026-06-03 04:30:21','2026-06-03 04:30:21'),(680,'2025-12-30','Tutor fee - attendance #297','TUTOR-ATT-297-31','tutor_accrual',85000.00,1,'2026-06-03 04:30:21','2026-06-03 04:30:21'),(681,'2026-01-05','Revenue Recognition - Enrollment #32 Meeting 6','REV-REC-20260105-32-5','rev_rec',91666.67,1,'2026-06-03 04:30:22','2026-06-03 04:30:22'),(682,'2026-01-05','Tutor fee - attendance #298','TUTOR-ATT-298-31','tutor_accrual',85000.00,1,'2026-06-03 04:30:22','2026-06-03 04:30:22'),(683,'2026-01-09','Revenue Recognition - Enrollment #32 Meeting 7','REV-REC-20260109-32-6','rev_rec',91666.67,1,'2026-06-03 04:30:22','2026-06-03 04:30:22'),(684,'2026-01-09','Tutor fee - attendance #299','TUTOR-ATT-299-31','tutor_accrual',85000.00,1,'2026-06-03 04:30:22','2026-06-03 04:30:22'),(685,'2026-01-15','Revenue Recognition - Enrollment #32 Meeting 8','REV-REC-20260115-32-7','rev_rec',91666.67,1,'2026-06-03 04:30:22','2026-06-03 04:30:22'),(686,'2026-01-15','Tutor fee - attendance #300','TUTOR-ATT-300-31','tutor_accrual',85000.00,1,'2026-06-03 04:30:22','2026-06-03 04:30:22'),(687,'2026-01-22','Revenue Recognition - Enrollment #32 Meeting 9','REV-REC-20260122-32-8','rev_rec',91666.67,1,'2026-06-03 04:30:22','2026-06-03 04:30:22'),(688,'2026-01-22','Tutor fee - attendance #301','TUTOR-ATT-301-31','tutor_accrual',85000.00,1,'2026-06-03 04:30:22','2026-06-03 04:30:22'),(689,'2026-01-28','Revenue Recognition - Enrollment #32 Meeting 10','REV-REC-20260128-32-9','rev_rec',91666.67,1,'2026-06-03 04:30:22','2026-06-03 04:30:22'),(690,'2026-01-28','Tutor fee - attendance #302','TUTOR-ATT-302-31','tutor_accrual',85000.00,1,'2026-06-03 04:30:22','2026-06-03 04:30:22'),(691,'2026-02-01','Revenue Recognition - Enrollment #32 Meeting 11','REV-REC-20260201-32-10','rev_rec',91666.67,1,'2026-06-03 04:30:22','2026-06-03 04:30:22'),(692,'2026-02-01','Tutor fee - attendance #303','TUTOR-ATT-303-31','tutor_accrual',85000.00,1,'2026-06-03 04:30:22','2026-06-03 04:30:22'),(693,'2026-02-07','Revenue Recognition - Enrollment #32 Meeting 12','REV-REC-20260207-32-11','rev_rec',91666.67,1,'2026-06-03 04:30:22','2026-06-03 04:30:22'),(694,'2026-02-07','Tutor fee - attendance #304','TUTOR-ATT-304-31','tutor_accrual',85000.00,1,'2026-06-03 04:30:22','2026-06-03 04:30:22'),(695,'2026-02-14','Revenue Recognition - Enrollment #32 Meeting 13','REV-REC-20260214-32-12','rev_rec',91666.67,1,'2026-06-03 04:30:22','2026-06-03 04:30:22'),(696,'2026-02-14','Tutor fee - attendance #305','TUTOR-ATT-305-31','tutor_accrual',85000.00,1,'2026-06-03 04:30:22','2026-06-03 04:30:22'),(697,'2026-02-20','Revenue Recognition - Enrollment #32 Meeting 14','REV-REC-20260220-32-13','rev_rec',91666.67,1,'2026-06-03 04:30:22','2026-06-03 04:30:22'),(698,'2026-02-20','Tutor fee - attendance #306','TUTOR-ATT-306-31','tutor_accrual',85000.00,1,'2026-06-03 04:30:22','2026-06-03 04:30:22'),(699,'2026-02-24','Revenue Recognition - Enrollment #32 Meeting 15','REV-REC-20260224-32-14','rev_rec',91666.67,1,'2026-06-03 04:30:22','2026-06-03 04:30:22'),(700,'2026-02-24','Tutor fee - attendance #307','TUTOR-ATT-307-31','tutor_accrual',85000.00,1,'2026-06-03 04:30:22','2026-06-03 04:30:22'),(701,'2026-03-02','Revenue Recognition - Enrollment #32 Meeting 16','REV-REC-20260302-32-15','rev_rec',91666.67,1,'2026-06-03 04:30:22','2026-06-03 04:30:22'),(702,'2026-03-02','Tutor fee - attendance #308','TUTOR-ATT-308-31','tutor_accrual',85000.00,1,'2026-06-03 04:30:22','2026-06-03 04:30:22'),(703,'2026-03-06','Revenue Recognition - Enrollment #32 Meeting 17','REV-REC-20260306-32-16','rev_rec',91666.67,1,'2026-06-03 04:30:22','2026-06-03 04:30:22'),(704,'2026-03-06','Tutor fee - attendance #309','TUTOR-ATT-309-31','tutor_accrual',85000.00,1,'2026-06-03 04:30:22','2026-06-03 04:30:22'),(705,'2026-03-13','Revenue Recognition - Enrollment #32 Meeting 18','REV-REC-20260313-32-17','rev_rec',91666.67,1,'2026-06-03 04:30:22','2026-06-03 04:30:22'),(706,'2026-03-13','Tutor fee - attendance #310','TUTOR-ATT-310-31','tutor_accrual',85000.00,1,'2026-06-03 04:30:22','2026-06-03 04:30:22'),(707,'2026-03-18','Revenue Recognition - Enrollment #32 Meeting 19','REV-REC-20260318-32-18','rev_rec',91666.67,1,'2026-06-03 04:30:22','2026-06-03 04:30:22'),(708,'2026-03-18','Tutor fee - attendance #311','TUTOR-ATT-311-31','tutor_accrual',85000.00,1,'2026-06-03 04:30:22','2026-06-03 04:30:22'),(709,'2026-03-25','Revenue Recognition - Enrollment #32 Meeting 20','REV-REC-20260325-32-19','rev_rec',91666.67,1,'2026-06-03 04:30:22','2026-06-03 04:30:22'),(710,'2026-03-25','Tutor fee - attendance #312','TUTOR-ATT-312-31','tutor_accrual',85000.00,1,'2026-06-03 04:30:22','2026-06-03 04:30:22'),(711,'2025-10-07','Revenue Recognition - Enrollment #33 Meeting 1','REV-REC-20251007-33-0','rev_rec',91666.67,1,'2026-06-03 04:30:22','2026-06-03 04:30:22'),(712,'2025-10-07','Tutor fee - attendance #313','TUTOR-ATT-313-12','tutor_accrual',95000.00,1,'2026-06-03 04:30:22','2026-06-03 04:30:22'),(713,'2025-10-13','Revenue Recognition - Enrollment #33 Meeting 2','REV-REC-20251013-33-1','rev_rec',91666.67,1,'2026-06-03 04:30:22','2026-06-03 04:30:22'),(714,'2025-10-13','Tutor fee - attendance #314','TUTOR-ATT-314-12','tutor_accrual',95000.00,1,'2026-06-03 04:30:22','2026-06-03 04:30:22'),(715,'2025-10-19','Revenue Recognition - Enrollment #33 Meeting 3','REV-REC-20251019-33-2','rev_rec',91666.67,1,'2026-06-03 04:30:22','2026-06-03 04:30:22'),(716,'2025-10-19','Tutor fee - attendance #315','TUTOR-ATT-315-12','tutor_accrual',95000.00,1,'2026-06-03 04:30:22','2026-06-03 04:30:22'),(717,'2025-10-23','Revenue Recognition - Enrollment #33 Meeting 4','REV-REC-20251023-33-3','rev_rec',91666.67,1,'2026-06-03 04:30:22','2026-06-03 04:30:22'),(718,'2025-10-23','Tutor fee - attendance #316','TUTOR-ATT-316-12','tutor_accrual',95000.00,1,'2026-06-03 04:30:22','2026-06-03 04:30:22'),(719,'2025-10-26','Revenue Recognition - Enrollment #33 Meeting 5','REV-REC-20251026-33-4','rev_rec',91666.67,1,'2026-06-03 04:30:22','2026-06-03 04:30:22'),(720,'2025-10-26','Tutor fee - attendance #317','TUTOR-ATT-317-12','tutor_accrual',95000.00,1,'2026-06-03 04:30:22','2026-06-03 04:30:22'),(721,'2025-10-29','Revenue Recognition - Enrollment #33 Meeting 6','REV-REC-20251029-33-5','rev_rec',91666.67,1,'2026-06-03 04:30:22','2026-06-03 04:30:22'),(722,'2025-10-29','Tutor fee - attendance #318','TUTOR-ATT-318-12','tutor_accrual',95000.00,1,'2026-06-03 04:30:22','2026-06-03 04:30:22'),(723,'2025-11-02','Revenue Recognition - Enrollment #33 Meeting 7','REV-REC-20251102-33-6','rev_rec',91666.67,1,'2026-06-03 04:30:22','2026-06-03 04:30:22'),(724,'2025-11-02','Tutor fee - attendance #319','TUTOR-ATT-319-12','tutor_accrual',95000.00,1,'2026-06-03 04:30:22','2026-06-03 04:30:22'),(725,'2025-11-08','Revenue Recognition - Enrollment #33 Meeting 8','REV-REC-20251108-33-7','rev_rec',91666.67,1,'2026-06-03 04:30:22','2026-06-03 04:30:22'),(726,'2025-11-08','Tutor fee - attendance #320','TUTOR-ATT-320-12','tutor_accrual',95000.00,1,'2026-06-03 04:30:22','2026-06-03 04:30:22'),(727,'2025-11-12','Revenue Recognition - Enrollment #33 Meeting 9','REV-REC-20251112-33-8','rev_rec',91666.67,1,'2026-06-03 04:30:22','2026-06-03 04:30:22'),(728,'2025-11-12','Tutor fee - attendance #321','TUTOR-ATT-321-12','tutor_accrual',95000.00,1,'2026-06-03 04:30:22','2026-06-03 04:30:22'),(729,'2025-11-15','Revenue Recognition - Enrollment #33 Meeting 10','REV-REC-20251115-33-9','rev_rec',91666.67,1,'2026-06-03 04:30:22','2026-06-03 04:30:22'),(730,'2025-11-15','Tutor fee - attendance #322','TUTOR-ATT-322-12','tutor_accrual',95000.00,1,'2026-06-03 04:30:22','2026-06-03 04:30:22'),(731,'2025-11-19','Revenue Recognition - Enrollment #33 Meeting 11','REV-REC-20251119-33-10','rev_rec',91666.67,1,'2026-06-03 04:30:22','2026-06-03 04:30:22'),(732,'2025-11-19','Tutor fee - attendance #323','TUTOR-ATT-323-12','tutor_accrual',95000.00,1,'2026-06-03 04:30:22','2026-06-03 04:30:22'),(733,'2025-11-24','Revenue Recognition - Enrollment #33 Meeting 12','REV-REC-20251124-33-11','rev_rec',91666.67,1,'2026-06-03 04:30:22','2026-06-03 04:30:22'),(734,'2025-11-24','Tutor fee - attendance #324','TUTOR-ATT-324-12','tutor_accrual',95000.00,1,'2026-06-03 04:30:22','2026-06-03 04:30:22'),(735,'2025-11-29','Revenue Recognition - Enrollment #33 Meeting 13','REV-REC-20251129-33-12','rev_rec',91666.67,1,'2026-06-03 04:30:22','2026-06-03 04:30:22'),(736,'2025-11-29','Tutor fee - attendance #325','TUTOR-ATT-325-12','tutor_accrual',95000.00,1,'2026-06-03 04:30:22','2026-06-03 04:30:22'),(737,'2025-12-04','Revenue Recognition - Enrollment #33 Meeting 14','REV-REC-20251204-33-13','rev_rec',91666.67,1,'2026-06-03 04:30:22','2026-06-03 04:30:22'),(738,'2025-12-04','Tutor fee - attendance #326','TUTOR-ATT-326-12','tutor_accrual',95000.00,1,'2026-06-03 04:30:22','2026-06-03 04:30:22'),(739,'2025-12-08','Revenue Recognition - Enrollment #33 Meeting 15','REV-REC-20251208-33-14','rev_rec',91666.67,1,'2026-06-03 04:30:22','2026-06-03 04:30:22'),(740,'2025-12-08','Tutor fee - attendance #327','TUTOR-ATT-327-12','tutor_accrual',95000.00,1,'2026-06-03 04:30:22','2026-06-03 04:30:22'),(741,'2025-12-13','Revenue Recognition - Enrollment #33 Meeting 16','REV-REC-20251213-33-15','rev_rec',91666.67,1,'2026-06-03 04:30:22','2026-06-03 04:30:22'),(742,'2025-12-13','Tutor fee - attendance #328','TUTOR-ATT-328-12','tutor_accrual',95000.00,1,'2026-06-03 04:30:22','2026-06-03 04:30:22'),(743,'2026-04-07','Revenue Recognition - Enrollment #34 Meeting 1','REV-REC-20260407-34-0','rev_rec',120000.00,1,'2026-06-03 04:30:22','2026-06-03 04:30:22'),(744,'2026-04-07','Tutor fee - attendance #329','TUTOR-ATT-329-10','tutor_accrual',95000.00,1,'2026-06-03 04:30:22','2026-06-03 04:30:22'),(745,'2026-04-14','Revenue Recognition - Enrollment #34 Meeting 2','REV-REC-20260414-34-1','rev_rec',120000.00,1,'2026-06-03 04:30:22','2026-06-03 04:30:22'),(746,'2026-04-14','Tutor fee - attendance #330','TUTOR-ATT-330-10','tutor_accrual',95000.00,1,'2026-06-03 04:30:22','2026-06-03 04:30:22'),(747,'2026-04-19','Revenue Recognition - Enrollment #34 Meeting 3','REV-REC-20260419-34-2','rev_rec',120000.00,1,'2026-06-03 04:30:22','2026-06-03 04:30:22'),(748,'2026-04-19','Tutor fee - attendance #331','TUTOR-ATT-331-10','tutor_accrual',95000.00,1,'2026-06-03 04:30:22','2026-06-03 04:30:22'),(749,'2026-04-23','Revenue Recognition - Enrollment #34 Meeting 4','REV-REC-20260423-34-3','rev_rec',120000.00,1,'2026-06-03 04:30:23','2026-06-03 04:30:23'),(750,'2026-04-23','Tutor fee - attendance #332','TUTOR-ATT-332-10','tutor_accrual',95000.00,1,'2026-06-03 04:30:23','2026-06-03 04:30:23'),(751,'2026-04-30','Revenue Recognition - Enrollment #34 Meeting 5','REV-REC-20260430-34-4','rev_rec',120000.00,1,'2026-06-03 04:30:23','2026-06-03 04:30:23'),(752,'2026-04-30','Tutor fee - attendance #333','TUTOR-ATT-333-10','tutor_accrual',95000.00,1,'2026-06-03 04:30:23','2026-06-03 04:30:23'),(753,'2026-05-04','Revenue Recognition - Enrollment #34 Meeting 6','REV-REC-20260504-34-5','rev_rec',120000.00,1,'2026-06-03 04:30:23','2026-06-03 04:30:23'),(754,'2026-05-04','Tutor fee - attendance #334','TUTOR-ATT-334-10','tutor_accrual',95000.00,1,'2026-06-03 04:30:23','2026-06-03 04:30:23'),(755,'2026-05-09','Revenue Recognition - Enrollment #34 Meeting 7','REV-REC-20260509-34-6','rev_rec',120000.00,1,'2026-06-03 04:30:23','2026-06-03 04:30:23'),(756,'2026-05-09','Tutor fee - attendance #335','TUTOR-ATT-335-10','tutor_accrual',95000.00,1,'2026-06-03 04:30:23','2026-06-03 04:30:23'),(757,'2026-05-15','Revenue Recognition - Enrollment #34 Meeting 8','REV-REC-20260515-34-7','rev_rec',120000.00,1,'2026-06-03 04:30:23','2026-06-03 04:30:23'),(758,'2026-05-15','Tutor fee - attendance #336','TUTOR-ATT-336-10','tutor_accrual',95000.00,1,'2026-06-03 04:30:23','2026-06-03 04:30:23'),(759,'2026-02-27','Revenue Recognition - Enrollment #35 Meeting 1','REV-REC-20260227-35-0','rev_rec',120000.00,1,'2026-06-03 04:30:23','2026-06-03 04:30:23'),(760,'2026-02-27','Tutor fee - attendance #337','TUTOR-ATT-337-28','tutor_accrual',95000.00,1,'2026-06-03 04:30:23','2026-06-03 04:30:23'),(761,'2026-02-14','Revenue Recognition - Enrollment #39 Meeting 1','REV-REC-20260214-39-0','rev_rec',130000.00,1,'2026-06-03 04:30:23','2026-06-03 04:30:23'),(762,'2026-02-14','Tutor fee - attendance #338','TUTOR-ATT-338-11','tutor_accrual',85000.00,1,'2026-06-03 04:30:23','2026-06-03 04:30:23'),(763,'2026-02-17','Revenue Recognition - Enrollment #39 Meeting 2','REV-REC-20260217-39-1','rev_rec',130000.00,1,'2026-06-03 04:30:23','2026-06-03 04:30:23'),(764,'2026-02-17','Tutor fee - attendance #339','TUTOR-ATT-339-11','tutor_accrual',85000.00,1,'2026-06-03 04:30:23','2026-06-03 04:30:23'),(765,'2026-02-20','Revenue Recognition - Enrollment #39 Meeting 3','REV-REC-20260220-39-2','rev_rec',130000.00,1,'2026-06-03 04:30:23','2026-06-03 04:30:23'),(766,'2026-02-20','Tutor fee - attendance #340','TUTOR-ATT-340-11','tutor_accrual',85000.00,1,'2026-06-03 04:30:23','2026-06-03 04:30:23'),(767,'2026-02-24','Revenue Recognition - Enrollment #39 Meeting 4','REV-REC-20260224-39-3','rev_rec',130000.00,1,'2026-06-03 04:30:23','2026-06-03 04:30:23'),(768,'2026-02-24','Tutor fee - attendance #341','TUTOR-ATT-341-11','tutor_accrual',85000.00,1,'2026-06-03 04:30:23','2026-06-03 04:30:23'),(769,'2026-02-28','Revenue Recognition - Enrollment #39 Meeting 5','REV-REC-20260228-39-4','rev_rec',130000.00,1,'2026-06-03 04:30:23','2026-06-03 04:30:23'),(770,'2026-02-28','Tutor fee - attendance #342','TUTOR-ATT-342-11','tutor_accrual',85000.00,1,'2026-06-03 04:30:23','2026-06-03 04:30:23'),(771,'2026-03-06','Revenue Recognition - Enrollment #39 Meeting 6','REV-REC-20260306-39-5','rev_rec',130000.00,1,'2026-06-03 04:30:23','2026-06-03 04:30:23'),(772,'2026-03-06','Tutor fee - attendance #343','TUTOR-ATT-343-11','tutor_accrual',85000.00,1,'2026-06-03 04:30:23','2026-06-03 04:30:23'),(773,'2026-03-12','Revenue Recognition - Enrollment #39 Meeting 7','REV-REC-20260312-39-6','rev_rec',130000.00,1,'2026-06-03 04:30:23','2026-06-03 04:30:23'),(774,'2026-03-12','Tutor fee - attendance #344','TUTOR-ATT-344-11','tutor_accrual',85000.00,1,'2026-06-03 04:30:23','2026-06-03 04:30:23'),(775,'2026-03-16','Revenue Recognition - Enrollment #39 Meeting 8','REV-REC-20260316-39-7','rev_rec',130000.00,1,'2026-06-03 04:30:23','2026-06-03 04:30:23'),(776,'2026-03-16','Tutor fee - attendance #345','TUTOR-ATT-345-11','tutor_accrual',85000.00,1,'2026-06-03 04:30:23','2026-06-03 04:30:23'),(777,'2026-03-21','Revenue Recognition - Enrollment #39 Meeting 9','REV-REC-20260321-39-8','rev_rec',130000.00,1,'2026-06-03 04:30:23','2026-06-03 04:30:23'),(778,'2026-03-21','Tutor fee - attendance #346','TUTOR-ATT-346-11','tutor_accrual',85000.00,1,'2026-06-03 04:30:23','2026-06-03 04:30:23'),(779,'2026-03-25','Revenue Recognition - Enrollment #39 Meeting 10','REV-REC-20260325-39-9','rev_rec',130000.00,1,'2026-06-03 04:30:23','2026-06-03 04:30:23'),(780,'2026-03-25','Tutor fee - attendance #347','TUTOR-ATT-347-11','tutor_accrual',85000.00,1,'2026-06-03 04:30:23','2026-06-03 04:30:23'),(781,'2025-08-21','Revenue Recognition - Enrollment #40 Meeting 1','REV-REC-20250821-40-0','rev_rec',130000.00,1,'2026-06-03 04:30:23','2026-06-03 04:30:23'),(782,'2025-08-21','Tutor fee - attendance #348','TUTOR-ATT-348-38','tutor_accrual',75000.00,1,'2026-06-03 04:30:23','2026-06-03 04:30:23'),(783,'2025-08-25','Revenue Recognition - Enrollment #40 Meeting 2','REV-REC-20250825-40-1','rev_rec',130000.00,1,'2026-06-03 04:30:23','2026-06-03 04:30:23'),(784,'2025-08-25','Tutor fee - attendance #349','TUTOR-ATT-349-38','tutor_accrual',75000.00,1,'2026-06-03 04:30:23','2026-06-03 04:30:23'),(785,'2026-03-24','Revenue Recognition - Enrollment #41 Meeting 1','REV-REC-20260324-41-0','rev_rec',100000.00,1,'2026-06-03 04:30:23','2026-06-03 04:30:23'),(786,'2026-03-24','Revenue Recognition - Enrollment #42 Meeting 1','REV-REC-20260324-42-0','rev_rec',100000.00,1,'2026-06-03 04:30:23','2026-06-03 04:30:23'),(787,'2026-03-24','Tutor fee - attendance #350','TUTOR-ATT-350-40','tutor_accrual',80000.00,1,'2026-06-03 04:30:23','2026-06-03 04:30:23'),(788,'2026-01-29','Revenue Recognition - Enrollment #43 Meeting 1','REV-REC-20260129-43-0','rev_rec',95000.00,1,'2026-06-03 04:30:23','2026-06-03 04:30:23'),(789,'2026-01-29','Revenue Recognition - Enrollment #44 Meeting 1','REV-REC-20260129-44-0','rev_rec',95000.00,1,'2026-06-03 04:30:23','2026-06-03 04:30:23'),(790,'2026-01-29','Tutor fee - attendance #351','TUTOR-ATT-351-37','tutor_accrual',70000.00,1,'2026-06-03 04:30:23','2026-06-03 04:30:23'),(791,'2026-02-05','Revenue Recognition - Enrollment #43 Meeting 2','REV-REC-20260205-43-1','rev_rec',95000.00,1,'2026-06-03 04:30:23','2026-06-03 04:30:23'),(792,'2026-02-05','Revenue Recognition - Enrollment #44 Meeting 2','REV-REC-20260205-44-1','rev_rec',95000.00,1,'2026-06-03 04:30:23','2026-06-03 04:30:23'),(793,'2026-02-05','Tutor fee - attendance #352','TUTOR-ATT-352-37','tutor_accrual',70000.00,1,'2026-06-03 04:30:23','2026-06-03 04:30:23'),(794,'2026-02-10','Revenue Recognition - Enrollment #43 Meeting 3','REV-REC-20260210-43-2','rev_rec',95000.00,1,'2026-06-03 04:30:23','2026-06-03 04:30:23'),(795,'2026-02-10','Revenue Recognition - Enrollment #44 Meeting 3','REV-REC-20260210-44-2','rev_rec',95000.00,1,'2026-06-03 04:30:23','2026-06-03 04:30:23'),(796,'2026-02-10','Tutor fee - attendance #353','TUTOR-ATT-353-37','tutor_accrual',70000.00,1,'2026-06-03 04:30:23','2026-06-03 04:30:23'),(797,'2026-02-19','Revenue Recognition - Enrollment #43 Meeting 4','REV-REC-20260219-43-3','rev_rec',95000.00,1,'2026-06-03 04:30:23','2026-06-03 04:30:23'),(798,'2026-02-19','Revenue Recognition - Enrollment #44 Meeting 4','REV-REC-20260219-44-3','rev_rec',95000.00,1,'2026-06-03 04:30:23','2026-06-03 04:30:23'),(799,'2026-02-19','Tutor fee - attendance #354','TUTOR-ATT-354-37','tutor_accrual',70000.00,1,'2026-06-03 04:30:23','2026-06-03 04:30:23'),(800,'2026-02-25','Revenue Recognition - Enrollment #43 Meeting 5','REV-REC-20260225-43-4','rev_rec',95000.00,1,'2026-06-03 04:30:23','2026-06-03 04:30:23'),(801,'2026-02-25','Revenue Recognition - Enrollment #44 Meeting 5','REV-REC-20260225-44-4','rev_rec',95000.00,1,'2026-06-03 04:30:23','2026-06-03 04:30:23'),(802,'2026-02-25','Tutor fee - attendance #355','TUTOR-ATT-355-37','tutor_accrual',70000.00,1,'2026-06-03 04:30:23','2026-06-03 04:30:23'),(803,'2026-03-02','Revenue Recognition - Enrollment #43 Meeting 6','REV-REC-20260302-43-5','rev_rec',95000.00,1,'2026-06-03 04:30:23','2026-06-03 04:30:23'),(804,'2026-03-02','Revenue Recognition - Enrollment #44 Meeting 6','REV-REC-20260302-44-5','rev_rec',95000.00,1,'2026-06-03 04:30:23','2026-06-03 04:30:23'),(805,'2026-03-02','Tutor fee - attendance #356','TUTOR-ATT-356-37','tutor_accrual',70000.00,1,'2026-06-03 04:30:23','2026-06-03 04:30:23'),(806,'2026-03-09','Revenue Recognition - Enrollment #43 Meeting 7','REV-REC-20260309-43-6','rev_rec',95000.00,1,'2026-06-03 04:30:23','2026-06-03 04:30:23'),(807,'2026-03-09','Revenue Recognition - Enrollment #44 Meeting 7','REV-REC-20260309-44-6','rev_rec',95000.00,1,'2026-06-03 04:30:23','2026-06-03 04:30:23'),(808,'2026-03-09','Tutor fee - attendance #357','TUTOR-ATT-357-37','tutor_accrual',70000.00,1,'2026-06-03 04:30:23','2026-06-03 04:30:23'),(809,'2026-03-07','Revenue Recognition - Enrollment #45 Meeting 1','REV-REC-20260307-45-0','rev_rec',108333.33,1,'2026-06-03 04:30:23','2026-06-03 04:30:23'),(810,'2026-03-07','Revenue Recognition - Enrollment #46 Meeting 1','REV-REC-20260307-46-0','rev_rec',108333.33,1,'2026-06-03 04:30:23','2026-06-03 04:30:23'),(811,'2026-03-07','Revenue Recognition - Enrollment #47 Meeting 1','REV-REC-20260307-47-0','rev_rec',108333.33,1,'2026-06-03 04:30:23','2026-06-03 04:30:23'),(812,'2026-03-07','Revenue Recognition - Enrollment #48 Meeting 1','REV-REC-20260307-48-0','rev_rec',108333.33,1,'2026-06-03 04:30:23','2026-06-03 04:30:23'),(813,'2026-03-07','Tutor fee - attendance #358','TUTOR-ATT-358-24','tutor_accrual',70000.00,1,'2026-06-03 04:30:24','2026-06-03 04:30:24'),(814,'2026-03-13','Revenue Recognition - Enrollment #45 Meeting 2','REV-REC-20260313-45-1','rev_rec',108333.33,1,'2026-06-03 04:30:24','2026-06-03 04:30:24'),(815,'2026-03-13','Revenue Recognition - Enrollment #46 Meeting 2','REV-REC-20260313-46-1','rev_rec',108333.33,1,'2026-06-03 04:30:24','2026-06-03 04:30:24'),(816,'2026-03-13','Revenue Recognition - Enrollment #47 Meeting 2','REV-REC-20260313-47-1','rev_rec',108333.33,1,'2026-06-03 04:30:24','2026-06-03 04:30:24'),(817,'2026-03-13','Revenue Recognition - Enrollment #48 Meeting 2','REV-REC-20260313-48-1','rev_rec',108333.33,1,'2026-06-03 04:30:24','2026-06-03 04:30:24'),(818,'2026-03-13','Tutor fee - attendance #359','TUTOR-ATT-359-24','tutor_accrual',70000.00,1,'2026-06-03 04:30:24','2026-06-03 04:30:24'),(819,'2026-03-22','Revenue Recognition - Enrollment #45 Meeting 3','REV-REC-20260322-45-2','rev_rec',108333.33,1,'2026-06-03 04:30:24','2026-06-03 04:30:24'),(820,'2026-03-22','Revenue Recognition - Enrollment #46 Meeting 3','REV-REC-20260322-46-2','rev_rec',108333.33,1,'2026-06-03 04:30:24','2026-06-03 04:30:24'),(821,'2026-03-22','Revenue Recognition - Enrollment #47 Meeting 3','REV-REC-20260322-47-2','rev_rec',108333.33,1,'2026-06-03 04:30:24','2026-06-03 04:30:24'),(822,'2026-03-22','Revenue Recognition - Enrollment #48 Meeting 3','REV-REC-20260322-48-2','rev_rec',108333.33,1,'2026-06-03 04:30:24','2026-06-03 04:30:24'),(823,'2026-03-22','Tutor fee - attendance #360','TUTOR-ATT-360-24','tutor_accrual',70000.00,1,'2026-06-03 04:30:24','2026-06-03 04:30:24'),(824,'2026-03-27','Revenue Recognition - Enrollment #45 Meeting 4','REV-REC-20260327-45-3','rev_rec',108333.33,1,'2026-06-03 04:30:24','2026-06-03 04:30:24'),(825,'2026-03-27','Revenue Recognition - Enrollment #46 Meeting 4','REV-REC-20260327-46-3','rev_rec',108333.33,1,'2026-06-03 04:30:24','2026-06-03 04:30:24'),(826,'2026-03-27','Revenue Recognition - Enrollment #47 Meeting 4','REV-REC-20260327-47-3','rev_rec',108333.33,1,'2026-06-03 04:30:24','2026-06-03 04:30:24'),(827,'2026-03-27','Revenue Recognition - Enrollment #48 Meeting 4','REV-REC-20260327-48-3','rev_rec',108333.33,1,'2026-06-03 04:30:24','2026-06-03 04:30:24'),(828,'2026-03-27','Tutor fee - attendance #361','TUTOR-ATT-361-24','tutor_accrual',70000.00,1,'2026-06-03 04:30:24','2026-06-03 04:30:24'),(829,'2026-03-15','Revenue Recognition - Enrollment #49 Meeting 1','REV-REC-20260315-49-0','rev_rec',83333.33,1,'2026-06-03 04:30:24','2026-06-03 04:30:24'),(830,'2026-03-15','Revenue Recognition - Enrollment #50 Meeting 1','REV-REC-20260315-50-0','rev_rec',83333.33,1,'2026-06-03 04:30:24','2026-06-03 04:30:24'),(831,'2026-03-15','Tutor fee - attendance #362','TUTOR-ATT-362-9','tutor_accrual',60000.00,1,'2026-06-03 04:30:24','2026-06-03 04:30:24'),(832,'2026-03-21','Revenue Recognition - Enrollment #49 Meeting 2','REV-REC-20260321-49-1','rev_rec',83333.33,1,'2026-06-03 04:30:24','2026-06-03 04:30:24'),(833,'2026-03-21','Revenue Recognition - Enrollment #50 Meeting 2','REV-REC-20260321-50-1','rev_rec',83333.33,1,'2026-06-03 04:30:24','2026-06-03 04:30:24'),(834,'2026-03-21','Tutor fee - attendance #363','TUTOR-ATT-363-9','tutor_accrual',60000.00,1,'2026-06-03 04:30:24','2026-06-03 04:30:24'),(835,'2026-03-29','Revenue Recognition - Enrollment #49 Meeting 3','REV-REC-20260329-49-2','rev_rec',83333.33,1,'2026-06-03 04:30:24','2026-06-03 04:30:24'),(836,'2026-03-29','Revenue Recognition - Enrollment #50 Meeting 3','REV-REC-20260329-50-2','rev_rec',83333.33,1,'2026-06-03 04:30:24','2026-06-03 04:30:24'),(837,'2026-03-29','Tutor fee - attendance #364','TUTOR-ATT-364-9','tutor_accrual',60000.00,1,'2026-06-03 04:30:24','2026-06-03 04:30:24'),(838,'2026-02-24','Revenue Recognition - Enrollment #54 Meeting 1','REV-REC-20260224-54-0','rev_rec',90000.00,1,'2026-06-03 04:30:24','2026-06-03 04:30:24'),(839,'2026-02-24','Revenue Recognition - Enrollment #55 Meeting 1','REV-REC-20260224-55-0','rev_rec',90000.00,1,'2026-06-03 04:30:24','2026-06-03 04:30:24'),(840,'2026-02-24','Tutor fee - attendance #365','TUTOR-ATT-365-6','tutor_accrual',70000.00,1,'2026-06-03 04:30:24','2026-06-03 04:30:24'),(841,'2026-03-05','Revenue Recognition - Enrollment #54 Meeting 2','REV-REC-20260305-54-1','rev_rec',90000.00,1,'2026-06-03 04:30:24','2026-06-03 04:30:24'),(842,'2026-03-05','Revenue Recognition - Enrollment #55 Meeting 2','REV-REC-20260305-55-1','rev_rec',90000.00,1,'2026-06-03 04:30:24','2026-06-03 04:30:24'),(843,'2026-03-05','Tutor fee - attendance #366','TUTOR-ATT-366-6','tutor_accrual',70000.00,1,'2026-06-03 04:30:24','2026-06-03 04:30:24'),(844,'2026-03-14','Revenue Recognition - Enrollment #54 Meeting 3','REV-REC-20260314-54-2','rev_rec',90000.00,1,'2026-06-03 04:30:24','2026-06-03 04:30:24'),(845,'2026-03-14','Revenue Recognition - Enrollment #55 Meeting 3','REV-REC-20260314-55-2','rev_rec',90000.00,1,'2026-06-03 04:30:24','2026-06-03 04:30:24'),(846,'2026-03-14','Tutor fee - attendance #367','TUTOR-ATT-367-6','tutor_accrual',70000.00,1,'2026-06-03 04:30:24','2026-06-03 04:30:24'),(847,'2026-03-20','Revenue Recognition - Enrollment #54 Meeting 4','REV-REC-20260320-54-3','rev_rec',90000.00,1,'2026-06-03 04:30:24','2026-06-03 04:30:24'),(848,'2026-03-20','Revenue Recognition - Enrollment #55 Meeting 4','REV-REC-20260320-55-3','rev_rec',90000.00,1,'2026-06-03 04:30:24','2026-06-03 04:30:24'),(849,'2026-03-20','Tutor fee - attendance #368','TUTOR-ATT-368-6','tutor_accrual',70000.00,1,'2026-06-03 04:30:24','2026-06-03 04:30:24'),(850,'2026-03-28','Revenue Recognition - Enrollment #54 Meeting 5','REV-REC-20260328-54-4','rev_rec',90000.00,1,'2026-06-03 04:30:24','2026-06-03 04:30:24'),(851,'2026-03-28','Revenue Recognition - Enrollment #55 Meeting 5','REV-REC-20260328-55-4','rev_rec',90000.00,1,'2026-06-03 04:30:24','2026-06-03 04:30:24'),(852,'2026-03-28','Tutor fee - attendance #369','TUTOR-ATT-369-6','tutor_accrual',70000.00,1,'2026-06-03 04:30:24','2026-06-03 04:30:24'),(853,'2026-04-05','Revenue Recognition - Enrollment #54 Meeting 6','REV-REC-20260405-54-5','rev_rec',90000.00,1,'2026-06-03 04:30:24','2026-06-03 04:30:24'),(854,'2026-04-05','Revenue Recognition - Enrollment #55 Meeting 6','REV-REC-20260405-55-5','rev_rec',90000.00,1,'2026-06-03 04:30:24','2026-06-03 04:30:24'),(855,'2026-04-05','Tutor fee - attendance #370','TUTOR-ATT-370-6','tutor_accrual',70000.00,1,'2026-06-03 04:30:24','2026-06-03 04:30:24'),(856,'2026-04-13','Revenue Recognition - Enrollment #54 Meeting 7','REV-REC-20260413-54-6','rev_rec',90000.00,1,'2026-06-03 04:30:24','2026-06-03 04:30:24'),(857,'2026-04-13','Revenue Recognition - Enrollment #55 Meeting 7','REV-REC-20260413-55-6','rev_rec',90000.00,1,'2026-06-03 04:30:24','2026-06-03 04:30:24'),(858,'2026-04-13','Tutor fee - attendance #371','TUTOR-ATT-371-6','tutor_accrual',70000.00,1,'2026-06-03 04:30:24','2026-06-03 04:30:24'),(859,'2026-04-19','Revenue Recognition - Enrollment #54 Meeting 8','REV-REC-20260419-54-7','rev_rec',90000.00,1,'2026-06-03 04:30:24','2026-06-03 04:30:24'),(860,'2026-04-19','Revenue Recognition - Enrollment #55 Meeting 8','REV-REC-20260419-55-7','rev_rec',90000.00,1,'2026-06-03 04:30:24','2026-06-03 04:30:24'),(861,'2026-04-19','Tutor fee - attendance #372','TUTOR-ATT-372-6','tutor_accrual',70000.00,1,'2026-06-03 04:30:24','2026-06-03 04:30:24'),(862,'2026-04-27','Revenue Recognition - Enrollment #54 Meeting 9','REV-REC-20260427-54-8','rev_rec',90000.00,1,'2026-06-03 04:30:24','2026-06-03 04:30:24'),(863,'2026-04-27','Revenue Recognition - Enrollment #55 Meeting 9','REV-REC-20260427-55-8','rev_rec',90000.00,1,'2026-06-03 04:30:24','2026-06-03 04:30:24'),(864,'2026-04-27','Tutor fee - attendance #373','TUTOR-ATT-373-6','tutor_accrual',70000.00,1,'2026-06-03 04:30:24','2026-06-03 04:30:24'),(865,'2026-05-03','Revenue Recognition - Enrollment #54 Meeting 10','REV-REC-20260503-54-9','rev_rec',90000.00,1,'2026-06-03 04:30:24','2026-06-03 04:30:24'),(866,'2026-05-03','Revenue Recognition - Enrollment #55 Meeting 10','REV-REC-20260503-55-9','rev_rec',90000.00,1,'2026-06-03 04:30:24','2026-06-03 04:30:24'),(867,'2026-05-03','Tutor fee - attendance #374','TUTOR-ATT-374-6','tutor_accrual',70000.00,1,'2026-06-03 04:30:24','2026-06-03 04:30:24'),(868,'2026-05-09','Revenue Recognition - Enrollment #54 Meeting 11','REV-REC-20260509-54-10','rev_rec',90000.00,1,'2026-06-03 04:30:24','2026-06-03 04:30:24'),(869,'2026-05-09','Revenue Recognition - Enrollment #55 Meeting 11','REV-REC-20260509-55-10','rev_rec',90000.00,1,'2026-06-03 04:30:24','2026-06-03 04:30:24'),(870,'2026-05-09','Tutor fee - attendance #375','TUTOR-ATT-375-6','tutor_accrual',70000.00,1,'2026-06-03 04:30:24','2026-06-03 04:30:24'),(871,'2026-05-16','Revenue Recognition - Enrollment #54 Meeting 12','REV-REC-20260516-54-11','rev_rec',90000.00,1,'2026-06-03 04:30:24','2026-06-03 04:30:24'),(872,'2026-05-16','Revenue Recognition - Enrollment #55 Meeting 12','REV-REC-20260516-55-11','rev_rec',90000.00,1,'2026-06-03 04:30:24','2026-06-03 04:30:24'),(873,'2026-05-16','Tutor fee - attendance #376','TUTOR-ATT-376-6','tutor_accrual',70000.00,1,'2026-06-03 04:30:24','2026-06-03 04:30:24'),(874,'2026-05-21','Revenue Recognition - Enrollment #54 Meeting 13','REV-REC-20260521-54-12','rev_rec',90000.00,1,'2026-06-03 04:30:24','2026-06-03 04:30:24'),(875,'2026-05-21','Revenue Recognition - Enrollment #55 Meeting 13','REV-REC-20260521-55-12','rev_rec',90000.00,1,'2026-06-03 04:30:25','2026-06-03 04:30:25'),(876,'2026-05-21','Tutor fee - attendance #377','TUTOR-ATT-377-6','tutor_accrual',70000.00,1,'2026-06-03 04:30:25','2026-06-03 04:30:25'),(877,'2026-05-28','Revenue Recognition - Enrollment #54 Meeting 14','REV-REC-20260528-54-13','rev_rec',90000.00,1,'2026-06-03 04:30:25','2026-06-03 04:30:25'),(878,'2026-05-28','Revenue Recognition - Enrollment #55 Meeting 14','REV-REC-20260528-55-13','rev_rec',90000.00,1,'2026-06-03 04:30:25','2026-06-03 04:30:25'),(879,'2026-05-28','Tutor fee - attendance #378','TUTOR-ATT-378-6','tutor_accrual',70000.00,1,'2026-06-03 04:30:25','2026-06-03 04:30:25'),(880,'2026-06-03','Revenue Recognition - Enrollment #54 Meeting 15','REV-REC-20260603-54-14','rev_rec',90000.00,1,'2026-06-03 04:30:25','2026-06-03 04:30:25'),(881,'2026-06-03','Revenue Recognition - Enrollment #55 Meeting 15','REV-REC-20260603-55-14','rev_rec',90000.00,1,'2026-06-03 04:30:25','2026-06-03 04:30:25'),(882,'2026-06-03','Tutor fee - attendance #379','TUTOR-ATT-379-6','tutor_accrual',70000.00,1,'2026-06-03 04:30:25','2026-06-03 04:30:25'),(883,'2026-04-08','Revenue Recognition - Enrollment #56 Meeting 1','REV-REC-20260408-56-0','rev_rec',75000.00,1,'2026-06-03 04:30:25','2026-06-03 04:30:25'),(884,'2026-04-08','Revenue Recognition - Enrollment #57 Meeting 1','REV-REC-20260408-57-0','rev_rec',75000.00,1,'2026-06-03 04:30:25','2026-06-03 04:30:25'),(885,'2026-04-08','Revenue Recognition - Enrollment #58 Meeting 1','REV-REC-20260408-58-0','rev_rec',75000.00,1,'2026-06-03 04:30:25','2026-06-03 04:30:25'),(886,'2026-04-08','Revenue Recognition - Enrollment #59 Meeting 1','REV-REC-20260408-59-0','rev_rec',75000.00,1,'2026-06-03 04:30:25','2026-06-03 04:30:25'),(887,'2026-04-08','Revenue Recognition - Enrollment #60 Meeting 1','REV-REC-20260408-60-0','rev_rec',75000.00,1,'2026-06-03 04:30:25','2026-06-03 04:30:25'),(888,'2026-04-08','Revenue Recognition - Enrollment #61 Meeting 1','REV-REC-20260408-61-0','rev_rec',75000.00,1,'2026-06-03 04:30:25','2026-06-03 04:30:25'),(889,'2026-04-08','Revenue Recognition - Enrollment #62 Meeting 1','REV-REC-20260408-62-0','rev_rec',75000.00,1,'2026-06-03 04:30:25','2026-06-03 04:30:25'),(890,'2026-04-08','Revenue Recognition - Enrollment #63 Meeting 1','REV-REC-20260408-63-0','rev_rec',75000.00,1,'2026-06-03 04:30:25','2026-06-03 04:30:25'),(891,'2026-04-08','Tutor fee - attendance #380','TUTOR-ATT-380-40','tutor_accrual',60000.00,1,'2026-06-03 04:30:25','2026-06-03 04:30:25'),(892,'2026-04-14','Revenue Recognition - Enrollment #56 Meeting 2','REV-REC-20260414-56-1','rev_rec',75000.00,1,'2026-06-03 04:30:25','2026-06-03 04:30:25'),(893,'2026-04-14','Revenue Recognition - Enrollment #57 Meeting 2','REV-REC-20260414-57-1','rev_rec',75000.00,1,'2026-06-03 04:30:25','2026-06-03 04:30:25'),(894,'2026-04-14','Revenue Recognition - Enrollment #58 Meeting 2','REV-REC-20260414-58-1','rev_rec',75000.00,1,'2026-06-03 04:30:25','2026-06-03 04:30:25'),(895,'2026-04-14','Revenue Recognition - Enrollment #59 Meeting 2','REV-REC-20260414-59-1','rev_rec',75000.00,1,'2026-06-03 04:30:25','2026-06-03 04:30:25'),(896,'2026-04-14','Revenue Recognition - Enrollment #60 Meeting 2','REV-REC-20260414-60-1','rev_rec',75000.00,1,'2026-06-03 04:30:25','2026-06-03 04:30:25'),(897,'2026-04-14','Revenue Recognition - Enrollment #61 Meeting 2','REV-REC-20260414-61-1','rev_rec',75000.00,1,'2026-06-03 04:30:25','2026-06-03 04:30:25'),(898,'2026-04-14','Revenue Recognition - Enrollment #62 Meeting 2','REV-REC-20260414-62-1','rev_rec',75000.00,1,'2026-06-03 04:30:25','2026-06-03 04:30:25'),(899,'2026-04-14','Revenue Recognition - Enrollment #63 Meeting 2','REV-REC-20260414-63-1','rev_rec',75000.00,1,'2026-06-03 04:30:25','2026-06-03 04:30:25'),(900,'2026-04-14','Tutor fee - attendance #381','TUTOR-ATT-381-40','tutor_accrual',60000.00,1,'2026-06-03 04:30:25','2026-06-03 04:30:25'),(901,'2026-04-21','Revenue Recognition - Enrollment #56 Meeting 3','REV-REC-20260421-56-2','rev_rec',75000.00,1,'2026-06-03 04:30:25','2026-06-03 04:30:25'),(902,'2026-04-21','Revenue Recognition - Enrollment #57 Meeting 3','REV-REC-20260421-57-2','rev_rec',75000.00,1,'2026-06-03 04:30:25','2026-06-03 04:30:25'),(903,'2026-04-21','Revenue Recognition - Enrollment #58 Meeting 3','REV-REC-20260421-58-2','rev_rec',75000.00,1,'2026-06-03 04:30:25','2026-06-03 04:30:25'),(904,'2026-04-21','Revenue Recognition - Enrollment #59 Meeting 3','REV-REC-20260421-59-2','rev_rec',75000.00,1,'2026-06-03 04:30:25','2026-06-03 04:30:25'),(905,'2026-04-21','Revenue Recognition - Enrollment #60 Meeting 3','REV-REC-20260421-60-2','rev_rec',75000.00,1,'2026-06-03 04:30:25','2026-06-03 04:30:25'),(906,'2026-04-21','Revenue Recognition - Enrollment #61 Meeting 3','REV-REC-20260421-61-2','rev_rec',75000.00,1,'2026-06-03 04:30:25','2026-06-03 04:30:25'),(907,'2026-04-21','Revenue Recognition - Enrollment #62 Meeting 3','REV-REC-20260421-62-2','rev_rec',75000.00,1,'2026-06-03 04:30:25','2026-06-03 04:30:25'),(908,'2026-04-21','Revenue Recognition - Enrollment #63 Meeting 3','REV-REC-20260421-63-2','rev_rec',75000.00,1,'2026-06-03 04:30:25','2026-06-03 04:30:25'),(909,'2026-04-21','Tutor fee - attendance #382','TUTOR-ATT-382-40','tutor_accrual',60000.00,1,'2026-06-03 04:30:25','2026-06-03 04:30:25'),(910,'2026-04-27','Revenue Recognition - Enrollment #56 Meeting 4','REV-REC-20260427-56-3','rev_rec',75000.00,1,'2026-06-03 04:30:25','2026-06-03 04:30:25'),(911,'2026-04-27','Revenue Recognition - Enrollment #57 Meeting 4','REV-REC-20260427-57-3','rev_rec',75000.00,1,'2026-06-03 04:30:25','2026-06-03 04:30:25'),(912,'2026-04-27','Revenue Recognition - Enrollment #58 Meeting 4','REV-REC-20260427-58-3','rev_rec',75000.00,1,'2026-06-03 04:30:25','2026-06-03 04:30:25'),(913,'2026-04-27','Revenue Recognition - Enrollment #59 Meeting 4','REV-REC-20260427-59-3','rev_rec',75000.00,1,'2026-06-03 04:30:25','2026-06-03 04:30:25'),(914,'2026-04-27','Revenue Recognition - Enrollment #60 Meeting 4','REV-REC-20260427-60-3','rev_rec',75000.00,1,'2026-06-03 04:30:25','2026-06-03 04:30:25'),(915,'2026-04-27','Revenue Recognition - Enrollment #61 Meeting 4','REV-REC-20260427-61-3','rev_rec',75000.00,1,'2026-06-03 04:30:25','2026-06-03 04:30:25'),(916,'2026-04-27','Revenue Recognition - Enrollment #62 Meeting 4','REV-REC-20260427-62-3','rev_rec',75000.00,1,'2026-06-03 04:30:25','2026-06-03 04:30:25'),(917,'2026-04-27','Revenue Recognition - Enrollment #63 Meeting 4','REV-REC-20260427-63-3','rev_rec',75000.00,1,'2026-06-03 04:30:25','2026-06-03 04:30:25'),(918,'2026-04-27','Tutor fee - attendance #383','TUTOR-ATT-383-40','tutor_accrual',60000.00,1,'2026-06-03 04:30:25','2026-06-03 04:30:25'),(919,'2026-05-04','Revenue Recognition - Enrollment #56 Meeting 5','REV-REC-20260504-56-4','rev_rec',75000.00,1,'2026-06-03 04:30:25','2026-06-03 04:30:25'),(920,'2026-05-04','Revenue Recognition - Enrollment #57 Meeting 5','REV-REC-20260504-57-4','rev_rec',75000.00,1,'2026-06-03 04:30:25','2026-06-03 04:30:25'),(921,'2026-05-04','Revenue Recognition - Enrollment #58 Meeting 5','REV-REC-20260504-58-4','rev_rec',75000.00,1,'2026-06-03 04:30:25','2026-06-03 04:30:25'),(922,'2026-05-04','Revenue Recognition - Enrollment #59 Meeting 5','REV-REC-20260504-59-4','rev_rec',75000.00,1,'2026-06-03 04:30:25','2026-06-03 04:30:25'),(923,'2026-05-04','Revenue Recognition - Enrollment #60 Meeting 5','REV-REC-20260504-60-4','rev_rec',75000.00,1,'2026-06-03 04:30:25','2026-06-03 04:30:25'),(924,'2026-05-04','Revenue Recognition - Enrollment #61 Meeting 5','REV-REC-20260504-61-4','rev_rec',75000.00,1,'2026-06-03 04:30:25','2026-06-03 04:30:25'),(925,'2026-05-04','Revenue Recognition - Enrollment #62 Meeting 5','REV-REC-20260504-62-4','rev_rec',75000.00,1,'2026-06-03 04:30:25','2026-06-03 04:30:25'),(926,'2026-05-04','Revenue Recognition - Enrollment #63 Meeting 5','REV-REC-20260504-63-4','rev_rec',75000.00,1,'2026-06-03 04:30:25','2026-06-03 04:30:25'),(927,'2026-05-04','Tutor fee - attendance #384','TUTOR-ATT-384-40','tutor_accrual',60000.00,1,'2026-06-03 04:30:25','2026-06-03 04:30:25'),(928,'2026-05-12','Revenue Recognition - Enrollment #56 Meeting 6','REV-REC-20260512-56-5','rev_rec',75000.00,1,'2026-06-03 04:30:25','2026-06-03 04:30:25'),(929,'2026-05-12','Revenue Recognition - Enrollment #57 Meeting 6','REV-REC-20260512-57-5','rev_rec',75000.00,1,'2026-06-03 04:30:25','2026-06-03 04:30:25'),(930,'2026-05-12','Revenue Recognition - Enrollment #58 Meeting 6','REV-REC-20260512-58-5','rev_rec',75000.00,1,'2026-06-03 04:30:25','2026-06-03 04:30:25'),(931,'2026-05-12','Revenue Recognition - Enrollment #59 Meeting 6','REV-REC-20260512-59-5','rev_rec',75000.00,1,'2026-06-03 04:30:25','2026-06-03 04:30:25'),(932,'2026-05-12','Revenue Recognition - Enrollment #60 Meeting 6','REV-REC-20260512-60-5','rev_rec',75000.00,1,'2026-06-03 04:30:25','2026-06-03 04:30:25'),(933,'2026-05-12','Revenue Recognition - Enrollment #61 Meeting 6','REV-REC-20260512-61-5','rev_rec',75000.00,1,'2026-06-03 04:30:25','2026-06-03 04:30:25'),(934,'2026-05-12','Revenue Recognition - Enrollment #62 Meeting 6','REV-REC-20260512-62-5','rev_rec',75000.00,1,'2026-06-03 04:30:25','2026-06-03 04:30:25'),(935,'2026-05-12','Revenue Recognition - Enrollment #63 Meeting 6','REV-REC-20260512-63-5','rev_rec',75000.00,1,'2026-06-03 04:30:25','2026-06-03 04:30:25'),(936,'2026-05-12','Tutor fee - attendance #385','TUTOR-ATT-385-40','tutor_accrual',60000.00,1,'2026-06-03 04:30:25','2026-06-03 04:30:25'),(937,'2026-05-19','Revenue Recognition - Enrollment #56 Meeting 7','REV-REC-20260519-56-6','rev_rec',75000.00,1,'2026-06-03 04:30:25','2026-06-03 04:30:25'),(938,'2026-05-19','Revenue Recognition - Enrollment #57 Meeting 7','REV-REC-20260519-57-6','rev_rec',75000.00,1,'2026-06-03 04:30:25','2026-06-03 04:30:25'),(939,'2026-05-19','Revenue Recognition - Enrollment #58 Meeting 7','REV-REC-20260519-58-6','rev_rec',75000.00,1,'2026-06-03 04:30:25','2026-06-03 04:30:25'),(940,'2026-05-19','Revenue Recognition - Enrollment #59 Meeting 7','REV-REC-20260519-59-6','rev_rec',75000.00,1,'2026-06-03 04:30:25','2026-06-03 04:30:25'),(941,'2026-05-19','Revenue Recognition - Enrollment #60 Meeting 7','REV-REC-20260519-60-6','rev_rec',75000.00,1,'2026-06-03 04:30:25','2026-06-03 04:30:25'),(942,'2026-05-19','Revenue Recognition - Enrollment #61 Meeting 7','REV-REC-20260519-61-6','rev_rec',75000.00,1,'2026-06-03 04:30:25','2026-06-03 04:30:25'),(943,'2026-05-19','Revenue Recognition - Enrollment #62 Meeting 7','REV-REC-20260519-62-6','rev_rec',75000.00,1,'2026-06-03 04:30:25','2026-06-03 04:30:25'),(944,'2026-05-19','Revenue Recognition - Enrollment #63 Meeting 7','REV-REC-20260519-63-6','rev_rec',75000.00,1,'2026-06-03 04:30:26','2026-06-03 04:30:26'),(945,'2026-05-19','Tutor fee - attendance #386','TUTOR-ATT-386-40','tutor_accrual',60000.00,1,'2026-06-03 04:30:26','2026-06-03 04:30:26'),(946,'2026-05-25','Revenue Recognition - Enrollment #56 Meeting 8','REV-REC-20260525-56-7','rev_rec',75000.00,1,'2026-06-03 04:30:26','2026-06-03 04:30:26'),(947,'2026-05-25','Revenue Recognition - Enrollment #57 Meeting 8','REV-REC-20260525-57-7','rev_rec',75000.00,1,'2026-06-03 04:30:26','2026-06-03 04:30:26'),(948,'2026-05-25','Revenue Recognition - Enrollment #58 Meeting 8','REV-REC-20260525-58-7','rev_rec',75000.00,1,'2026-06-03 04:30:26','2026-06-03 04:30:26'),(949,'2026-05-25','Revenue Recognition - Enrollment #59 Meeting 8','REV-REC-20260525-59-7','rev_rec',75000.00,1,'2026-06-03 04:30:26','2026-06-03 04:30:26'),(950,'2026-05-25','Revenue Recognition - Enrollment #60 Meeting 8','REV-REC-20260525-60-7','rev_rec',75000.00,1,'2026-06-03 04:30:26','2026-06-03 04:30:26'),(951,'2026-05-25','Revenue Recognition - Enrollment #61 Meeting 8','REV-REC-20260525-61-7','rev_rec',75000.00,1,'2026-06-03 04:30:26','2026-06-03 04:30:26'),(952,'2026-05-25','Revenue Recognition - Enrollment #62 Meeting 8','REV-REC-20260525-62-7','rev_rec',75000.00,1,'2026-06-03 04:30:26','2026-06-03 04:30:26'),(953,'2026-05-25','Revenue Recognition - Enrollment #63 Meeting 8','REV-REC-20260525-63-7','rev_rec',75000.00,1,'2026-06-03 04:30:26','2026-06-03 04:30:26'),(954,'2026-05-25','Tutor fee - attendance #387','TUTOR-ATT-387-40','tutor_accrual',60000.00,1,'2026-06-03 04:30:26','2026-06-03 04:30:26'),(955,'2026-05-30','Revenue Recognition - Enrollment #56 Meeting 9','REV-REC-20260530-56-8','rev_rec',75000.00,1,'2026-06-03 04:30:26','2026-06-03 04:30:26'),(956,'2026-05-30','Revenue Recognition - Enrollment #57 Meeting 9','REV-REC-20260530-57-8','rev_rec',75000.00,1,'2026-06-03 04:30:26','2026-06-03 04:30:26'),(957,'2026-05-30','Revenue Recognition - Enrollment #58 Meeting 9','REV-REC-20260530-58-8','rev_rec',75000.00,1,'2026-06-03 04:30:26','2026-06-03 04:30:26'),(958,'2026-05-30','Revenue Recognition - Enrollment #59 Meeting 9','REV-REC-20260530-59-8','rev_rec',75000.00,1,'2026-06-03 04:30:26','2026-06-03 04:30:26'),(959,'2026-05-30','Revenue Recognition - Enrollment #60 Meeting 9','REV-REC-20260530-60-8','rev_rec',75000.00,1,'2026-06-03 04:30:26','2026-06-03 04:30:26'),(960,'2026-05-30','Revenue Recognition - Enrollment #61 Meeting 9','REV-REC-20260530-61-8','rev_rec',75000.00,1,'2026-06-03 04:30:26','2026-06-03 04:30:26'),(961,'2026-05-30','Revenue Recognition - Enrollment #62 Meeting 9','REV-REC-20260530-62-8','rev_rec',75000.00,1,'2026-06-03 04:30:26','2026-06-03 04:30:26'),(962,'2026-05-30','Revenue Recognition - Enrollment #63 Meeting 9','REV-REC-20260530-63-8','rev_rec',75000.00,1,'2026-06-03 04:30:26','2026-06-03 04:30:26'),(963,'2026-05-30','Tutor fee - attendance #388','TUTOR-ATT-388-40','tutor_accrual',60000.00,1,'2026-06-03 04:30:26','2026-06-03 04:30:26'),(964,'2026-04-22','Revenue Recognition - Enrollment #64 Meeting 1','REV-REC-20260422-64-0','rev_rec',75000.00,1,'2026-06-03 04:30:26','2026-06-03 04:30:26'),(965,'2026-04-22','Revenue Recognition - Enrollment #65 Meeting 1','REV-REC-20260422-65-0','rev_rec',75000.00,1,'2026-06-03 04:30:26','2026-06-03 04:30:26'),(966,'2026-04-22','Revenue Recognition - Enrollment #66 Meeting 1','REV-REC-20260422-66-0','rev_rec',75000.00,1,'2026-06-03 04:30:26','2026-06-03 04:30:26'),(967,'2026-04-22','Revenue Recognition - Enrollment #67 Meeting 1','REV-REC-20260422-67-0','rev_rec',75000.00,1,'2026-06-03 04:30:26','2026-06-03 04:30:26'),(968,'2026-04-22','Revenue Recognition - Enrollment #69 Meeting 1','REV-REC-20260422-69-0','rev_rec',75000.00,1,'2026-06-03 04:30:26','2026-06-03 04:30:26'),(969,'2026-04-22','Revenue Recognition - Enrollment #71 Meeting 1','REV-REC-20260422-71-0','rev_rec',75000.00,1,'2026-06-03 04:30:26','2026-06-03 04:30:26'),(970,'2026-04-22','Tutor fee - attendance #389','TUTOR-ATT-389-3','tutor_accrual',50000.00,1,'2026-06-03 04:30:26','2026-06-03 04:30:26'),(971,'2026-04-28','Revenue Recognition - Enrollment #64 Meeting 2','REV-REC-20260428-64-1','rev_rec',75000.00,1,'2026-06-03 04:30:26','2026-06-03 04:30:26'),(972,'2026-04-28','Revenue Recognition - Enrollment #65 Meeting 2','REV-REC-20260428-65-1','rev_rec',75000.00,1,'2026-06-03 04:30:26','2026-06-03 04:30:26'),(973,'2026-04-28','Revenue Recognition - Enrollment #66 Meeting 2','REV-REC-20260428-66-1','rev_rec',75000.00,1,'2026-06-03 04:30:26','2026-06-03 04:30:26'),(974,'2026-04-28','Revenue Recognition - Enrollment #67 Meeting 2','REV-REC-20260428-67-1','rev_rec',75000.00,1,'2026-06-03 04:30:26','2026-06-03 04:30:26'),(975,'2026-04-28','Revenue Recognition - Enrollment #69 Meeting 2','REV-REC-20260428-69-1','rev_rec',75000.00,1,'2026-06-03 04:30:26','2026-06-03 04:30:26'),(976,'2026-04-28','Revenue Recognition - Enrollment #71 Meeting 2','REV-REC-20260428-71-1','rev_rec',75000.00,1,'2026-06-03 04:30:26','2026-06-03 04:30:26'),(977,'2026-04-28','Tutor fee - attendance #390','TUTOR-ATT-390-3','tutor_accrual',50000.00,1,'2026-06-03 04:30:26','2026-06-03 04:30:26'),(978,'2026-05-05','Revenue Recognition - Enrollment #64 Meeting 3','REV-REC-20260505-64-2','rev_rec',75000.00,1,'2026-06-03 04:30:26','2026-06-03 04:30:26'),(979,'2026-05-05','Revenue Recognition - Enrollment #65 Meeting 3','REV-REC-20260505-65-2','rev_rec',75000.00,1,'2026-06-03 04:30:26','2026-06-03 04:30:26'),(980,'2026-05-05','Revenue Recognition - Enrollment #66 Meeting 3','REV-REC-20260505-66-2','rev_rec',75000.00,1,'2026-06-03 04:30:26','2026-06-03 04:30:26'),(981,'2026-05-05','Revenue Recognition - Enrollment #67 Meeting 3','REV-REC-20260505-67-2','rev_rec',75000.00,1,'2026-06-03 04:30:26','2026-06-03 04:30:26'),(982,'2026-05-05','Revenue Recognition - Enrollment #69 Meeting 3','REV-REC-20260505-69-2','rev_rec',75000.00,1,'2026-06-03 04:30:26','2026-06-03 04:30:26'),(983,'2026-05-05','Revenue Recognition - Enrollment #71 Meeting 3','REV-REC-20260505-71-2','rev_rec',75000.00,1,'2026-06-03 04:30:26','2026-06-03 04:30:26'),(984,'2026-05-05','Tutor fee - attendance #391','TUTOR-ATT-391-3','tutor_accrual',50000.00,1,'2026-06-03 04:30:26','2026-06-03 04:30:26'),(985,'2026-05-11','Revenue Recognition - Enrollment #64 Meeting 4','REV-REC-20260511-64-3','rev_rec',75000.00,1,'2026-06-03 04:30:26','2026-06-03 04:30:26'),(986,'2026-05-11','Revenue Recognition - Enrollment #65 Meeting 4','REV-REC-20260511-65-3','rev_rec',75000.00,1,'2026-06-03 04:30:26','2026-06-03 04:30:26'),(987,'2026-05-11','Revenue Recognition - Enrollment #66 Meeting 4','REV-REC-20260511-66-3','rev_rec',75000.00,1,'2026-06-03 04:30:26','2026-06-03 04:30:26'),(988,'2026-05-11','Revenue Recognition - Enrollment #67 Meeting 4','REV-REC-20260511-67-3','rev_rec',75000.00,1,'2026-06-03 04:30:26','2026-06-03 04:30:26'),(989,'2026-05-11','Revenue Recognition - Enrollment #69 Meeting 4','REV-REC-20260511-69-3','rev_rec',75000.00,1,'2026-06-03 04:30:26','2026-06-03 04:30:26'),(990,'2026-05-11','Revenue Recognition - Enrollment #71 Meeting 4','REV-REC-20260511-71-3','rev_rec',75000.00,1,'2026-06-03 04:30:26','2026-06-03 04:30:26'),(991,'2026-05-11','Tutor fee - attendance #392','TUTOR-ATT-392-3','tutor_accrual',50000.00,1,'2026-06-03 04:30:26','2026-06-03 04:30:26'),(992,'2026-05-18','Revenue Recognition - Enrollment #64 Meeting 5','REV-REC-20260518-64-4','rev_rec',75000.00,1,'2026-06-03 04:30:26','2026-06-03 04:30:26'),(993,'2026-05-18','Revenue Recognition - Enrollment #65 Meeting 5','REV-REC-20260518-65-4','rev_rec',75000.00,1,'2026-06-03 04:30:26','2026-06-03 04:30:26'),(994,'2026-05-18','Revenue Recognition - Enrollment #66 Meeting 5','REV-REC-20260518-66-4','rev_rec',75000.00,1,'2026-06-03 04:30:26','2026-06-03 04:30:26'),(995,'2026-05-18','Revenue Recognition - Enrollment #67 Meeting 5','REV-REC-20260518-67-4','rev_rec',75000.00,1,'2026-06-03 04:30:26','2026-06-03 04:30:26'),(996,'2026-05-18','Revenue Recognition - Enrollment #69 Meeting 5','REV-REC-20260518-69-4','rev_rec',75000.00,1,'2026-06-03 04:30:26','2026-06-03 04:30:26'),(997,'2026-05-18','Revenue Recognition - Enrollment #71 Meeting 5','REV-REC-20260518-71-4','rev_rec',75000.00,1,'2026-06-03 04:30:26','2026-06-03 04:30:26'),(998,'2026-05-18','Tutor fee - attendance #393','TUTOR-ATT-393-3','tutor_accrual',50000.00,1,'2026-06-03 04:30:26','2026-06-03 04:30:26'),(999,'2026-05-23','Revenue Recognition - Enrollment #64 Meeting 6','REV-REC-20260523-64-5','rev_rec',75000.00,1,'2026-06-03 04:30:26','2026-06-03 04:30:26'),(1000,'2026-05-23','Revenue Recognition - Enrollment #65 Meeting 6','REV-REC-20260523-65-5','rev_rec',75000.00,1,'2026-06-03 04:30:26','2026-06-03 04:30:26'),(1001,'2026-05-23','Revenue Recognition - Enrollment #66 Meeting 6','REV-REC-20260523-66-5','rev_rec',75000.00,1,'2026-06-03 04:30:26','2026-06-03 04:30:26'),(1002,'2026-05-23','Revenue Recognition - Enrollment #67 Meeting 6','REV-REC-20260523-67-5','rev_rec',75000.00,1,'2026-06-03 04:30:26','2026-06-03 04:30:26'),(1003,'2026-05-23','Revenue Recognition - Enrollment #69 Meeting 6','REV-REC-20260523-69-5','rev_rec',75000.00,1,'2026-06-03 04:30:26','2026-06-03 04:30:26'),(1004,'2026-05-23','Revenue Recognition - Enrollment #71 Meeting 6','REV-REC-20260523-71-5','rev_rec',75000.00,1,'2026-06-03 04:30:26','2026-06-03 04:30:26'),(1005,'2026-05-23','Tutor fee - attendance #394','TUTOR-ATT-394-3','tutor_accrual',50000.00,1,'2026-06-03 04:30:26','2026-06-03 04:30:26'),(1006,'2026-05-28','Revenue Recognition - Enrollment #64 Meeting 7','REV-REC-20260528-64-6','rev_rec',75000.00,1,'2026-06-03 04:30:26','2026-06-03 04:30:26'),(1007,'2026-05-28','Revenue Recognition - Enrollment #65 Meeting 7','REV-REC-20260528-65-6','rev_rec',75000.00,1,'2026-06-03 04:30:26','2026-06-03 04:30:26'),(1008,'2026-05-28','Revenue Recognition - Enrollment #66 Meeting 7','REV-REC-20260528-66-6','rev_rec',75000.00,1,'2026-06-03 04:30:26','2026-06-03 04:30:26'),(1009,'2026-05-28','Revenue Recognition - Enrollment #67 Meeting 7','REV-REC-20260528-67-6','rev_rec',75000.00,1,'2026-06-03 04:30:26','2026-06-03 04:30:26'),(1010,'2026-05-28','Revenue Recognition - Enrollment #69 Meeting 7','REV-REC-20260528-69-6','rev_rec',75000.00,1,'2026-06-03 04:30:27','2026-06-03 04:30:27'),(1011,'2026-05-28','Revenue Recognition - Enrollment #71 Meeting 7','REV-REC-20260528-71-6','rev_rec',75000.00,1,'2026-06-03 04:30:27','2026-06-03 04:30:27'),(1012,'2026-05-28','Tutor fee - attendance #395','TUTOR-ATT-395-3','tutor_accrual',50000.00,1,'2026-06-03 04:30:27','2026-06-03 04:30:27'),(1013,'2026-02-26','Revenue Recognition - Enrollment #72 Meeting 1','REV-REC-20260226-72-0','rev_rec',75000.00,1,'2026-06-03 04:30:27','2026-06-03 04:30:27'),(1014,'2026-02-26','Revenue Recognition - Enrollment #73 Meeting 1','REV-REC-20260226-73-0','rev_rec',75000.00,1,'2026-06-03 04:30:27','2026-06-03 04:30:27'),(1015,'2026-02-26','Revenue Recognition - Enrollment #75 Meeting 1','REV-REC-20260226-75-0','rev_rec',75000.00,1,'2026-06-03 04:30:27','2026-06-03 04:30:27'),(1016,'2026-02-26','Revenue Recognition - Enrollment #76 Meeting 1','REV-REC-20260226-76-0','rev_rec',75000.00,1,'2026-06-03 04:30:27','2026-06-03 04:30:27'),(1017,'2026-02-26','Revenue Recognition - Enrollment #77 Meeting 1','REV-REC-20260226-77-0','rev_rec',75000.00,1,'2026-06-03 04:30:27','2026-06-03 04:30:27'),(1018,'2026-02-26','Tutor fee - attendance #396','TUTOR-ATT-396-15','tutor_accrual',60000.00,1,'2026-06-03 04:30:27','2026-06-03 04:30:27'),(1019,'2026-04-22','Revenue Recognition - Enrollment #79 Meeting 1','REV-REC-20260422-79-0','rev_rec',75000.00,1,'2026-06-03 04:30:27','2026-06-03 04:30:27'),(1020,'2026-04-22','Revenue Recognition - Enrollment #81 Meeting 1','REV-REC-20260422-81-0','rev_rec',75000.00,1,'2026-06-03 04:30:27','2026-06-03 04:30:27'),(1021,'2026-04-22','Revenue Recognition - Enrollment #82 Meeting 1','REV-REC-20260422-82-0','rev_rec',75000.00,1,'2026-06-03 04:30:27','2026-06-03 04:30:27'),(1022,'2026-04-22','Revenue Recognition - Enrollment #83 Meeting 1','REV-REC-20260422-83-0','rev_rec',75000.00,1,'2026-06-03 04:30:27','2026-06-03 04:30:27'),(1023,'2026-04-22','Revenue Recognition - Enrollment #84 Meeting 1','REV-REC-20260422-84-0','rev_rec',75000.00,1,'2026-06-03 04:30:27','2026-06-03 04:30:27'),(1024,'2026-04-22','Revenue Recognition - Enrollment #85 Meeting 1','REV-REC-20260422-85-0','rev_rec',75000.00,1,'2026-06-03 04:30:27','2026-06-03 04:30:27'),(1025,'2026-04-22','Revenue Recognition - Enrollment #86 Meeting 1','REV-REC-20260422-86-0','rev_rec',75000.00,1,'2026-06-03 04:30:27','2026-06-03 04:30:27'),(1026,'2026-04-22','Tutor fee - attendance #397','TUTOR-ATT-397-11','tutor_accrual',60000.00,1,'2026-06-03 04:30:27','2026-06-03 04:30:27'),(1027,'2026-04-27','Revenue Recognition - Enrollment #79 Meeting 2','REV-REC-20260427-79-1','rev_rec',75000.00,1,'2026-06-03 04:30:27','2026-06-03 04:30:27'),(1028,'2026-04-27','Revenue Recognition - Enrollment #81 Meeting 2','REV-REC-20260427-81-1','rev_rec',75000.00,1,'2026-06-03 04:30:27','2026-06-03 04:30:27'),(1029,'2026-04-27','Revenue Recognition - Enrollment #82 Meeting 2','REV-REC-20260427-82-1','rev_rec',75000.00,1,'2026-06-03 04:30:27','2026-06-03 04:30:27'),(1030,'2026-04-27','Revenue Recognition - Enrollment #83 Meeting 2','REV-REC-20260427-83-1','rev_rec',75000.00,1,'2026-06-03 04:30:27','2026-06-03 04:30:27'),(1031,'2026-04-27','Revenue Recognition - Enrollment #84 Meeting 2','REV-REC-20260427-84-1','rev_rec',75000.00,1,'2026-06-03 04:30:27','2026-06-03 04:30:27'),(1032,'2026-04-27','Revenue Recognition - Enrollment #85 Meeting 2','REV-REC-20260427-85-1','rev_rec',75000.00,1,'2026-06-03 04:30:27','2026-06-03 04:30:27'),(1033,'2026-04-27','Revenue Recognition - Enrollment #86 Meeting 2','REV-REC-20260427-86-1','rev_rec',75000.00,1,'2026-06-03 04:30:27','2026-06-03 04:30:27'),(1034,'2026-04-27','Tutor fee - attendance #398','TUTOR-ATT-398-11','tutor_accrual',60000.00,1,'2026-06-03 04:30:27','2026-06-03 04:30:27'),(1035,'2025-10-07','Installment Payment - Enrollment #6','INSTALLMENT-2','payment',600000.00,1,'2026-06-03 04:30:27','2026-06-03 04:30:27'),(1036,'2025-11-07','Installment Payment - Enrollment #6','INSTALLMENT-3','payment',600000.00,1,'2026-06-03 04:30:27','2026-06-03 04:30:27'),(1037,'2025-12-07','Installment Payment - Enrollment #6','INSTALLMENT-4','payment',600000.00,1,'2026-06-03 04:30:27','2026-06-03 04:30:27'),(1038,'2025-10-28','Installment Payment - Enrollment #16','INSTALLMENT-5','payment',550000.00,1,'2026-06-03 04:30:27','2026-06-03 04:30:27'),(1039,'2025-11-28','Installment Payment - Enrollment #16','INSTALLMENT-6','payment',550000.00,1,'2026-06-03 04:30:27','2026-06-03 04:30:27'),(1040,'2025-12-28','Installment Payment - Enrollment #16','INSTALLMENT-7','payment',550000.00,1,'2026-06-03 04:30:27','2026-06-03 04:30:27'),(1041,'2026-01-28','Installment Payment - Enrollment #16','INSTALLMENT-8','payment',550000.00,1,'2026-06-03 04:30:27','2026-06-03 04:30:27'),(1042,'2026-02-10','Installment Payment - Enrollment #17','INSTALLMENT-9','payment',375000.00,1,'2026-06-03 04:30:27','2026-06-03 04:30:27'),(1043,'2026-03-10','Installment Payment - Enrollment #17','INSTALLMENT-10','payment',375000.00,1,'2026-06-03 04:30:27','2026-06-03 04:30:27'),(1044,'2026-02-23','Installment Payment - Enrollment #19','INSTALLMENT-11','payment',300000.00,1,'2026-06-03 04:30:27','2026-06-03 04:30:27'),(1045,'2026-03-23','Installment Payment - Enrollment #19','INSTALLMENT-12','payment',300000.00,1,'2026-06-03 04:30:27','2026-06-03 04:30:27'),(1046,'2026-04-23','Installment Payment - Enrollment #19','INSTALLMENT-13','payment',300000.00,1,'2026-06-03 04:30:27','2026-06-03 04:30:27'),(1047,'2026-05-23','Installment Payment - Enrollment #19','INSTALLMENT-14','payment',300000.00,1,'2026-06-03 04:30:27','2026-06-03 04:30:27'),(1048,'2025-09-10','Installment Payment - Enrollment #26','INSTALLMENT-15','payment',600000.00,1,'2026-06-03 04:30:27','2026-06-03 04:30:27'),(1049,'2025-10-10','Installment Payment - Enrollment #26','INSTALLMENT-16','payment',600000.00,1,'2026-06-03 04:30:27','2026-06-03 04:30:27'),(1050,'2026-01-31','Installment Payment - Enrollment #27','INSTALLMENT-17','payment',300000.00,1,'2026-06-03 04:30:27','2026-06-03 04:30:27'),(1051,'2026-03-31','Installment Payment - Enrollment #27','INSTALLMENT-19','payment',300000.00,1,'2026-06-03 04:30:27','2026-06-03 04:30:27'),(1052,'2026-05-01','Installment Payment - Enrollment #27','INSTALLMENT-20','payment',300000.00,1,'2026-06-03 04:30:27','2026-06-03 04:30:27'),(1053,'2025-12-13','Installment Payment - Enrollment #29','INSTALLMENT-21','payment',600000.00,1,'2026-06-03 04:30:27','2026-06-03 04:30:27'),(1054,'2026-01-13','Installment Payment - Enrollment #29','INSTALLMENT-22','payment',600000.00,1,'2026-06-03 04:30:27','2026-06-03 04:30:27'),(1055,'2025-12-16','Installment Payment - Enrollment #38','INSTALLMENT-23','payment',700000.00,1,'2026-06-03 04:30:27','2026-06-03 04:30:27'),(1056,'2026-01-16','Installment Payment - Enrollment #38','INSTALLMENT-24','payment',700000.00,1,'2026-06-03 04:30:27','2026-06-03 04:30:27'),(1057,'2026-02-16','Installment Payment - Enrollment #38','INSTALLMENT-25','payment',700000.00,1,'2026-06-03 04:30:27','2026-06-03 04:30:27'),(1058,'2026-03-16','Installment Payment - Enrollment #38','INSTALLMENT-26','payment',700000.00,1,'2026-06-03 04:30:27','2026-06-03 04:30:27'),(1059,'2026-02-26','Installment Payment - Enrollment #44','INSTALLMENT-27','payment',475000.00,1,'2026-06-03 04:30:27','2026-06-03 04:30:27'),(1060,'2026-03-26','Installment Payment - Enrollment #44','INSTALLMENT-28','payment',475000.00,1,'2026-06-03 04:30:27','2026-06-03 04:30:27'),(1061,'2026-02-26','Installment Payment - Enrollment #45','INSTALLMENT-29','payment',217000.00,1,'2026-06-03 04:30:27','2026-06-03 04:30:27'),(1062,'2026-03-26','Installment Payment - Enrollment #45','INSTALLMENT-30','payment',217000.00,1,'2026-06-03 04:30:27','2026-06-03 04:30:27'),(1063,'2026-05-02','Installment Payment - Enrollment #56','INSTALLMENT-35','payment',450000.00,1,'2026-06-03 04:30:27','2026-06-03 04:30:27'),(1064,'2026-06-02','Installment Payment - Enrollment #56','INSTALLMENT-36','payment',450000.00,1,'2026-06-03 04:30:27','2026-06-03 04:30:27'),(1065,'2026-05-15','Installment Payment - Enrollment #61','INSTALLMENT-38','payment',450000.00,1,'2026-06-03 04:30:27','2026-06-03 04:30:27'),(1066,'2026-05-17','Installment Payment - Enrollment #63','INSTALLMENT-42','payment',450000.00,1,'2026-06-03 04:30:27','2026-06-03 04:30:27'),(1067,'2026-03-24','Installment Payment - Enrollment #66','INSTALLMENT-46','payment',450000.00,1,'2026-06-03 04:30:27','2026-06-03 04:30:27'),(1068,'2026-04-24','Installment Payment - Enrollment #66','INSTALLMENT-47','payment',450000.00,1,'2026-06-03 04:30:27','2026-06-03 04:30:27'),(1069,'2026-05-24','Installment Payment - Enrollment #66','INSTALLMENT-48','payment',450000.00,1,'2026-06-03 04:30:28','2026-06-03 04:30:28'),(1070,'2026-04-05','Installment Payment - Enrollment #68','INSTALLMENT-51','payment',900000.00,1,'2026-06-03 04:30:28','2026-06-03 04:30:28'),(1071,'2026-03-26','Installment Payment - Enrollment #69','INSTALLMENT-53','payment',600000.00,1,'2026-06-03 04:30:28','2026-06-03 04:30:28'),(1072,'2026-04-26','Installment Payment - Enrollment #69','INSTALLMENT-54','payment',600000.00,1,'2026-06-03 04:30:28','2026-06-03 04:30:28'),(1073,'2026-03-23','Installment Payment - Enrollment #74','INSTALLMENT-57','payment',500000.00,1,'2026-06-03 04:30:28','2026-06-03 04:30:28'),(1074,'2026-05-23','Installment Payment - Enrollment #74','INSTALLMENT-59','payment',500000.00,1,'2026-06-03 04:30:28','2026-06-03 04:30:28'),(1075,'2026-05-10','Installment Payment - Enrollment #75','INSTALLMENT-60','payment',375000.00,1,'2026-06-03 04:30:28','2026-06-03 04:30:28'),(1076,'2026-02-06','Installment Payment - Enrollment #76','INSTALLMENT-64','payment',500000.00,1,'2026-06-03 04:30:28','2026-06-03 04:30:28'),(1077,'2026-04-06','Installment Payment - Enrollment #76','INSTALLMENT-66','payment',500000.00,1,'2026-06-03 04:30:28','2026-06-03 04:30:28'),(1078,'2026-03-01','Installment Payment - Enrollment #80','INSTALLMENT-67','payment',375000.00,1,'2026-06-03 04:30:28','2026-06-03 04:30:28'),(1079,'2026-04-01','Installment Payment - Enrollment #80','INSTALLMENT-68','payment',375000.00,1,'2026-06-03 04:30:28','2026-06-03 04:30:28'),(1080,'2026-05-01','Installment Payment - Enrollment #80','INSTALLMENT-69','payment',375000.00,1,'2026-06-03 04:30:28','2026-06-03 04:30:28'),(1081,'2026-06-01','Installment Payment - Enrollment #80','INSTALLMENT-70','payment',375000.00,1,'2026-06-03 04:30:28','2026-06-03 04:30:28'),(1082,'2026-04-20','Installment Payment - Enrollment #81','INSTALLMENT-71','payment',500000.00,1,'2026-06-03 04:30:28','2026-06-03 04:30:28'),(1083,'2026-05-20','Installment Payment - Enrollment #81','INSTALLMENT-72','payment',500000.00,1,'2026-06-03 04:30:28','2026-06-03 04:30:28'),(1084,'2026-03-02','Installment Payment - Enrollment #85','INSTALLMENT-74','payment',375000.00,1,'2026-06-03 04:30:28','2026-06-03 04:30:28'),(1085,'2026-04-02','Installment Payment - Enrollment #85','INSTALLMENT-75','payment',375000.00,1,'2026-06-03 04:30:28','2026-06-03 04:30:28'),(1086,'2026-05-02','Installment Payment - Enrollment #85','INSTALLMENT-76','payment',375000.00,1,'2026-06-03 04:30:28','2026-06-03 04:30:28'),(1087,'2026-06-02','Installment Payment - Enrollment #85','INSTALLMENT-77','payment',375000.00,1,'2026-06-03 04:30:28','2026-06-03 04:30:28'),(1088,'2026-04-02','Installment Payment - Enrollment #86','INSTALLMENT-79','payment',500000.00,1,'2026-06-03 04:30:28','2026-06-03 04:30:28'),(1089,'2026-05-02','Installment Payment - Enrollment #86','INSTALLMENT-80','payment',500000.00,1,'2026-06-03 04:30:28','2026-06-03 04:30:28');
/*!40000 ALTER TABLE `journals` ENABLE KEYS */;
UNLOCK TABLES;

--
-- Table structure for table `migrations`
--

DROP TABLE IF EXISTS `migrations`;
/*!40101 SET @saved_cs_client     = @@character_set_client */;
/*!50503 SET character_set_client = utf8mb4 */;
CREATE TABLE `migrations` (
  `id` int unsigned NOT NULL AUTO_INCREMENT,
  `migration` varchar(255) CHARACTER SET utf8mb4 COLLATE utf8mb4_unicode_ci NOT NULL,
  `batch` int NOT NULL,
  PRIMARY KEY (`id`)
) ENGINE=InnoDB AUTO_INCREMENT=60 DEFAULT CHARSET=utf8mb4 COLLATE=utf8mb4_unicode_ci;
/*!40101 SET character_set_client = @saved_cs_client */;

--
-- Dumping data for table `migrations`
--

LOCK TABLES `migrations` WRITE;
/*!40000 ALTER TABLE `migrations` DISABLE KEYS */;
INSERT INTO `migrations` VALUES (1,'0001_01_01_000000_create_users_table',1),(2,'0001_01_01_000001_create_cache_table',1),(3,'0001_01_01_000002_create_jobs_table',1),(4,'2026_05_08_003522_create_accounts_table',1),(5,'2026_05_08_003522_create_journals_table',1),(6,'2026_05_08_003523_create_journal_items_table',1),(7,'2026_05_08_003524_create_classrooms_table',1),(8,'2026_05_08_003524_create_programs_table',1),(9,'2026_05_08_003524_create_tutors_table',1),(10,'2026_05_08_003525_create_tutor_rates_table',1),(11,'2026_05_08_003526_create_students_table',1),(12,'2026_05_08_003527_create_enrollments_table',1),(13,'2026_05_08_003528_create_enrollment_tutor_table',1),(14,'2026_05_08_003528_create_tutor_availability_table',1),(15,'2026_05_08_003529_create_schedules_table',1),(16,'2026_05_08_003530_create_attendance_table',1),(17,'2026_05_08_003531_create_attendance_tutor_table',1),(18,'2026_05_08_003531_create_installments_table',1),(19,'2026_05_08_010048_add_paid_at_to_attendance_tutor_table',1),(20,'2026_05_08_020000_create_refund_requests_table',1),(21,'2026_05_08_020001_create_payroll_runs_table',1),(22,'2026_05_08_061655_add_role_to_users_table',1),(23,'2026_05_08_085032_add_status_to_tutor_availability_table',2),(24,'2026_05_08_092546_create_class_sessions_table',3),(25,'2026_05_08_092548_add_class_session_id_to_enrollments_table',3),(26,'2026_05_08_092549_create_attendance_student_table',3),(27,'2026_05_08_093520_update_attendance_table_for_class_sessions',4),(28,'2026_05_08_094202_add_pending_rate_to_attendance_tutor_table',5),(29,'2026_05_09_033909_add_waitlist_to_enrollments_status',6),(30,'2026_05_09_063145_add_status_and_notes_to_attendance_table',7),(31,'2026_05_11_065759_add_phone_to_users_table',8),(32,'2026_05_12_031127_add_soft_deletes_to_attendance_table',9),(33,'2026_05_12_041947_add_indexes_to_journals_and_journal_items',10),(34,'2026_05_12_043004_add_indexes_to_core_tables',11),(35,'2026_05_13_062428_create_tracker_tables',12),(36,'2026_05_13_073549_create_class_session_tutor_table',13),(37,'2026_05_13_100938_create_room_bookings_table',14),(38,'2026_05_16_094429_add_type_to_journals_table',15),(39,'2026_05_16_102048_add_program_id_to_journal_items_table',16),(40,'2026_05_20_042841_add_payment_channel_to_enrollments_and_installments',17),(41,'2026_05_20_101138_make_enrollment_id_nullable_on_schedules_table',18),(42,'2026_05_20_101224_add_cancelled_refunded_to_enrollments_status',19),(43,'2026_05_23_000002_create_fixed_assets_table',20),(44,'2026_05_23_000003_add_columns_to_fixed_assets_table',21),(45,'2026_05_23_144937_create_adjusting_journals_table',22),(46,'2026_05_25_091811_create_rabs_table',23),(47,'2026_05_25_095446_create_rab_realisasi_table',24),(48,'2026_05_25_100554_add_account_code_to_rabs_table',25),(49,'2026_05_29_130626_create_practices_table',26),(50,'2026_05_29_130629_create_practice_student_table',27),(51,'2026_05_29_135930_add_tracking_fields_to_practice_student_table',28),(52,'2026_05_29_151719_add_replacement_columns_to_attendance_tutor_table',29),(53,'2026_06_02_000001_update_attendance_tutor_constraints',30),(54,'2026_05_23_000001_add_cash_flow_category_to_accounts_table',31),(55,'2026_05_19_043150_add_class_type_to_class_sessions_and_refactor_schedules',1),(56,'2026_05_19_060214_add_schedule_id_to_room_bookings_table',1),(58,'2026_05_19_092049_create_telescope_entries_table',1),(59,'2026_05_19_073920_create_settings_table',32);
/*!40000 ALTER TABLE `migrations` ENABLE KEYS */;
UNLOCK TABLES;

--
-- Table structure for table `password_reset_tokens`
--

DROP TABLE IF EXISTS `password_reset_tokens`;
/*!40101 SET @saved_cs_client     = @@character_set_client */;
/*!50503 SET character_set_client = utf8mb4 */;
CREATE TABLE `password_reset_tokens` (
  `email` varchar(255) CHARACTER SET utf8mb4 COLLATE utf8mb4_unicode_ci NOT NULL,
  `token` varchar(255) CHARACTER SET utf8mb4 COLLATE utf8mb4_unicode_ci NOT NULL,
  `created_at` timestamp NULL DEFAULT NULL,
  PRIMARY KEY (`email`)
) ENGINE=InnoDB DEFAULT CHARSET=utf8mb4 COLLATE=utf8mb4_unicode_ci;
/*!40101 SET character_set_client = @saved_cs_client */;

--
-- Dumping data for table `password_reset_tokens`
--

LOCK TABLES `password_reset_tokens` WRITE;
/*!40000 ALTER TABLE `password_reset_tokens` DISABLE KEYS */;
/*!40000 ALTER TABLE `password_reset_tokens` ENABLE KEYS */;
UNLOCK TABLES;

--
-- Table structure for table `payroll_runs`
--

DROP TABLE IF EXISTS `payroll_runs`;
/*!40101 SET @saved_cs_client     = @@character_set_client */;
/*!50503 SET character_set_client = utf8mb4 */;
CREATE TABLE `payroll_runs` (
  `id` bigint unsigned NOT NULL AUTO_INCREMENT,
  `month` date NOT NULL,
  `status` varchar(255) CHARACTER SET utf8mb4 COLLATE utf8mb4_unicode_ci NOT NULL DEFAULT 'pending',
  `approved_by` bigint unsigned DEFAULT NULL,
  `created_at` timestamp NULL DEFAULT NULL,
  `updated_at` timestamp NULL DEFAULT NULL,
  PRIMARY KEY (`id`),
  KEY `payroll_runs_approved_by_foreign` (`approved_by`),
  CONSTRAINT `payroll_runs_approved_by_foreign` FOREIGN KEY (`approved_by`) REFERENCES `users` (`id`)
) ENGINE=InnoDB AUTO_INCREMENT=7 DEFAULT CHARSET=utf8mb4 COLLATE=utf8mb4_unicode_ci;
/*!40101 SET character_set_client = @saved_cs_client */;

--
-- Dumping data for table `payroll_runs`
--

LOCK TABLES `payroll_runs` WRITE;
/*!40000 ALTER TABLE `payroll_runs` DISABLE KEYS */;
INSERT INTO `payroll_runs` VALUES (1,'2026-01-01','approved',1,'2026-06-03 04:30:28','2026-06-03 04:30:28'),(2,'2026-02-01','approved',1,'2026-06-03 04:30:28','2026-06-03 04:30:28'),(3,'2026-03-01','approved',1,'2026-06-03 04:30:28','2026-06-03 04:30:28'),(4,'2026-04-01','approved',1,'2026-06-03 04:30:28','2026-06-03 04:30:28'),(5,'2026-05-01','approved',1,'2026-06-03 04:30:28','2026-06-03 04:30:28'),(6,'2026-06-01','pending',NULL,'2026-06-03 04:30:28','2026-06-03 04:30:28');
/*!40000 ALTER TABLE `payroll_runs` ENABLE KEYS */;
UNLOCK TABLES;

--
-- Table structure for table `practice_student`
--

DROP TABLE IF EXISTS `practice_student`;
/*!40101 SET @saved_cs_client     = @@character_set_client */;
/*!50503 SET character_set_client = utf8mb4 */;
CREATE TABLE `practice_student` (
  `id` bigint unsigned NOT NULL AUTO_INCREMENT,
  `practice_id` bigint unsigned NOT NULL,
  `student_id` bigint unsigned NOT NULL,
  `completion_status` enum('assigned','in_progress','completed') COLLATE utf8mb4_unicode_ci NOT NULL DEFAULT 'assigned',
  `opened_at` timestamp NULL DEFAULT NULL,
  `reflection` text COLLATE utf8mb4_unicode_ci,
  `completed_at` timestamp NULL DEFAULT NULL,
  `created_at` timestamp NULL DEFAULT NULL,
  `updated_at` timestamp NULL DEFAULT NULL,
  PRIMARY KEY (`id`),
  KEY `practice_student_practice_id_foreign` (`practice_id`),
  KEY `practice_student_student_id_foreign` (`student_id`),
  CONSTRAINT `practice_student_practice_id_foreign` FOREIGN KEY (`practice_id`) REFERENCES `practices` (`id`) ON DELETE CASCADE,
  CONSTRAINT `practice_student_student_id_foreign` FOREIGN KEY (`student_id`) REFERENCES `users` (`id`) ON DELETE CASCADE
) ENGINE=InnoDB AUTO_INCREMENT=72 DEFAULT CHARSET=utf8mb4 COLLATE=utf8mb4_unicode_ci;
/*!40101 SET character_set_client = @saved_cs_client */;

--
-- Dumping data for table `practice_student`
--

LOCK TABLES `practice_student` WRITE;
/*!40000 ALTER TABLE `practice_student` DISABLE KEYS */;
INSERT INTO `practice_student` VALUES (1,1,244,'in_progress',NULL,NULL,NULL,'2026-06-03 04:30:29','2026-06-03 04:30:29'),(2,1,234,'assigned',NULL,NULL,NULL,'2026-06-03 04:30:29','2026-06-03 04:30:29'),(3,1,241,'completed',NULL,NULL,'2026-05-25 04:30:29','2026-06-03 04:30:29','2026-06-03 04:30:29'),(4,1,239,'assigned',NULL,NULL,NULL,'2026-06-03 04:30:29','2026-06-03 04:30:29'),(5,1,228,'in_progress',NULL,NULL,NULL,'2026-06-03 04:30:29','2026-06-03 04:30:29'),(6,2,5,'in_progress',NULL,NULL,NULL,'2026-06-03 04:30:29','2026-06-03 04:30:29'),(7,2,233,'assigned',NULL,NULL,NULL,'2026-06-03 04:30:29','2026-06-03 04:30:29'),(8,2,227,'assigned',NULL,NULL,NULL,'2026-06-03 04:30:29','2026-06-03 04:30:29'),(9,2,234,'completed',NULL,NULL,'2026-05-23 04:30:29','2026-06-03 04:30:29','2026-06-03 04:30:29'),(10,2,240,'assigned',NULL,NULL,NULL,'2026-06-03 04:30:29','2026-06-03 04:30:29'),(11,3,235,'completed',NULL,NULL,'2026-05-20 04:30:29','2026-06-03 04:30:29','2026-06-03 04:30:29'),(12,3,237,'assigned',NULL,NULL,NULL,'2026-06-03 04:30:29','2026-06-03 04:30:29'),(13,3,238,'assigned',NULL,NULL,NULL,'2026-06-03 04:30:29','2026-06-03 04:30:29'),(14,3,244,'completed',NULL,NULL,'2026-05-25 04:30:29','2026-06-03 04:30:29','2026-06-03 04:30:29'),(15,3,245,'in_progress',NULL,NULL,NULL,'2026-06-03 04:30:29','2026-06-03 04:30:29'),(16,3,242,'assigned',NULL,NULL,NULL,'2026-06-03 04:30:29','2026-06-03 04:30:29'),(17,4,238,'completed',NULL,NULL,'2026-05-31 04:30:29','2026-06-03 04:30:29','2026-06-03 04:30:29'),(18,4,226,'in_progress',NULL,NULL,NULL,'2026-06-03 04:30:29','2026-06-03 04:30:29'),(19,4,5,'assigned',NULL,NULL,NULL,'2026-06-03 04:30:29','2026-06-03 04:30:29'),(20,5,231,'completed',NULL,NULL,'2026-05-25 04:30:29','2026-06-03 04:30:29','2026-06-03 04:30:29'),(21,5,229,'assigned',NULL,NULL,NULL,'2026-06-03 04:30:29','2026-06-03 04:30:29'),(22,5,237,'assigned',NULL,NULL,NULL,'2026-06-03 04:30:29','2026-06-03 04:30:29'),(23,5,240,'completed',NULL,NULL,'2026-05-26 04:30:29','2026-06-03 04:30:29','2026-06-03 04:30:29'),(24,6,5,'assigned',NULL,NULL,NULL,'2026-06-03 04:30:29','2026-06-03 04:30:29'),(25,6,227,'assigned',NULL,NULL,NULL,'2026-06-03 04:30:29','2026-06-03 04:30:29'),(26,6,237,'completed',NULL,NULL,'2026-05-27 04:30:29','2026-06-03 04:30:29','2026-06-03 04:30:29'),(27,7,231,'in_progress',NULL,NULL,NULL,'2026-06-03 04:30:29','2026-06-03 04:30:29'),(28,7,238,'in_progress',NULL,NULL,NULL,'2026-06-03 04:30:29','2026-06-03 04:30:29'),(29,7,227,'assigned',NULL,NULL,NULL,'2026-06-03 04:30:29','2026-06-03 04:30:29'),(30,7,243,'completed',NULL,NULL,'2026-05-30 04:30:29','2026-06-03 04:30:29','2026-06-03 04:30:29'),(31,8,228,'in_progress',NULL,NULL,NULL,'2026-06-03 04:30:29','2026-06-03 04:30:29'),(32,8,242,'completed',NULL,NULL,'2026-06-02 04:30:29','2026-06-03 04:30:29','2026-06-03 04:30:29'),(33,8,243,'assigned',NULL,NULL,NULL,'2026-06-03 04:30:29','2026-06-03 04:30:29'),(34,8,232,'assigned',NULL,NULL,NULL,'2026-06-03 04:30:29','2026-06-03 04:30:29'),(35,8,226,'in_progress',NULL,NULL,NULL,'2026-06-03 04:30:29','2026-06-03 04:30:29'),(36,8,5,'assigned',NULL,NULL,NULL,'2026-06-03 04:30:29','2026-06-03 04:30:29'),(37,9,239,'in_progress',NULL,NULL,NULL,'2026-06-03 04:30:29','2026-06-03 04:30:29'),(38,9,230,'completed',NULL,NULL,'2026-06-02 04:30:30','2026-06-03 04:30:29','2026-06-03 04:30:29'),(39,9,5,'assigned',NULL,NULL,NULL,'2026-06-03 04:30:29','2026-06-03 04:30:29'),(40,10,234,'assigned',NULL,NULL,NULL,'2026-06-03 04:30:29','2026-06-03 04:30:29'),(41,10,232,'in_progress',NULL,NULL,NULL,'2026-06-03 04:30:29','2026-06-03 04:30:29'),(42,10,240,'completed',NULL,NULL,'2026-06-02 04:30:30','2026-06-03 04:30:29','2026-06-03 04:30:29'),(43,11,240,'assigned',NULL,NULL,NULL,'2026-06-03 04:30:29','2026-06-03 04:30:29'),(44,11,245,'completed',NULL,NULL,'2026-05-22 04:30:30','2026-06-03 04:30:29','2026-06-03 04:30:29'),(45,11,237,'in_progress',NULL,NULL,NULL,'2026-06-03 04:30:29','2026-06-03 04:30:29'),(46,11,234,'completed',NULL,NULL,'2026-05-23 04:30:30','2026-06-03 04:30:29','2026-06-03 04:30:29'),(47,11,244,'assigned',NULL,NULL,NULL,'2026-06-03 04:30:29','2026-06-03 04:30:29'),(48,11,5,'completed',NULL,NULL,'2026-06-01 04:30:30','2026-06-03 04:30:29','2026-06-03 04:30:29'),(49,12,234,'in_progress',NULL,NULL,NULL,'2026-06-03 04:30:29','2026-06-03 04:30:29'),(50,12,228,'in_progress',NULL,NULL,NULL,'2026-06-03 04:30:29','2026-06-03 04:30:29'),(51,12,244,'in_progress',NULL,NULL,NULL,'2026-06-03 04:30:29','2026-06-03 04:30:29'),(52,13,244,'assigned',NULL,NULL,NULL,'2026-06-03 04:30:29','2026-06-03 04:30:29'),(53,13,5,'assigned',NULL,NULL,NULL,'2026-06-03 04:30:29','2026-06-03 04:30:29'),(54,13,226,'in_progress',NULL,NULL,NULL,'2026-06-03 04:30:29','2026-06-03 04:30:29'),(55,13,236,'assigned',NULL,NULL,NULL,'2026-06-03 04:30:29','2026-06-03 04:30:29'),(56,13,238,'completed',NULL,NULL,'2026-05-20 04:30:30','2026-06-03 04:30:29','2026-06-03 04:30:29'),(57,14,233,'completed',NULL,NULL,'2026-06-02 04:30:30','2026-06-03 04:30:29','2026-06-03 04:30:29'),(58,14,234,'in_progress',NULL,NULL,NULL,'2026-06-03 04:30:29','2026-06-03 04:30:29'),(59,14,242,'assigned',NULL,NULL,NULL,'2026-06-03 04:30:29','2026-06-03 04:30:29'),(60,14,239,'assigned',NULL,NULL,NULL,'2026-06-03 04:30:29','2026-06-03 04:30:29'),(61,15,232,'completed',NULL,NULL,'2026-05-27 04:30:30','2026-06-03 04:30:29','2026-06-03 04:30:29'),(62,15,234,'completed',NULL,NULL,'2026-05-20 04:30:30','2026-06-03 04:30:29','2026-06-03 04:30:29'),(63,15,228,'assigned',NULL,NULL,NULL,'2026-06-03 04:30:29','2026-06-03 04:30:29'),(64,15,242,'assigned',NULL,NULL,NULL,'2026-06-03 04:30:29','2026-06-03 04:30:29'),(65,15,237,'assigned',NULL,NULL,NULL,'2026-06-03 04:30:29','2026-06-03 04:30:29'),(66,15,239,'assigned',NULL,NULL,NULL,'2026-06-03 04:30:29','2026-06-03 04:30:29'),(67,16,238,'completed',NULL,NULL,'2026-05-27 04:30:30','2026-06-03 04:30:29','2026-06-03 04:30:29'),(68,16,243,'assigned',NULL,NULL,NULL,'2026-06-03 04:30:29','2026-06-03 04:30:29'),(69,16,232,'in_progress',NULL,NULL,NULL,'2026-06-03 04:30:29','2026-06-03 04:30:29'),(70,16,237,'assigned',NULL,NULL,NULL,'2026-06-03 04:30:29','2026-06-03 04:30:29'),(71,16,233,'completed',NULL,NULL,'2026-05-21 04:30:30','2026-06-03 04:30:29','2026-06-03 04:30:29');
/*!40000 ALTER TABLE `practice_student` ENABLE KEYS */;
UNLOCK TABLES;

--
-- Table structure for table `practices`
--

DROP TABLE IF EXISTS `practices`;
/*!40101 SET @saved_cs_client     = @@character_set_client */;
/*!50503 SET character_set_client = utf8mb4 */;
CREATE TABLE `practices` (
  `id` bigint unsigned NOT NULL AUTO_INCREMENT,
  `tutor_id` bigint unsigned NOT NULL,
  `title` varchar(255) COLLATE utf8mb4_unicode_ci NOT NULL,
  `description` text COLLATE utf8mb4_unicode_ci,
  `external_link` varchar(255) COLLATE utf8mb4_unicode_ci DEFAULT NULL,
  `estimated_duration` int unsigned DEFAULT NULL,
  `deadline` date DEFAULT NULL,
  `status` enum('draft','published') COLLATE utf8mb4_unicode_ci NOT NULL DEFAULT 'draft',
  `created_at` timestamp NULL DEFAULT NULL,
  `updated_at` timestamp NULL DEFAULT NULL,
  PRIMARY KEY (`id`),
  KEY `practices_tutor_id_foreign` (`tutor_id`),
  CONSTRAINT `practices_tutor_id_foreign` FOREIGN KEY (`tutor_id`) REFERENCES `users` (`id`) ON DELETE CASCADE
) ENGINE=InnoDB AUTO_INCREMENT=17 DEFAULT CHARSET=utf8mb4 COLLATE=utf8mb4_unicode_ci;
/*!40101 SET character_set_client = @saved_cs_client */;

--
-- Dumping data for table `practices`
--

LOCK TABLES `practices` WRITE;
/*!40000 ALTER TABLE `practices` DISABLE KEYS */;
INSERT INTO `practices` VALUES (1,2,'Introduction & Self Presentation','Latihan untuk meningkatkan kemampuan introduction & self presentation.','https://drive.google.com/example-0',60,'2026-07-02','draft','2026-06-03 04:30:29','2026-06-03 04:30:29'),(2,2,'Daily Conversation Practice','Latihan untuk meningkatkan kemampuan daily conversation practice.',NULL,20,'2026-06-12','draft','2026-06-03 04:30:29','2026-06-03 04:30:29'),(3,2,'IELTS Writing Task 1 - Bar Chart','Latihan untuk meningkatkan kemampuan ielts writing task 1 - bar chart.','https://drive.google.com/example-2',60,'2026-06-13','published','2026-06-03 04:30:29','2026-06-03 04:30:29'),(4,6,'Introduction & Self Presentation','Latihan untuk meningkatkan kemampuan introduction & self presentation.',NULL,20,'2026-06-13','draft','2026-06-03 04:30:29','2026-06-03 04:30:29'),(5,6,'Daily Conversation Practice','Latihan untuk meningkatkan kemampuan daily conversation practice.','https://drive.google.com/example-1',15,'2026-06-13','published','2026-06-03 04:30:29','2026-06-03 04:30:29'),(6,6,'IELTS Writing Task 1 - Bar Chart','Latihan untuk meningkatkan kemampuan ielts writing task 1 - bar chart.','https://drive.google.com/example-2',30,'2026-06-21','published','2026-06-03 04:30:29','2026-06-03 04:30:29'),(7,7,'Introduction & Self Presentation','Latihan untuk meningkatkan kemampuan introduction & self presentation.','https://drive.google.com/example-0',20,'2026-06-21','draft','2026-06-03 04:30:29','2026-06-03 04:30:29'),(8,7,'Daily Conversation Practice','Latihan untuk meningkatkan kemampuan daily conversation practice.',NULL,45,'2026-06-26','published','2026-06-03 04:30:29','2026-06-03 04:30:29'),(9,7,'IELTS Writing Task 1 - Bar Chart','Latihan untuk meningkatkan kemampuan ielts writing task 1 - bar chart.','https://drive.google.com/example-2',60,'2026-06-30','published','2026-06-03 04:30:29','2026-06-03 04:30:29'),(10,7,'IELTS Speaking Part 2 - Describe a Place','Latihan untuk meningkatkan kemampuan ielts speaking part 2 - describe a place.','https://drive.google.com/example-3',20,'2026-06-17','published','2026-06-03 04:30:29','2026-06-03 04:30:29'),(11,7,'Pronunciation: TH Sound','Latihan untuk meningkatkan kemampuan pronunciation: th sound.','https://drive.google.com/example-4',30,'2026-06-21','published','2026-06-03 04:30:29','2026-06-03 04:30:29'),(12,7,'Vocabulary: Business English','Latihan untuk meningkatkan kemampuan vocabulary: business english.',NULL,30,'2026-06-10','draft','2026-06-03 04:30:29','2026-06-03 04:30:29'),(13,8,'Introduction & Self Presentation','Latihan untuk meningkatkan kemampuan introduction & self presentation.',NULL,45,'2026-06-15','draft','2026-06-03 04:30:29','2026-06-03 04:30:29'),(14,8,'Daily Conversation Practice','Latihan untuk meningkatkan kemampuan daily conversation practice.','https://drive.google.com/example-1',60,'2026-06-27','published','2026-06-03 04:30:29','2026-06-03 04:30:29'),(15,8,'IELTS Writing Task 1 - Bar Chart','Latihan untuk meningkatkan kemampuan ielts writing task 1 - bar chart.',NULL,15,'2026-06-16','published','2026-06-03 04:30:29','2026-06-03 04:30:29'),(16,8,'IELTS Speaking Part 2 - Describe a Place','Latihan untuk meningkatkan kemampuan ielts speaking part 2 - describe a place.',NULL,15,'2026-06-13','published','2026-06-03 04:30:29','2026-06-03 04:30:29');
/*!40000 ALTER TABLE `practices` ENABLE KEYS */;
UNLOCK TABLES;

--
-- Table structure for table `programs`
--

DROP TABLE IF EXISTS `programs`;
/*!40101 SET @saved_cs_client     = @@character_set_client */;
/*!50503 SET character_set_client = utf8mb4 */;
CREATE TABLE `programs` (
  `id` bigint unsigned NOT NULL AUTO_INCREMENT,
  `name` varchar(255) CHARACTER SET utf8mb4 COLLATE utf8mb4_unicode_ci NOT NULL,
  `type` varchar(255) CHARACTER SET utf8mb4 COLLATE utf8mb4_unicode_ci NOT NULL,
  `price` decimal(15,2) NOT NULL,
  `total_meetings` int NOT NULL,
  `min_quota` int NOT NULL DEFAULT '1',
  `created_at` timestamp NULL DEFAULT NULL,
  `updated_at` timestamp NULL DEFAULT NULL,
  PRIMARY KEY (`id`)
) ENGINE=InnoDB AUTO_INCREMENT=34 DEFAULT CHARSET=utf8mb4 COLLATE=utf8mb4_unicode_ci;
/*!40101 SET character_set_client = @saved_cs_client */;

--
-- Dumping data for table `programs`
--

LOCK TABLES `programs` WRITE;
/*!40000 ALTER TABLE `programs` DISABLE KEYS */;
INSERT INTO `programs` VALUES (1,'ESP Flash','Private',1500000.00,6,1,'2026-05-11 23:02:00','2026-05-11 23:02:00'),(2,'ESP Plus','Private',2000000.00,10,1,'2026-05-11 23:02:00','2026-05-11 23:02:00'),(3,'ESP Premium','Private',3600000.00,20,1,'2026-05-11 23:02:00','2026-05-11 23:02:00'),(4,'IELTS Flash','Private',1800000.00,6,1,'2026-05-11 23:02:00','2026-05-11 23:02:00'),(5,'IELTS Plus','Private',2450000.00,10,1,'2026-05-11 23:02:00','2026-05-11 23:02:00'),(6,'IELTS Premium','Private',4450000.00,20,1,'2026-05-11 23:02:00','2026-05-11 23:02:00'),(7,'Scholarship Flash','Private',2799000.00,6,1,'2026-05-11 23:02:00','2026-05-11 23:02:00'),(8,'Scholarship Plus','Private',3599000.00,10,1,'2026-05-11 23:02:00','2026-05-11 23:02:00'),(9,'Scholarship Premium','Private',5999000.00,20,1,'2026-05-11 23:02:00','2026-05-11 23:02:00'),(10,'Student Exchange Offline 12x','Private',2799000.00,12,1,'2026-05-11 23:02:00','2026-05-11 23:02:00'),(11,'Student Exchange Offline 24x','Private',4999000.00,24,1,'2026-05-11 23:02:00','2026-05-11 23:02:00'),(12,'Student Exchange Online 12x','Private',2599000.00,12,1,'2026-05-11 23:02:00','2026-05-11 23:02:00'),(13,'Student Exchange Online 24x','Private',4799000.00,24,1,'2026-05-11 23:02:00','2026-05-11 23:02:00'),(14,'VIP','Private',23000000.00,80,1,'2026-05-11 23:02:00','2026-05-11 23:02:00'),(15,'VIP IELTS','Private',27000000.00,80,1,'2026-05-11 23:02:00','2026-05-11 23:02:00'),(16,'Speaking Express Online','Private',100000.00,1,1,'2026-05-11 23:02:00','2026-05-11 23:02:00'),(17,'ESP 2 Person Flash','Semi Private',1000000.00,6,1,'2026-05-11 23:02:00','2026-05-11 23:02:00'),(18,'ESP 3 Person Flash','Semi Private',750000.00,6,1,'2026-05-11 23:02:00','2026-05-11 23:02:00'),(19,'ESP 4 Person Flash','Semi Private',650000.00,6,1,'2026-05-11 23:02:00','2026-05-11 23:02:00'),(20,'ESP 2 Person Plus','Semi Private',1400000.00,10,1,'2026-05-11 23:02:00','2026-05-11 23:02:00'),(21,'ESP 3 Person Plus','Semi Private',1000000.00,10,1,'2026-05-11 23:02:00','2026-05-11 23:02:00'),(22,'ESP 4 Person Plus','Semi Private',800000.00,10,1,'2026-05-11 23:02:00','2026-05-11 23:02:00'),(23,'ESP 2 Person Premium','Semi Private',2400000.00,20,1,'2026-05-11 23:02:00','2026-05-11 23:02:00'),(24,'ESP 3 Person Premium','Semi Private',1800000.00,20,1,'2026-05-11 23:02:00','2026-05-11 23:02:00'),(25,'ESP 4 Person Premium','Semi Private',1500000.00,20,1,'2026-05-11 23:02:00','2026-05-11 23:02:00'),(26,'IELTS 2 Person Flash','Semi Private',1300000.00,6,1,'2026-05-11 23:02:00','2026-05-11 23:02:00'),(27,'IELTS 2 Person Plus','Semi Private',1800000.00,10,1,'2026-05-11 23:02:00','2026-05-11 23:02:00'),(28,'IELTS 2 Person Premium','Semi Private',3500000.00,20,1,'2026-05-11 23:02:00','2026-05-11 23:02:00'),(29,'EDC - English For Daily Conversation','Group Class',1200000.00,24,1,'2026-05-11 23:02:00','2026-05-11 23:02:00'),(30,'Speedy English','Group Class',699000.00,20,1,'2026-05-11 23:02:00','2026-05-11 23:02:00'),(31,'B2B Class','Group Class',0.00,1,1,'2026-05-11 23:02:00','2026-05-11 23:02:00'),(32,'B2B English Camp','Group Class',0.00,1,1,'2026-05-11 23:02:00','2026-05-11 23:02:00'),(33,'One Day With Just Speak','Group Class',0.00,1,1,'2026-05-11 23:02:00','2026-05-11 23:02:00');
/*!40000 ALTER TABLE `programs` ENABLE KEYS */;
UNLOCK TABLES;

--
-- Table structure for table `rab_realisasi`
--

DROP TABLE IF EXISTS `rab_realisasi`;
/*!40101 SET @saved_cs_client     = @@character_set_client */;
/*!50503 SET character_set_client = utf8mb4 */;
CREATE TABLE `rab_realisasi` (
  `id` bigint unsigned NOT NULL AUTO_INCREMENT,
  `year` int NOT NULL,
  `division` varchar(255) COLLATE utf8mb4_unicode_ci NOT NULL,
  `account_name` varchar(255) COLLATE utf8mb4_unicode_ci NOT NULL,
  `account_code` varchar(255) COLLATE utf8mb4_unicode_ci DEFAULT NULL,
  `created_at` timestamp NULL DEFAULT NULL,
  `updated_at` timestamp NULL DEFAULT NULL,
  PRIMARY KEY (`id`)
) ENGINE=InnoDB AUTO_INCREMENT=9 DEFAULT CHARSET=utf8mb4 COLLATE=utf8mb4_unicode_ci;
/*!40101 SET character_set_client = @saved_cs_client */;

--
-- Dumping data for table `rab_realisasi`
--

LOCK TABLES `rab_realisasi` WRITE;
/*!40000 ALTER TABLE `rab_realisasi` DISABLE KEYS */;
INSERT INTO `rab_realisasi` VALUES (1,2026,'Operasional','Beban Sewa','5105','2026-06-03 04:30:30','2026-06-03 04:30:30'),(2,2026,'Operasional','Beban Perbaikan dan Perawatan','5107','2026-06-03 04:30:30','2026-06-03 04:30:30'),(3,2026,'Operasional','Beban Operasional Umum','5109','2026-06-03 04:30:30','2026-06-03 04:30:30'),(4,2026,'SDM','Beban Gaji Tutor','5001','2026-06-03 04:30:30','2026-06-03 04:30:30'),(5,2026,'SDM','Beban Gaji Karyawan','5002','2026-06-03 04:30:30','2026-06-03 04:30:30'),(6,2026,'Marketing','Beban Iklan dan Promosi','5201','2026-06-03 04:30:30','2026-06-03 04:30:30'),(7,2026,'Keuangan','Beban Admin Bank & Transfer','5301','2026-06-03 04:30:30','2026-06-03 04:30:30'),(8,2026,'Akademik','Beban Modul & Materi Ajar','5403','2026-06-03 04:30:30','2026-06-03 04:30:30');
/*!40000 ALTER TABLE `rab_realisasi` ENABLE KEYS */;
UNLOCK TABLES;

--
-- Table structure for table `rabs`
--

DROP TABLE IF EXISTS `rabs`;
/*!40101 SET @saved_cs_client     = @@character_set_client */;
/*!50503 SET character_set_client = utf8mb4 */;
CREATE TABLE `rabs` (
  `id` bigint unsigned NOT NULL AUTO_INCREMENT,
  `year` int NOT NULL,
  `division` varchar(255) COLLATE utf8mb4_unicode_ci NOT NULL,
  `account_name` varchar(255) COLLATE utf8mb4_unicode_ci NOT NULL,
  `account_code` varchar(255) COLLATE utf8mb4_unicode_ci DEFAULT NULL,
  `activity` varchar(255) COLLATE utf8mb4_unicode_ci DEFAULT NULL,
  `q1` bigint NOT NULL DEFAULT '0',
  `q2` bigint NOT NULL DEFAULT '0',
  `q3` bigint NOT NULL DEFAULT '0',
  `q4` bigint NOT NULL DEFAULT '0',
  `total` bigint GENERATED ALWAYS AS ((((`q1` + `q2`) + `q3`) + `q4`)) STORED,
  `created_at` timestamp NULL DEFAULT NULL,
  `updated_at` timestamp NULL DEFAULT NULL,
  PRIMARY KEY (`id`)
) ENGINE=InnoDB AUTO_INCREMENT=17 DEFAULT CHARSET=utf8mb4 COLLATE=utf8mb4_unicode_ci;
/*!40101 SET character_set_client = @saved_cs_client */;

--
-- Dumping data for table `rabs`
--

LOCK TABLES `rabs` WRITE;
/*!40000 ALTER TABLE `rabs` DISABLE KEYS */;
INSERT INTO `rabs` (`id`, `year`, `division`, `account_name`, `account_code`, `activity`, `q1`, `q2`, `q3`, `q4`, `created_at`, `updated_at`) VALUES (1,2026,'Operasional','Beban Sewa','5105','Sewa Gedung Tahunan',15000000,15000000,15000000,15000000,'2026-06-03 04:30:30','2026-06-03 04:30:30'),(2,2026,'Operasional','Beban Perbaikan dan Perawatan','5107','Perawatan AC & Elektronik',2000000,2000000,2000000,2000000,'2026-06-03 04:30:30','2026-06-03 04:30:30'),(3,2026,'Operasional','Beban Operasional Umum','5109','ATK dan Perlengkapan',1500000,1500000,1500000,1500000,'2026-06-03 04:30:30','2026-06-03 04:30:30'),(4,2026,'Operasional','Beban Penyusutan','5108','Penyusutan Aset Tetap',3000000,3000000,3000000,3000000,'2026-06-03 04:30:30','2026-06-03 04:30:30'),(5,2026,'SDM','Beban Gaji Tutor','5001','Honor Tutor Bulanan',45000000,45000000,50000000,50000000,'2026-06-03 04:30:30','2026-06-03 04:30:30'),(6,2026,'SDM','Beban Gaji Karyawan','5002','Gaji Staff Admin',18000000,18000000,18000000,20000000,'2026-06-03 04:30:30','2026-06-03 04:30:30'),(7,2026,'SDM','Beban Training & Development','5004','Pelatihan Tutor',3000000,3000000,5000000,3000000,'2026-06-03 04:30:30','2026-06-03 04:30:30'),(8,2026,'SDM','Beban Reward','5003','Reward Tutor Berprestasi',1000000,1000000,1000000,2000000,'2026-06-03 04:30:30','2026-06-03 04:30:30'),(9,2026,'Marketing','Beban Iklan dan Promosi','5201','Iklan Digital (Meta/Google)',5000000,7000000,7000000,10000000,'2026-06-03 04:30:30','2026-06-03 04:30:30'),(10,2026,'Marketing','Beban Sponsorship & Event','5202','Event Promosi',2000000,3000000,3000000,5000000,'2026-06-03 04:30:30','2026-06-03 04:30:30'),(11,2026,'Marketing','Beban Produksi Materi Promosi','5203','Desain & Cetak Brosur',1500000,1500000,1500000,2000000,'2026-06-03 04:30:30','2026-06-03 04:30:30'),(12,2026,'Marketing','Beban Transportasi','5205','Transportasi Tim Marketing',1000000,1000000,1000000,1000000,'2026-06-03 04:30:30','2026-06-03 04:30:30'),(13,2026,'Keuangan','Beban Admin Bank & Transfer','5301','Biaya Administrasi Bank',500000,500000,500000,500000,'2026-06-03 04:30:30','2026-06-03 04:30:30'),(14,2026,'Keuangan','Beban Pajak','5302','PPh & PPN',2000000,2000000,2000000,2000000,'2026-06-03 04:30:30','2026-06-03 04:30:30'),(15,2026,'Akademik','Beban Modul & Materi Ajar','5403','Cetak & Update Modul',2000000,2000000,2000000,2000000,'2026-06-03 04:30:30','2026-06-03 04:30:30'),(16,2026,'Akademik','Beban Pengembangan Produk','5401','Riset Program Baru',3000000,3000000,5000000,3000000,'2026-06-03 04:30:30','2026-06-03 04:30:30');
/*!40000 ALTER TABLE `rabs` ENABLE KEYS */;
UNLOCK TABLES;

--
-- Table structure for table `refund_requests`
--

DROP TABLE IF EXISTS `refund_requests`;
/*!40101 SET @saved_cs_client     = @@character_set_client */;
/*!50503 SET character_set_client = utf8mb4 */;
CREATE TABLE `refund_requests` (
  `id` bigint unsigned NOT NULL AUTO_INCREMENT,
  `enrollment_id` bigint unsigned NOT NULL,
  `amount` decimal(15,2) NOT NULL,
  `status` varchar(255) CHARACTER SET utf8mb4 COLLATE utf8mb4_unicode_ci NOT NULL DEFAULT 'pending',
  `requested_by` bigint unsigned NOT NULL,
  `approved_by` bigint unsigned DEFAULT NULL,
  `created_at` timestamp NULL DEFAULT NULL,
  `updated_at` timestamp NULL DEFAULT NULL,
  PRIMARY KEY (`id`),
  KEY `refund_requests_enrollment_id_foreign` (`enrollment_id`),
  KEY `refund_requests_requested_by_foreign` (`requested_by`),
  KEY `refund_requests_approved_by_foreign` (`approved_by`),
  CONSTRAINT `refund_requests_approved_by_foreign` FOREIGN KEY (`approved_by`) REFERENCES `users` (`id`),
  CONSTRAINT `refund_requests_enrollment_id_foreign` FOREIGN KEY (`enrollment_id`) REFERENCES `enrollments` (`id`) ON DELETE CASCADE,
  CONSTRAINT `refund_requests_requested_by_foreign` FOREIGN KEY (`requested_by`) REFERENCES `users` (`id`)
) ENGINE=InnoDB DEFAULT CHARSET=utf8mb4 COLLATE=utf8mb4_unicode_ci;
/*!40101 SET character_set_client = @saved_cs_client */;

--
-- Dumping data for table `refund_requests`
--

LOCK TABLES `refund_requests` WRITE;
/*!40000 ALTER TABLE `refund_requests` DISABLE KEYS */;
/*!40000 ALTER TABLE `refund_requests` ENABLE KEYS */;
UNLOCK TABLES;

--
-- Table structure for table `room_bookings`
--

DROP TABLE IF EXISTS `room_bookings`;
/*!40101 SET @saved_cs_client     = @@character_set_client */;
/*!50503 SET character_set_client = utf8mb4 */;
CREATE TABLE `room_bookings` (
  `id` bigint unsigned NOT NULL AUTO_INCREMENT,
  `classroom_id` bigint unsigned NOT NULL,
  `schedule_id` bigint unsigned DEFAULT NULL,
  `date` date NOT NULL,
  `time_block` varchar(255) CHARACTER SET utf8mb4 COLLATE utf8mb4_unicode_ci NOT NULL,
  `type` enum('regular_skip','temporary') CHARACTER SET utf8mb4 COLLATE utf8mb4_unicode_ci NOT NULL,
  `enrollment_id` bigint unsigned DEFAULT NULL,
  `tutor_id` bigint unsigned DEFAULT NULL,
  `notes` varchar(255) CHARACTER SET utf8mb4 COLLATE utf8mb4_unicode_ci DEFAULT NULL,
  `created_at` timestamp NULL DEFAULT NULL,
  `updated_at` timestamp NULL DEFAULT NULL,
  PRIMARY KEY (`id`),
  KEY `room_bookings_classroom_id_foreign` (`classroom_id`),
  KEY `room_bookings_enrollment_id_foreign` (`enrollment_id`),
  KEY `room_bookings_tutor_id_foreign` (`tutor_id`),
  CONSTRAINT `room_bookings_classroom_id_foreign` FOREIGN KEY (`classroom_id`) REFERENCES `classrooms` (`id`) ON DELETE CASCADE,
  CONSTRAINT `room_bookings_enrollment_id_foreign` FOREIGN KEY (`enrollment_id`) REFERENCES `enrollments` (`id`) ON DELETE SET NULL,
  CONSTRAINT `room_bookings_tutor_id_foreign` FOREIGN KEY (`tutor_id`) REFERENCES `tutors` (`id`) ON DELETE SET NULL
) ENGINE=InnoDB AUTO_INCREMENT=95 DEFAULT CHARSET=utf8mb4 COLLATE=utf8mb4_unicode_ci;
/*!40101 SET character_set_client = @saved_cs_client */;

--
-- Dumping data for table `room_bookings`
--

LOCK TABLES `room_bookings` WRITE;
/*!40000 ALTER TABLE `room_bookings` DISABLE KEYS */;
INSERT INTO `room_bookings` VALUES (1,7,1,'2026-06-11','09:00-10:30','regular_skip',1,1,'Tutor berhalangan','2026-06-03 04:30:29','2026-06-03 04:30:29'),(2,7,1,'2026-06-18','09:00-10:30','regular_skip',1,1,NULL,'2026-06-03 04:30:29','2026-06-03 04:30:29'),(3,7,2,'2026-07-22','13:00-14:30','regular_skip',2,4,'Tutor berhalangan','2026-06-03 04:30:29','2026-06-03 04:30:29'),(4,7,2,'2026-06-17','13:00-14:30','regular_skip',2,4,'Libur nasional','2026-06-03 04:30:29','2026-06-03 04:30:29'),(5,5,4,'2026-06-20','09:00-10:30','regular_skip',4,33,'Student izin sakit','2026-06-03 04:30:29','2026-06-03 04:30:29'),(6,5,4,'2026-07-11','09:00-10:30','regular_skip',4,33,NULL,'2026-06-03 04:30:29','2026-06-03 04:30:29'),(7,6,6,'2026-06-29','10:30-12:00','regular_skip',6,24,'Libur nasional','2026-06-03 04:30:29','2026-06-03 04:30:29'),(8,6,6,'2026-07-13','10:30-12:00','regular_skip',6,24,'Libur nasional','2026-06-03 04:30:29','2026-06-03 04:30:29'),(9,9,7,'2026-06-16','14:30-16:00','regular_skip',7,27,'Student izin sakit','2026-06-03 04:30:29','2026-06-03 04:30:29'),(10,9,7,'2026-07-21','14:30-16:00','regular_skip',7,27,'Libur nasional','2026-06-03 04:30:29','2026-06-03 04:30:29'),(11,6,10,'2026-06-16','09:00-10:30','regular_skip',10,17,'Student izin sakit','2026-06-03 04:30:29','2026-06-03 04:30:29'),(12,6,10,'2026-07-14','09:00-10:30','regular_skip',10,17,NULL,'2026-06-03 04:30:29','2026-06-03 04:30:29'),(13,6,10,'2026-06-13','13:00-14:30','temporary',10,17,'Reschedule dari jadwal rutin.','2026-06-03 04:30:29','2026-06-03 04:30:29'),(14,9,13,'2026-07-15','09:00-10:30','regular_skip',13,39,'Student izin sakit','2026-06-03 04:30:29','2026-06-03 04:30:29'),(15,9,13,'2026-06-16','09:00-10:30','temporary',13,39,'Reschedule dari jadwal rutin.','2026-06-03 04:30:29','2026-06-03 04:30:29'),(16,5,17,'2026-07-01','09:00-10:30','regular_skip',17,9,'Tutor berhalangan','2026-06-03 04:30:29','2026-06-03 04:30:29'),(17,5,19,'2026-07-17','13:00-14:30','regular_skip',19,14,'Libur nasional','2026-06-03 04:30:29','2026-06-03 04:30:29'),(18,5,19,'2026-06-26','13:00-14:30','regular_skip',19,14,'Libur nasional','2026-06-03 04:30:29','2026-06-03 04:30:29'),(19,9,21,'2026-07-18','10:30-12:00','regular_skip',21,25,NULL,'2026-06-03 04:30:29','2026-06-03 04:30:29'),(20,9,21,'2026-06-20','10:30-12:00','regular_skip',21,25,'Libur nasional','2026-06-03 04:30:29','2026-06-03 04:30:29'),(21,5,22,'2026-06-25','10:30-12:00','regular_skip',22,10,'Student izin sakit','2026-06-03 04:30:29','2026-06-03 04:30:29'),(22,6,24,'2026-07-14','13:00-14:30','regular_skip',24,32,'Student izin sakit','2026-06-03 04:30:29','2026-06-03 04:30:29'),(23,6,24,'2026-06-14','14:30-16:00','temporary',24,32,'Reschedule dari jadwal rutin.','2026-06-03 04:30:29','2026-06-03 04:30:29'),(24,5,25,'2026-06-25','14:30-16:00','regular_skip',25,21,'Tutor berhalangan','2026-06-03 04:30:29','2026-06-03 04:30:29'),(25,5,25,'2026-06-24','09:00-10:30','temporary',25,21,'Reschedule dari jadwal rutin.','2026-06-03 04:30:29','2026-06-03 04:30:29'),(26,9,26,'2026-07-10','09:00-10:30','regular_skip',26,28,NULL,'2026-06-03 04:30:29','2026-06-03 04:30:29'),(27,9,26,'2026-06-19','09:00-10:30','regular_skip',26,28,'Libur nasional','2026-06-03 04:30:29','2026-06-03 04:30:29'),(28,5,28,'2026-06-30','09:00-10:30','regular_skip',28,32,'Libur nasional','2026-06-03 04:30:29','2026-06-03 04:30:29'),(29,5,28,'2026-06-21','10:30-12:00','temporary',28,32,'Reschedule dari jadwal rutin.','2026-06-03 04:30:29','2026-06-03 04:30:29'),(30,9,32,'2026-06-25','16:00-17:30','regular_skip',32,31,NULL,'2026-06-03 04:30:29','2026-06-03 04:30:29'),(31,9,32,'2026-06-06','14:30-16:00','temporary',32,31,'Reschedule dari jadwal rutin.','2026-06-03 04:30:29','2026-06-03 04:30:29'),(32,6,34,'2026-06-23','14:30-16:00','regular_skip',34,10,NULL,'2026-06-03 04:30:29','2026-06-03 04:30:29'),(33,6,34,'2026-06-19','09:00-10:30','temporary',34,10,'Reschedule dari jadwal rutin.','2026-06-03 04:30:29','2026-06-03 04:30:29'),(34,5,35,'2026-06-18','14:30-16:00','regular_skip',35,28,'Tutor berhalangan','2026-06-03 04:30:29','2026-06-03 04:30:29'),(35,5,35,'2026-07-02','14:30-16:00','regular_skip',35,28,'Libur nasional','2026-06-03 04:30:29','2026-06-03 04:30:29'),(36,7,41,'2026-07-14','10:30-12:00','regular_skip',41,40,NULL,'2026-06-03 04:30:29','2026-06-03 04:30:29'),(37,7,41,'2026-07-21','10:30-12:00','regular_skip',41,40,'Tutor berhalangan','2026-06-03 04:30:29','2026-06-03 04:30:29'),(38,7,42,'2026-07-21','10:30-12:00','regular_skip',42,40,'Tutor berhalangan','2026-06-03 04:30:29','2026-06-03 04:30:29'),(39,7,42,'2026-06-24','10:30-12:00','temporary',42,40,'Reschedule dari jadwal rutin.','2026-06-03 04:30:29','2026-06-03 04:30:29'),(40,5,43,'2026-07-11','09:00-10:30','regular_skip',43,37,'Tutor berhalangan','2026-06-03 04:30:29','2026-06-03 04:30:29'),(41,5,44,'2026-07-04','09:00-10:30','regular_skip',44,37,'Libur nasional','2026-06-03 04:30:29','2026-06-03 04:30:29'),(42,5,44,'2026-07-18','09:00-10:30','regular_skip',44,37,NULL,'2026-06-03 04:30:29','2026-06-03 04:30:29'),(43,7,45,'2026-07-09','16:00-17:30','regular_skip',45,24,'Libur nasional','2026-06-03 04:30:29','2026-06-03 04:30:29'),(44,7,45,'2026-07-16','16:00-17:30','regular_skip',45,24,NULL,'2026-06-03 04:30:29','2026-06-03 04:30:29'),(45,7,45,'2026-06-14','13:00-14:30','temporary',45,24,'Reschedule dari jadwal rutin.','2026-06-03 04:30:29','2026-06-03 04:30:29'),(46,7,46,'2026-06-11','16:00-17:30','regular_skip',46,24,'Student izin sakit','2026-06-03 04:30:29','2026-06-03 04:30:29'),(47,7,46,'2026-07-02','16:00-17:30','regular_skip',46,24,'Tutor berhalangan','2026-06-03 04:30:29','2026-06-03 04:30:29'),(48,7,46,'2026-06-22','10:30-12:00','temporary',46,24,'Reschedule dari jadwal rutin.','2026-06-03 04:30:29','2026-06-03 04:30:29'),(49,7,47,'2026-07-16','16:00-17:30','regular_skip',47,24,NULL,'2026-06-03 04:30:29','2026-06-03 04:30:29'),(50,7,47,'2026-06-17','18:30-20:00','temporary',47,24,'Reschedule dari jadwal rutin.','2026-06-03 04:30:29','2026-06-03 04:30:29'),(51,7,48,'2026-07-02','16:00-17:30','regular_skip',48,24,'Student izin sakit','2026-06-03 04:30:29','2026-06-03 04:30:29'),(52,7,48,'2026-06-21','13:00-14:30','temporary',48,24,'Reschedule dari jadwal rutin.','2026-06-03 04:30:29','2026-06-03 04:30:29'),(53,7,49,'2026-06-22','09:00-10:30','regular_skip',49,9,'Student izin sakit','2026-06-03 04:30:29','2026-06-03 04:30:29'),(54,7,49,'2026-06-22','09:00-10:30','regular_skip',49,9,NULL,'2026-06-03 04:30:29','2026-06-03 04:30:29'),(55,7,52,'2026-07-14','09:00-10:30','regular_skip',52,30,'Student izin sakit','2026-06-03 04:30:29','2026-06-03 04:30:29'),(56,5,55,'2026-07-04','10:30-12:00','regular_skip',55,6,'Student izin sakit','2026-06-03 04:30:29','2026-06-03 04:30:29'),(57,5,55,'2026-07-18','10:30-12:00','regular_skip',55,6,'Libur nasional','2026-06-03 04:30:29','2026-06-03 04:30:29'),(58,5,55,'2026-06-08','16:00-17:30','temporary',55,6,'Reschedule dari jadwal rutin.','2026-06-03 04:30:29','2026-06-03 04:30:29'),(59,2,NULL,'2026-07-03','14:30-16:00','regular_skip',56,40,'Libur nasional','2026-06-03 04:30:29','2026-06-03 04:30:29'),(60,2,NULL,'2026-06-19','10:30-12:00','temporary',56,40,'Reschedule dari jadwal rutin.','2026-06-03 04:30:29','2026-06-03 04:30:29'),(61,2,NULL,'2026-07-17','14:30-16:00','regular_skip',58,40,'Tutor berhalangan','2026-06-03 04:30:29','2026-06-03 04:30:29'),(62,2,NULL,'2026-06-24','14:30-16:00','temporary',58,40,'Reschedule dari jadwal rutin.','2026-06-03 04:30:29','2026-06-03 04:30:29'),(63,2,NULL,'2026-07-10','14:30-16:00','regular_skip',61,40,'Libur nasional','2026-06-03 04:30:29','2026-06-03 04:30:29'),(64,2,NULL,'2026-06-19','14:30-16:00','regular_skip',61,40,'Student izin sakit','2026-06-03 04:30:29','2026-06-03 04:30:29'),(65,2,NULL,'2026-07-10','14:30-16:00','regular_skip',62,40,NULL,'2026-06-03 04:30:29','2026-06-03 04:30:29'),(66,2,NULL,'2026-06-14','14:30-16:00','temporary',62,40,'Reschedule dari jadwal rutin.','2026-06-03 04:30:29','2026-06-03 04:30:29'),(67,2,NULL,'2026-07-03','14:30-16:00','regular_skip',63,40,'Libur nasional','2026-06-03 04:30:29','2026-06-03 04:30:29'),(68,2,NULL,'2026-06-20','14:30-16:00','temporary',63,40,'Reschedule dari jadwal rutin.','2026-06-03 04:30:29','2026-06-03 04:30:29'),(69,3,NULL,'2026-07-16','18:30-20:00','regular_skip',66,3,'Libur nasional','2026-06-03 04:30:29','2026-06-03 04:30:29'),(70,3,NULL,'2026-06-15','10:30-12:00','temporary',66,3,'Reschedule dari jadwal rutin.','2026-06-03 04:30:29','2026-06-03 04:30:29'),(71,3,NULL,'2026-06-25','18:30-20:00','regular_skip',67,3,NULL,'2026-06-03 04:30:29','2026-06-03 04:30:29'),(72,3,NULL,'2026-06-18','18:30-20:00','regular_skip',69,3,'Tutor berhalangan','2026-06-03 04:30:29','2026-06-03 04:30:29'),(73,3,NULL,'2026-07-02','18:30-20:00','regular_skip',71,3,'Libur nasional','2026-06-03 04:30:29','2026-06-03 04:30:29'),(74,3,NULL,'2026-07-16','18:30-20:00','regular_skip',71,3,'Tutor berhalangan','2026-06-03 04:30:29','2026-06-03 04:30:29'),(75,4,NULL,'2026-06-20','09:00-10:30','regular_skip',73,15,NULL,'2026-06-03 04:30:29','2026-06-03 04:30:29'),(76,4,NULL,'2026-06-20','09:00-10:30','regular_skip',73,15,'Libur nasional','2026-06-03 04:30:29','2026-06-03 04:30:29'),(77,4,NULL,'2026-06-13','09:00-10:30','regular_skip',75,15,'Tutor berhalangan','2026-06-03 04:30:29','2026-06-03 04:30:29'),(78,4,NULL,'2026-06-23','14:30-16:00','temporary',75,15,'Reschedule dari jadwal rutin.','2026-06-03 04:30:29','2026-06-03 04:30:29'),(79,4,NULL,'2026-06-13','09:00-10:30','regular_skip',76,15,'Tutor berhalangan','2026-06-03 04:30:29','2026-06-03 04:30:29'),(80,4,NULL,'2026-07-18','09:00-10:30','regular_skip',76,15,'Tutor berhalangan','2026-06-03 04:30:29','2026-06-03 04:30:29'),(81,4,NULL,'2026-06-06','09:00-10:30','temporary',76,15,'Reschedule dari jadwal rutin.','2026-06-03 04:30:29','2026-06-03 04:30:29'),(82,4,NULL,'2026-07-11','09:00-10:30','regular_skip',77,15,'Libur nasional','2026-06-03 04:30:29','2026-06-03 04:30:29'),(83,4,NULL,'2026-06-24','16:00-17:30','temporary',77,15,'Reschedule dari jadwal rutin.','2026-06-03 04:30:29','2026-06-03 04:30:29'),(84,8,NULL,'2026-07-09','09:00-10:30','regular_skip',81,11,'Student izin sakit','2026-06-03 04:30:29','2026-06-03 04:30:29'),(85,8,NULL,'2026-06-18','09:00-10:30','regular_skip',81,11,NULL,'2026-06-03 04:30:29','2026-06-03 04:30:29'),(86,8,NULL,'2026-06-06','10:30-12:00','temporary',81,11,'Reschedule dari jadwal rutin.','2026-06-03 04:30:29','2026-06-03 04:30:29'),(87,8,NULL,'2026-06-25','09:00-10:30','regular_skip',82,11,'Libur nasional','2026-06-03 04:30:29','2026-06-03 04:30:29'),(88,8,NULL,'2026-07-02','09:00-10:30','regular_skip',83,11,'Student izin sakit','2026-06-03 04:30:29','2026-06-03 04:30:29'),(89,8,NULL,'2026-07-23','09:00-10:30','regular_skip',84,11,'Student izin sakit','2026-06-03 04:30:29','2026-06-03 04:30:29'),(90,8,NULL,'2026-07-02','09:00-10:30','regular_skip',85,11,'Libur nasional','2026-06-03 04:30:29','2026-06-03 04:30:29'),(91,8,NULL,'2026-07-16','09:00-10:30','regular_skip',85,11,'Tutor berhalangan','2026-06-03 04:30:29','2026-06-03 04:30:29'),(92,8,NULL,'2026-07-09','09:00-10:30','regular_skip',86,11,NULL,'2026-06-03 04:30:29','2026-06-03 04:30:29'),(93,8,NULL,'2026-06-18','09:00-10:30','regular_skip',86,11,NULL,'2026-06-03 04:30:29','2026-06-03 04:30:29'),(94,8,NULL,'2026-06-12','16:00-17:30','temporary',86,11,'Reschedule dari jadwal rutin.','2026-06-03 04:30:29','2026-06-03 04:30:29');
/*!40000 ALTER TABLE `room_bookings` ENABLE KEYS */;
UNLOCK TABLES;

--
-- Table structure for table `schedules`
--

DROP TABLE IF EXISTS `schedules`;
/*!40101 SET @saved_cs_client     = @@character_set_client */;
/*!50503 SET character_set_client = utf8mb4 */;
CREATE TABLE `schedules` (
  `id` bigint unsigned NOT NULL AUTO_INCREMENT,
  `enrollment_id` bigint unsigned DEFAULT NULL,
  `class_session_id` bigint unsigned DEFAULT NULL,
  `classroom_id` bigint unsigned NOT NULL,
  `day` varchar(255) CHARACTER SET utf8mb4 COLLATE utf8mb4_unicode_ci NOT NULL,
  `time_block` varchar(255) CHARACTER SET utf8mb4 COLLATE utf8mb4_unicode_ci NOT NULL,
  `created_at` timestamp NULL DEFAULT NULL,
  `updated_at` timestamp NULL DEFAULT NULL,
  PRIMARY KEY (`id`),
  KEY `schedules_enrollment_id_foreign` (`enrollment_id`),
  KEY `schedules_classroom_id_foreign` (`classroom_id`),
  CONSTRAINT `schedules_classroom_id_foreign` FOREIGN KEY (`classroom_id`) REFERENCES `classrooms` (`id`),
  CONSTRAINT `schedules_enrollment_id_foreign` FOREIGN KEY (`enrollment_id`) REFERENCES `enrollments` (`id`) ON DELETE SET NULL
) ENGINE=InnoDB AUTO_INCREMENT=87 DEFAULT CHARSET=utf8mb4 COLLATE=utf8mb4_unicode_ci;
/*!40101 SET character_set_client = @saved_cs_client */;

--
-- Dumping data for table `schedules`
--

LOCK TABLES `schedules` WRITE;
/*!40000 ALTER TABLE `schedules` DISABLE KEYS */;
INSERT INTO `schedules` VALUES (1,1,1,7,'Kamis','09:00-10:30','2026-06-03 04:30:10','2026-06-03 04:30:10'),(2,2,2,7,'Rabu','13:00-14:30','2026-06-03 04:30:10','2026-06-03 04:30:10'),(3,3,3,6,'Senin','10:30-12:00','2026-06-03 04:30:10','2026-06-03 04:30:10'),(4,4,4,5,'Sabtu','09:00-10:30','2026-06-03 04:30:10','2026-06-03 04:30:10'),(5,5,5,7,'Kamis','16:00-17:30','2026-06-03 04:30:10','2026-06-03 04:30:10'),(6,6,6,6,'Senin','10:30-12:00','2026-06-03 04:30:10','2026-06-03 04:30:10'),(7,7,7,9,'Selasa','14:30-16:00','2026-06-03 04:30:10','2026-06-03 04:30:10'),(8,8,8,7,'Sabtu','13:00-14:30','2026-06-03 04:30:10','2026-06-03 04:30:10'),(9,9,9,9,'Jumat','09:00-10:30','2026-06-03 04:30:10','2026-06-03 04:30:10'),(10,10,10,6,'Selasa','09:00-10:30','2026-06-03 04:30:10','2026-06-03 04:30:10'),(11,11,11,7,'Rabu','09:00-10:30','2026-06-03 04:30:10','2026-06-03 04:30:10'),(12,12,12,6,'Jumat','14:30-16:00','2026-06-03 04:30:10','2026-06-03 04:30:10'),(13,13,13,9,'Rabu','09:00-10:30','2026-06-03 04:30:10','2026-06-03 04:30:10'),(14,14,14,6,'Rabu','09:00-10:30','2026-06-03 04:30:10','2026-06-03 04:30:10'),(15,15,15,9,'Sabtu','13:00-14:30','2026-06-03 04:30:10','2026-06-03 04:30:10'),(16,16,16,9,'Sabtu','09:00-10:30','2026-06-03 04:30:10','2026-06-03 04:30:10'),(17,17,17,5,'Rabu','09:00-10:30','2026-06-03 04:30:10','2026-06-03 04:30:10'),(18,18,18,9,'Sabtu','13:00-14:30','2026-06-03 04:30:10','2026-06-03 04:30:10'),(19,19,19,5,'Jumat','13:00-14:30','2026-06-03 04:30:10','2026-06-03 04:30:10'),(20,20,20,7,'Jumat','14:30-16:00','2026-06-03 04:30:10','2026-06-03 04:30:10'),(21,21,21,9,'Sabtu','10:30-12:00','2026-06-03 04:30:10','2026-06-03 04:30:10'),(22,22,22,5,'Kamis','10:30-12:00','2026-06-03 04:30:10','2026-06-03 04:30:10'),(23,23,23,6,'Jumat','10:30-12:00','2026-06-03 04:30:10','2026-06-03 04:30:10'),(24,24,24,6,'Selasa','13:00-14:30','2026-06-03 04:30:10','2026-06-03 04:30:10'),(25,25,25,5,'Kamis','14:30-16:00','2026-06-03 04:30:10','2026-06-03 04:30:10'),(26,26,26,9,'Jumat','09:00-10:30','2026-06-03 04:30:10','2026-06-03 04:30:10'),(27,27,27,9,'Jumat','10:30-12:00','2026-06-03 04:30:10','2026-06-03 04:30:10'),(28,28,28,5,'Selasa','09:00-10:30','2026-06-03 04:30:10','2026-06-03 04:30:10'),(29,29,29,9,'Senin','10:30-12:00','2026-06-03 04:30:10','2026-06-03 04:30:10'),(30,30,30,7,'Senin','16:00-17:30','2026-06-03 04:30:10','2026-06-03 04:30:10'),(31,31,31,6,'Jumat','09:00-10:30','2026-06-03 04:30:10','2026-06-03 04:30:10'),(32,32,32,9,'Kamis','16:00-17:30','2026-06-03 04:30:10','2026-06-03 04:30:10'),(33,33,33,9,'Sabtu','09:00-10:30','2026-06-03 04:30:10','2026-06-03 04:30:10'),(34,34,34,6,'Selasa','14:30-16:00','2026-06-03 04:30:10','2026-06-03 04:30:10'),(35,35,35,5,'Kamis','14:30-16:00','2026-06-03 04:30:10','2026-06-03 04:30:10'),(36,36,36,7,'Rabu','14:30-16:00','2026-06-03 04:30:10','2026-06-03 04:30:10'),(37,37,37,9,'Rabu','13:00-14:30','2026-06-03 04:30:10','2026-06-03 04:30:10'),(38,38,38,6,'Sabtu','14:30-16:00','2026-06-03 04:30:10','2026-06-03 04:30:10'),(39,39,39,7,'Selasa','10:30-12:00','2026-06-03 04:30:10','2026-06-03 04:30:10'),(40,40,40,6,'Sabtu','10:30-12:00','2026-06-03 04:30:10','2026-06-03 04:30:10'),(41,41,41,7,'Selasa','10:30-12:00','2026-06-03 04:30:11','2026-06-03 04:30:11'),(42,42,41,7,'Selasa','10:30-12:00','2026-06-03 04:30:11','2026-06-03 04:30:11'),(43,43,42,5,'Sabtu','09:00-10:30','2026-06-03 04:30:11','2026-06-03 04:30:11'),(44,44,42,5,'Sabtu','09:00-10:30','2026-06-03 04:30:11','2026-06-03 04:30:11'),(45,45,43,7,'Kamis','16:00-17:30','2026-06-03 04:30:11','2026-06-03 04:30:11'),(46,46,43,7,'Kamis','16:00-17:30','2026-06-03 04:30:11','2026-06-03 04:30:11'),(47,47,43,7,'Kamis','16:00-17:30','2026-06-03 04:30:11','2026-06-03 04:30:11'),(48,48,43,7,'Kamis','16:00-17:30','2026-06-03 04:30:11','2026-06-03 04:30:11'),(49,49,44,7,'Senin','09:00-10:30','2026-06-03 04:30:11','2026-06-03 04:30:11'),(50,50,44,7,'Senin','09:00-10:30','2026-06-03 04:30:11','2026-06-03 04:30:11'),(51,51,45,7,'Selasa','09:00-10:30','2026-06-03 04:30:11','2026-06-03 04:30:11'),(52,52,45,7,'Selasa','09:00-10:30','2026-06-03 04:30:11','2026-06-03 04:30:11'),(53,53,45,7,'Selasa','09:00-10:30','2026-06-03 04:30:11','2026-06-03 04:30:11'),(54,54,46,5,'Sabtu','10:30-12:00','2026-06-03 04:30:11','2026-06-03 04:30:11'),(55,55,46,5,'Sabtu','10:30-12:00','2026-06-03 04:30:11','2026-06-03 04:30:11'),(56,56,47,2,'Jumat','14:30-16:00','2026-06-03 04:30:12','2026-06-03 04:30:12'),(57,57,47,2,'Jumat','14:30-16:00','2026-06-03 04:30:12','2026-06-03 04:30:12'),(58,58,47,2,'Jumat','14:30-16:00','2026-06-03 04:30:12','2026-06-03 04:30:12'),(59,59,47,2,'Jumat','14:30-16:00','2026-06-03 04:30:12','2026-06-03 04:30:12'),(60,60,47,2,'Jumat','14:30-16:00','2026-06-03 04:30:12','2026-06-03 04:30:12'),(61,61,47,2,'Jumat','14:30-16:00','2026-06-03 04:30:12','2026-06-03 04:30:12'),(62,62,47,2,'Jumat','14:30-16:00','2026-06-03 04:30:12','2026-06-03 04:30:12'),(63,63,47,2,'Jumat','14:30-16:00','2026-06-03 04:30:12','2026-06-03 04:30:12'),(64,64,48,3,'Kamis','18:30-20:00','2026-06-03 04:30:12','2026-06-03 04:30:12'),(65,65,48,3,'Kamis','18:30-20:00','2026-06-03 04:30:12','2026-06-03 04:30:12'),(66,66,48,3,'Kamis','18:30-20:00','2026-06-03 04:30:12','2026-06-03 04:30:12'),(67,67,48,3,'Kamis','18:30-20:00','2026-06-03 04:30:12','2026-06-03 04:30:12'),(68,68,48,3,'Kamis','18:30-20:00','2026-06-03 04:30:12','2026-06-03 04:30:12'),(69,69,48,3,'Kamis','18:30-20:00','2026-06-03 04:30:12','2026-06-03 04:30:12'),(70,70,48,3,'Kamis','18:30-20:00','2026-06-03 04:30:12','2026-06-03 04:30:12'),(71,71,48,3,'Kamis','18:30-20:00','2026-06-03 04:30:12','2026-06-03 04:30:12'),(72,72,49,4,'Sabtu','09:00-10:30','2026-06-03 04:30:12','2026-06-03 04:30:12'),(73,73,49,4,'Sabtu','09:00-10:30','2026-06-03 04:30:12','2026-06-03 04:30:12'),(74,74,49,4,'Sabtu','09:00-10:30','2026-06-03 04:30:12','2026-06-03 04:30:12'),(75,75,49,4,'Sabtu','09:00-10:30','2026-06-03 04:30:12','2026-06-03 04:30:12'),(76,76,49,4,'Sabtu','09:00-10:30','2026-06-03 04:30:12','2026-06-03 04:30:12'),(77,77,49,4,'Sabtu','09:00-10:30','2026-06-03 04:30:12','2026-06-03 04:30:12'),(78,78,50,8,'Kamis','09:00-10:30','2026-06-03 04:30:12','2026-06-03 04:30:12'),(79,79,50,8,'Kamis','09:00-10:30','2026-06-03 04:30:12','2026-06-03 04:30:12'),(80,80,50,8,'Kamis','09:00-10:30','2026-06-03 04:30:12','2026-06-03 04:30:12'),(81,81,50,8,'Kamis','09:00-10:30','2026-06-03 04:30:12','2026-06-03 04:30:12'),(82,82,50,8,'Kamis','09:00-10:30','2026-06-03 04:30:12','2026-06-03 04:30:12'),(83,83,50,8,'Kamis','09:00-10:30','2026-06-03 04:30:12','2026-06-03 04:30:12'),(84,84,50,8,'Kamis','09:00-10:30','2026-06-03 04:30:12','2026-06-03 04:30:12'),(85,85,50,8,'Kamis','09:00-10:30','2026-06-03 04:30:12','2026-06-03 04:30:12'),(86,86,50,8,'Kamis','09:00-10:30','2026-06-03 04:30:12','2026-06-03 04:30:12');
/*!40000 ALTER TABLE `schedules` ENABLE KEYS */;
UNLOCK TABLES;

--
-- Table structure for table `sessions`
--

DROP TABLE IF EXISTS `sessions`;
/*!40101 SET @saved_cs_client     = @@character_set_client */;
/*!50503 SET character_set_client = utf8mb4 */;
CREATE TABLE `sessions` (
  `id` varchar(255) CHARACTER SET utf8mb4 COLLATE utf8mb4_unicode_ci NOT NULL,
  `user_id` bigint unsigned DEFAULT NULL,
  `ip_address` varchar(45) CHARACTER SET utf8mb4 COLLATE utf8mb4_unicode_ci DEFAULT NULL,
  `user_agent` text CHARACTER SET utf8mb4 COLLATE utf8mb4_unicode_ci,
  `payload` longtext CHARACTER SET utf8mb4 COLLATE utf8mb4_unicode_ci NOT NULL,
  `last_activity` int NOT NULL,
  PRIMARY KEY (`id`),
  KEY `sessions_user_id_index` (`user_id`),
  KEY `sessions_last_activity_index` (`last_activity`)
) ENGINE=InnoDB DEFAULT CHARSET=utf8mb4 COLLATE=utf8mb4_unicode_ci;
/*!40101 SET character_set_client = @saved_cs_client */;

--
-- Dumping data for table `sessions`
--

LOCK TABLES `sessions` WRITE;
/*!40000 ALTER TABLE `sessions` DISABLE KEYS */;
INSERT INTO `sessions` VALUES ('5zMXBnqax9cqH5xwcIa5r5C1FITHNlNMiP63ug0Z',1,'127.0.0.1','Mozilla/5.0 (Windows NT 10.0; Win64; x64; rv:151.0) Gecko/20100101 Firefox/151.0','eyJfdG9rZW4iOiJmVVBZc2lBOHlhelZOY3haY2tXeWN0TDgzV1JSbkt1YjBtbUdnSFpwIiwiX2ZsYXNoIjp7Im9sZCI6W10sIm5ldyI6W119LCJfcHJldmlvdXMiOnsidXJsIjoiaHR0cDpcL1wvanVzdC1zcGVhay50ZXN0XC9maW5hbmNlXC9yZXBvcnRzXC90cmlhbC1iYWxhbmNlIiwicm91dGUiOiJmaW5hbmNlLnJlcG9ydHMudHJpYWwtYmFsYW5jZSJ9LCJsb2dpbl93ZWJfNTliYTM2YWRkYzJiMmY5NDAxNTgwZjAxNGM3ZjU4ZWE0ZTMwOTg5ZCI6MX0=',1780462327);
/*!40000 ALTER TABLE `sessions` ENABLE KEYS */;
UNLOCK TABLES;

--
-- Table structure for table `settings`
--

DROP TABLE IF EXISTS `settings`;
/*!40101 SET @saved_cs_client     = @@character_set_client */;
/*!50503 SET character_set_client = utf8mb4 */;
CREATE TABLE `settings` (
  `key` varchar(255) COLLATE utf8mb4_unicode_ci NOT NULL,
  `value` text COLLATE utf8mb4_unicode_ci,
  `created_at` timestamp NULL DEFAULT NULL,
  `updated_at` timestamp NULL DEFAULT NULL,
  PRIMARY KEY (`key`)
) ENGINE=InnoDB DEFAULT CHARSET=utf8mb4 COLLATE=utf8mb4_unicode_ci;
/*!40101 SET character_set_client = @saved_cs_client */;

--
-- Dumping data for table `settings`
--

LOCK TABLES `settings` WRITE;
/*!40000 ALTER TABLE `settings` DISABLE KEYS */;
/*!40000 ALTER TABLE `settings` ENABLE KEYS */;
UNLOCK TABLES;

--
-- Table structure for table `students`
--

DROP TABLE IF EXISTS `students`;
/*!40101 SET @saved_cs_client     = @@character_set_client */;
/*!50503 SET character_set_client = utf8mb4 */;
CREATE TABLE `students` (
  `id` bigint unsigned NOT NULL AUTO_INCREMENT,
  `user_id` bigint unsigned NOT NULL,
  `notes` text CHARACTER SET utf8mb4 COLLATE utf8mb4_unicode_ci,
  `created_at` timestamp NULL DEFAULT NULL,
  `updated_at` timestamp NULL DEFAULT NULL,
  PRIMARY KEY (`id`),
  KEY `students_user_id_foreign` (`user_id`),
  CONSTRAINT `students_user_id_foreign` FOREIGN KEY (`user_id`) REFERENCES `users` (`id`) ON DELETE CASCADE
) ENGINE=InnoDB AUTO_INCREMENT=203 DEFAULT CHARSET=utf8mb4 COLLATE=utf8mb4_unicode_ci;
/*!40101 SET character_set_client = @saved_cs_client */;

--
-- Dumping data for table `students`
--

LOCK TABLES `students` WRITE;
/*!40000 ALTER TABLE `students` DISABLE KEYS */;
INSERT INTO `students` VALUES (2,5,NULL,'2026-05-11 02:26:43','2026-05-11 02:26:43'),(183,226,NULL,'2026-06-03 04:29:56','2026-06-03 04:29:56'),(184,227,'Perlu perhatian khusus pada pronunciation.','2026-06-03 04:29:56','2026-06-03 04:29:56'),(185,228,'Perlu perhatian khusus pada pronunciation.','2026-06-03 04:29:56','2026-06-03 04:29:56'),(186,229,'Perlu perhatian khusus pada pronunciation.','2026-06-03 04:29:56','2026-06-03 04:29:56'),(187,230,NULL,'2026-06-03 04:29:56','2026-06-03 04:29:56'),(188,231,NULL,'2026-06-03 04:29:56','2026-06-03 04:29:56'),(189,232,NULL,'2026-06-03 04:29:56','2026-06-03 04:29:56'),(190,233,NULL,'2026-06-03 04:29:56','2026-06-03 04:29:56'),(191,234,NULL,'2026-06-03 04:29:56','2026-06-03 04:29:56'),(192,235,'Perlu perhatian khusus pada pronunciation.','2026-06-03 04:29:56','2026-06-03 04:29:56'),(193,236,NULL,'2026-06-03 04:29:56','2026-06-03 04:29:56'),(194,237,'Perlu perhatian khusus pada pronunciation.','2026-06-03 04:29:56','2026-06-03 04:29:56'),(195,238,NULL,'2026-06-03 04:29:56','2026-06-03 04:29:56'),(196,239,'Perlu perhatian khusus pada pronunciation.','2026-06-03 04:29:56','2026-06-03 04:29:56'),(197,240,NULL,'2026-06-03 04:29:56','2026-06-03 04:29:56'),(198,241,NULL,'2026-06-03 04:29:56','2026-06-03 04:29:56'),(199,242,'Perlu perhatian khusus pada pronunciation.','2026-06-03 04:29:56','2026-06-03 04:29:56'),(200,243,NULL,'2026-06-03 04:29:56','2026-06-03 04:29:56'),(201,244,NULL,'2026-06-03 04:29:56','2026-06-03 04:29:56'),(202,245,NULL,'2026-06-03 04:29:56','2026-06-03 04:29:56');
/*!40000 ALTER TABLE `students` ENABLE KEYS */;
UNLOCK TABLES;

--
-- Table structure for table `tracker_columns`
--

DROP TABLE IF EXISTS `tracker_columns`;
/*!40101 SET @saved_cs_client     = @@character_set_client */;
/*!50503 SET character_set_client = utf8mb4 */;
CREATE TABLE `tracker_columns` (
  `id` bigint unsigned NOT NULL AUTO_INCREMENT,
  `name` varchar(255) CHARACTER SET utf8mb4 COLLATE utf8mb4_unicode_ci NOT NULL,
  `order` int NOT NULL DEFAULT '0',
  `created_at` timestamp NULL DEFAULT NULL,
  `updated_at` timestamp NULL DEFAULT NULL,
  PRIMARY KEY (`id`)
) ENGINE=InnoDB AUTO_INCREMENT=7 DEFAULT CHARSET=utf8mb4 COLLATE=utf8mb4_unicode_ci;
/*!40101 SET character_set_client = @saved_cs_client */;

--
-- Dumping data for table `tracker_columns`
--

LOCK TABLES `tracker_columns` WRITE;
/*!40000 ALTER TABLE `tracker_columns` DISABLE KEYS */;
INSERT INTO `tracker_columns` VALUES (4,'bayar pendaftaran',1,'2026-05-17 22:42:17','2026-05-17 22:42:17'),(5,'masuk kelas',2,'2026-05-17 22:42:26','2026-05-17 22:42:26'),(6,'bikin grup wa',3,'2026-05-17 22:42:34','2026-05-17 22:42:34');
/*!40000 ALTER TABLE `tracker_columns` ENABLE KEYS */;
UNLOCK TABLES;

--
-- Table structure for table `tracker_entries`
--

DROP TABLE IF EXISTS `tracker_entries`;
/*!40101 SET @saved_cs_client     = @@character_set_client */;
/*!50503 SET character_set_client = utf8mb4 */;
CREATE TABLE `tracker_entries` (
  `id` bigint unsigned NOT NULL AUTO_INCREMENT,
  `student_id` bigint unsigned NOT NULL,
  `tracker_column_id` bigint unsigned NOT NULL,
  `is_done` tinyint(1) NOT NULL DEFAULT '0',
  `created_at` timestamp NULL DEFAULT NULL,
  `updated_at` timestamp NULL DEFAULT NULL,
  PRIMARY KEY (`id`),
  KEY `tracker_entries_student_id_foreign` (`student_id`),
  KEY `tracker_entries_tracker_column_id_foreign` (`tracker_column_id`),
  CONSTRAINT `tracker_entries_student_id_foreign` FOREIGN KEY (`student_id`) REFERENCES `students` (`id`) ON DELETE CASCADE,
  CONSTRAINT `tracker_entries_tracker_column_id_foreign` FOREIGN KEY (`tracker_column_id`) REFERENCES `tracker_columns` (`id`) ON DELETE CASCADE
) ENGINE=InnoDB AUTO_INCREMENT=64 DEFAULT CHARSET=utf8mb4 COLLATE=utf8mb4_unicode_ci;
/*!40101 SET character_set_client = @saved_cs_client */;

--
-- Dumping data for table `tracker_entries`
--

LOCK TABLES `tracker_entries` WRITE;
/*!40000 ALTER TABLE `tracker_entries` DISABLE KEYS */;
INSERT INTO `tracker_entries` VALUES (1,2,4,0,'2026-06-03 04:30:29','2026-06-03 04:30:29'),(2,2,5,1,'2026-06-03 04:30:29','2026-06-03 04:30:29'),(3,2,6,1,'2026-06-03 04:30:29','2026-06-03 04:30:29'),(4,183,4,0,'2026-06-03 04:30:29','2026-06-03 04:30:29'),(5,183,5,1,'2026-06-03 04:30:29','2026-06-03 04:30:29'),(6,183,6,0,'2026-06-03 04:30:29','2026-06-03 04:30:29'),(7,184,4,1,'2026-06-03 04:30:29','2026-06-03 04:30:29'),(8,184,5,1,'2026-06-03 04:30:29','2026-06-03 04:30:29'),(9,184,6,1,'2026-06-03 04:30:29','2026-06-03 04:30:29'),(10,185,4,0,'2026-06-03 04:30:29','2026-06-03 04:30:29'),(11,185,5,0,'2026-06-03 04:30:29','2026-06-03 04:30:29'),(12,185,6,0,'2026-06-03 04:30:29','2026-06-03 04:30:29'),(13,186,4,0,'2026-06-03 04:30:29','2026-06-03 04:30:29'),(14,186,5,0,'2026-06-03 04:30:29','2026-06-03 04:30:29'),(15,186,6,1,'2026-06-03 04:30:29','2026-06-03 04:30:29'),(16,187,4,1,'2026-06-03 04:30:29','2026-06-03 04:30:29'),(17,187,5,1,'2026-06-03 04:30:29','2026-06-03 04:30:29'),(18,187,6,0,'2026-06-03 04:30:29','2026-06-03 04:30:29'),(19,188,4,1,'2026-06-03 04:30:29','2026-06-03 04:30:29'),(20,188,5,1,'2026-06-03 04:30:29','2026-06-03 04:30:29'),(21,188,6,0,'2026-06-03 04:30:29','2026-06-03 04:30:29'),(22,189,4,1,'2026-06-03 04:30:29','2026-06-03 04:30:29'),(23,189,5,1,'2026-06-03 04:30:29','2026-06-03 04:30:29'),(24,189,6,1,'2026-06-03 04:30:29','2026-06-03 04:30:29'),(25,190,4,1,'2026-06-03 04:30:29','2026-06-03 04:30:29'),(26,190,5,0,'2026-06-03 04:30:29','2026-06-03 04:30:29'),(27,190,6,1,'2026-06-03 04:30:29','2026-06-03 04:30:29'),(28,191,4,0,'2026-06-03 04:30:29','2026-06-03 04:30:29'),(29,191,5,1,'2026-06-03 04:30:29','2026-06-03 04:30:29'),(30,191,6,1,'2026-06-03 04:30:29','2026-06-03 04:30:29'),(31,192,4,1,'2026-06-03 04:30:29','2026-06-03 04:30:29'),(32,192,5,1,'2026-06-03 04:30:29','2026-06-03 04:30:29'),(33,192,6,0,'2026-06-03 04:30:29','2026-06-03 04:30:29'),(34,193,4,1,'2026-06-03 04:30:29','2026-06-03 04:30:29'),(35,193,5,0,'2026-06-03 04:30:29','2026-06-03 04:30:29'),(36,193,6,0,'2026-06-03 04:30:29','2026-06-03 04:30:29'),(37,194,4,0,'2026-06-03 04:30:29','2026-06-03 04:30:29'),(38,194,5,1,'2026-06-03 04:30:29','2026-06-03 04:30:29'),(39,194,6,1,'2026-06-03 04:30:29','2026-06-03 04:30:29'),(40,195,4,0,'2026-06-03 04:30:29','2026-06-03 04:30:29'),(41,195,5,0,'2026-06-03 04:30:29','2026-06-03 04:30:29'),(42,195,6,1,'2026-06-03 04:30:29','2026-06-03 04:30:29'),(43,196,4,0,'2026-06-03 04:30:29','2026-06-03 04:30:29'),(44,196,5,0,'2026-06-03 04:30:29','2026-06-03 04:30:29'),(45,196,6,0,'2026-06-03 04:30:29','2026-06-03 04:30:29'),(46,197,4,0,'2026-06-03 04:30:29','2026-06-03 04:30:29'),(47,197,5,1,'2026-06-03 04:30:29','2026-06-03 04:30:29'),(48,197,6,0,'2026-06-03 04:30:29','2026-06-03 04:30:29'),(49,198,4,1,'2026-06-03 04:30:29','2026-06-03 04:30:29'),(50,198,5,1,'2026-06-03 04:30:29','2026-06-03 04:30:29'),(51,198,6,0,'2026-06-03 04:30:29','2026-06-03 04:30:29'),(52,199,4,0,'2026-06-03 04:30:29','2026-06-03 04:30:29'),(53,199,5,1,'2026-06-03 04:30:29','2026-06-03 04:30:29'),(54,199,6,0,'2026-06-03 04:30:29','2026-06-03 04:30:29'),(55,200,4,1,'2026-06-03 04:30:29','2026-06-03 04:30:29'),(56,200,5,0,'2026-06-03 04:30:29','2026-06-03 04:30:29'),(57,200,6,1,'2026-06-03 04:30:29','2026-06-03 04:30:29'),(58,201,4,1,'2026-06-03 04:30:29','2026-06-03 04:30:29'),(59,201,5,0,'2026-06-03 04:30:29','2026-06-03 04:30:29'),(60,201,6,0,'2026-06-03 04:30:29','2026-06-03 04:30:29'),(61,202,4,1,'2026-06-03 04:30:29','2026-06-03 04:30:29'),(62,202,5,0,'2026-06-03 04:30:29','2026-06-03 04:30:29'),(63,202,6,0,'2026-06-03 04:30:29','2026-06-03 04:30:29');
/*!40000 ALTER TABLE `tracker_entries` ENABLE KEYS */;
UNLOCK TABLES;

--
-- Table structure for table `tutor_availability`
--

DROP TABLE IF EXISTS `tutor_availability`;
/*!40101 SET @saved_cs_client     = @@character_set_client */;
/*!50503 SET character_set_client = utf8mb4 */;
CREATE TABLE `tutor_availability` (
  `id` bigint unsigned NOT NULL AUTO_INCREMENT,
  `tutor_id` bigint unsigned NOT NULL,
  `day` varchar(255) CHARACTER SET utf8mb4 COLLATE utf8mb4_unicode_ci NOT NULL,
  `time_block` varchar(255) CHARACTER SET utf8mb4 COLLATE utf8mb4_unicode_ci NOT NULL,
  `status` enum('available','not_available','occupied') CHARACTER SET utf8mb4 COLLATE utf8mb4_unicode_ci NOT NULL DEFAULT 'available',
  `created_at` timestamp NULL DEFAULT NULL,
  `updated_at` timestamp NULL DEFAULT NULL,
  PRIMARY KEY (`id`),
  UNIQUE KEY `tutor_availability_tutor_id_day_time_block_unique` (`tutor_id`,`day`,`time_block`),
  CONSTRAINT `tutor_availability_tutor_id_foreign` FOREIGN KEY (`tutor_id`) REFERENCES `tutors` (`id`) ON DELETE CASCADE
) ENGINE=InnoDB AUTO_INCREMENT=1152 DEFAULT CHARSET=utf8mb4 COLLATE=utf8mb4_unicode_ci;
/*!40101 SET character_set_client = @saved_cs_client */;

--
-- Dumping data for table `tutor_availability`
--

LOCK TABLES `tutor_availability` WRITE;
/*!40000 ALTER TABLE `tutor_availability` DISABLE KEYS */;
INSERT INTO `tutor_availability` VALUES (1,1,'Senin','09:00-10:30','available','2026-06-03 04:30:05','2026-06-03 04:30:05'),(2,1,'Senin','10:30-12:00','available','2026-06-03 04:30:05','2026-06-03 04:30:05'),(3,1,'Senin','13:00-14:30','available','2026-06-03 04:30:05','2026-06-03 04:30:05'),(4,1,'Senin','14:30-16:00','available','2026-06-03 04:30:05','2026-06-03 04:30:05'),(5,1,'Senin','16:00-17:30','available','2026-06-03 04:30:05','2026-06-03 04:30:05'),(6,1,'Senin','18:30-20:00','available','2026-06-03 04:30:05','2026-06-03 04:30:05'),(7,1,'Selasa','09:00-10:30','available','2026-06-03 04:30:05','2026-06-03 04:30:05'),(8,1,'Selasa','10:30-12:00','available','2026-06-03 04:30:05','2026-06-03 04:30:05'),(9,1,'Selasa','13:00-14:30','available','2026-06-03 04:30:05','2026-06-03 04:30:05'),(10,1,'Selasa','14:30-16:00','available','2026-06-03 04:30:05','2026-06-03 04:30:05'),(11,1,'Rabu','09:00-10:30','available','2026-06-03 04:30:05','2026-06-03 04:30:05'),(12,1,'Rabu','10:30-12:00','available','2026-06-03 04:30:05','2026-06-03 04:30:05'),(13,1,'Rabu','13:00-14:30','available','2026-06-03 04:30:05','2026-06-03 04:30:05'),(14,1,'Rabu','14:30-16:00','available','2026-06-03 04:30:05','2026-06-03 04:30:05'),(15,1,'Kamis','09:00-10:30','occupied','2026-06-03 04:30:05','2026-06-03 04:30:05'),(16,1,'Kamis','10:30-12:00','available','2026-06-03 04:30:05','2026-06-03 04:30:05'),(17,1,'Kamis','13:00-14:30','available','2026-06-03 04:30:05','2026-06-03 04:30:05'),(18,1,'Kamis','14:30-16:00','available','2026-06-03 04:30:05','2026-06-03 04:30:05'),(19,1,'Jumat','09:00-10:30','available','2026-06-03 04:30:05','2026-06-03 04:30:05'),(20,1,'Jumat','10:30-12:00','occupied','2026-06-03 04:30:05','2026-06-03 04:30:05'),(21,1,'Jumat','13:00-14:30','available','2026-06-03 04:30:05','2026-06-03 04:30:05'),(22,1,'Jumat','14:30-16:00','available','2026-06-03 04:30:05','2026-06-03 04:30:05'),(23,1,'Sabtu','09:00-10:30','available','2026-06-03 04:30:05','2026-06-03 04:30:05'),(24,1,'Sabtu','10:30-12:00','available','2026-06-03 04:30:05','2026-06-03 04:30:05'),(25,1,'Sabtu','13:00-14:30','available','2026-06-03 04:30:05','2026-06-03 04:30:05'),(26,1,'Sabtu','14:30-16:00','available','2026-06-03 04:30:05','2026-06-03 04:30:05'),(27,2,'Senin','09:00-10:30','available','2026-06-03 04:30:05','2026-06-03 04:30:05'),(28,2,'Senin','10:30-12:00','available','2026-06-03 04:30:05','2026-06-03 04:30:05'),(29,2,'Senin','13:00-14:30','available','2026-06-03 04:30:05','2026-06-03 04:30:05'),(30,2,'Senin','14:30-16:00','available','2026-06-03 04:30:05','2026-06-03 04:30:05'),(31,2,'Senin','16:00-17:30','available','2026-06-03 04:30:05','2026-06-03 04:30:05'),(32,2,'Senin','18:30-20:00','available','2026-06-03 04:30:05','2026-06-03 04:30:05'),(33,2,'Selasa','09:00-10:30','available','2026-06-03 04:30:05','2026-06-03 04:30:05'),(34,2,'Selasa','10:30-12:00','available','2026-06-03 04:30:05','2026-06-03 04:30:05'),(35,2,'Selasa','13:00-14:30','available','2026-06-03 04:30:05','2026-06-03 04:30:05'),(36,2,'Selasa','14:30-16:00','available','2026-06-03 04:30:05','2026-06-03 04:30:05'),(37,2,'Selasa','16:00-17:30','available','2026-06-03 04:30:05','2026-06-03 04:30:05'),(38,2,'Selasa','18:30-20:00','available','2026-06-03 04:30:05','2026-06-03 04:30:05'),(39,2,'Rabu','09:00-10:30','available','2026-06-03 04:30:05','2026-06-03 04:30:05'),(40,2,'Rabu','10:30-12:00','available','2026-06-03 04:30:05','2026-06-03 04:30:05'),(41,2,'Rabu','13:00-14:30','available','2026-06-03 04:30:05','2026-06-03 04:30:05'),(42,2,'Rabu','14:30-16:00','available','2026-06-03 04:30:05','2026-06-03 04:30:05'),(43,2,'Rabu','16:00-17:30','available','2026-06-03 04:30:05','2026-06-03 04:30:05'),(44,2,'Kamis','09:00-10:30','available','2026-06-03 04:30:05','2026-06-03 04:30:05'),(45,2,'Kamis','10:30-12:00','available','2026-06-03 04:30:05','2026-06-03 04:30:05'),(46,2,'Kamis','13:00-14:30','available','2026-06-03 04:30:05','2026-06-03 04:30:05'),(47,2,'Kamis','14:30-16:00','available','2026-06-03 04:30:05','2026-06-03 04:30:05'),(48,2,'Jumat','09:00-10:30','available','2026-06-03 04:30:05','2026-06-03 04:30:05'),(49,2,'Jumat','10:30-12:00','available','2026-06-03 04:30:05','2026-06-03 04:30:05'),(50,2,'Jumat','13:00-14:30','available','2026-06-03 04:30:05','2026-06-03 04:30:05'),(51,2,'Jumat','14:30-16:00','available','2026-06-03 04:30:05','2026-06-03 04:30:05'),(52,2,'Sabtu','09:00-10:30','available','2026-06-03 04:30:05','2026-06-03 04:30:05'),(53,2,'Sabtu','10:30-12:00','available','2026-06-03 04:30:05','2026-06-03 04:30:05'),(54,2,'Sabtu','13:00-14:30','available','2026-06-03 04:30:05','2026-06-03 04:30:05'),(55,2,'Sabtu','14:30-16:00','available','2026-06-03 04:30:05','2026-06-03 04:30:05'),(56,3,'Senin','09:00-10:30','available','2026-06-03 04:30:05','2026-06-03 04:30:05'),(57,3,'Senin','10:30-12:00','available','2026-06-03 04:30:05','2026-06-03 04:30:05'),(58,3,'Senin','13:00-14:30','available','2026-06-03 04:30:05','2026-06-03 04:30:05'),(59,3,'Senin','14:30-16:00','available','2026-06-03 04:30:05','2026-06-03 04:30:05'),(60,3,'Senin','16:00-17:30','available','2026-06-03 04:30:05','2026-06-03 04:30:05'),(61,3,'Selasa','09:00-10:30','available','2026-06-03 04:30:05','2026-06-03 04:30:05'),(62,3,'Selasa','10:30-12:00','available','2026-06-03 04:30:05','2026-06-03 04:30:05'),(63,3,'Selasa','13:00-14:30','available','2026-06-03 04:30:05','2026-06-03 04:30:05'),(64,3,'Selasa','14:30-16:00','available','2026-06-03 04:30:05','2026-06-03 04:30:05'),(65,3,'Rabu','09:00-10:30','available','2026-06-03 04:30:05','2026-06-03 04:30:05'),(66,3,'Rabu','10:30-12:00','available','2026-06-03 04:30:05','2026-06-03 04:30:05'),(67,3,'Rabu','13:00-14:30','available','2026-06-03 04:30:05','2026-06-03 04:30:05'),(68,3,'Rabu','14:30-16:00','available','2026-06-03 04:30:05','2026-06-03 04:30:05'),(69,3,'Kamis','09:00-10:30','available','2026-06-03 04:30:05','2026-06-03 04:30:05'),(70,3,'Kamis','10:30-12:00','available','2026-06-03 04:30:05','2026-06-03 04:30:05'),(71,3,'Kamis','13:00-14:30','available','2026-06-03 04:30:05','2026-06-03 04:30:05'),(72,3,'Kamis','14:30-16:00','available','2026-06-03 04:30:05','2026-06-03 04:30:05'),(73,3,'Kamis','16:00-17:30','available','2026-06-03 04:30:05','2026-06-03 04:30:05'),(74,3,'Kamis','18:30-20:00','occupied','2026-06-03 04:30:05','2026-06-03 04:30:05'),(75,3,'Jumat','09:00-10:30','available','2026-06-03 04:30:05','2026-06-03 04:30:05'),(76,3,'Jumat','10:30-12:00','available','2026-06-03 04:30:05','2026-06-03 04:30:05'),(77,3,'Jumat','13:00-14:30','available','2026-06-03 04:30:05','2026-06-03 04:30:05'),(78,3,'Jumat','14:30-16:00','available','2026-06-03 04:30:05','2026-06-03 04:30:05'),(79,3,'Jumat','16:00-17:30','available','2026-06-03 04:30:05','2026-06-03 04:30:05'),(80,3,'Sabtu','09:00-10:30','available','2026-06-03 04:30:05','2026-06-03 04:30:05'),(81,3,'Sabtu','10:30-12:00','available','2026-06-03 04:30:05','2026-06-03 04:30:05'),(82,3,'Sabtu','13:00-14:30','available','2026-06-03 04:30:05','2026-06-03 04:30:05'),(83,3,'Sabtu','14:30-16:00','available','2026-06-03 04:30:05','2026-06-03 04:30:05'),(84,4,'Senin','09:00-10:30','available','2026-06-03 04:30:05','2026-06-03 04:30:05'),(85,4,'Senin','10:30-12:00','available','2026-06-03 04:30:05','2026-06-03 04:30:05'),(86,4,'Senin','13:00-14:30','available','2026-06-03 04:30:05','2026-06-03 04:30:05'),(87,4,'Senin','14:30-16:00','available','2026-06-03 04:30:05','2026-06-03 04:30:05'),(88,4,'Selasa','09:00-10:30','available','2026-06-03 04:30:05','2026-06-03 04:30:05'),(89,4,'Selasa','10:30-12:00','available','2026-06-03 04:30:05','2026-06-03 04:30:05'),(90,4,'Selasa','13:00-14:30','available','2026-06-03 04:30:05','2026-06-03 04:30:05'),(91,4,'Selasa','14:30-16:00','available','2026-06-03 04:30:05','2026-06-03 04:30:05'),(92,4,'Selasa','16:00-17:30','available','2026-06-03 04:30:05','2026-06-03 04:30:05'),(93,4,'Rabu','09:00-10:30','available','2026-06-03 04:30:05','2026-06-03 04:30:05'),(94,4,'Rabu','10:30-12:00','available','2026-06-03 04:30:05','2026-06-03 04:30:05'),(95,4,'Rabu','13:00-14:30','occupied','2026-06-03 04:30:05','2026-06-03 04:30:05'),(96,4,'Rabu','14:30-16:00','available','2026-06-03 04:30:05','2026-06-03 04:30:05'),(97,4,'Rabu','16:00-17:30','available','2026-06-03 04:30:05','2026-06-03 04:30:05'),(98,4,'Rabu','18:30-20:00','available','2026-06-03 04:30:05','2026-06-03 04:30:05'),(99,4,'Kamis','09:00-10:30','available','2026-06-03 04:30:05','2026-06-03 04:30:05'),(100,4,'Kamis','10:30-12:00','available','2026-06-03 04:30:05','2026-06-03 04:30:05'),(101,4,'Kamis','13:00-14:30','available','2026-06-03 04:30:05','2026-06-03 04:30:05'),(102,4,'Kamis','14:30-16:00','available','2026-06-03 04:30:05','2026-06-03 04:30:05'),(103,4,'Kamis','16:00-17:30','available','2026-06-03 04:30:05','2026-06-03 04:30:05'),(104,4,'Kamis','18:30-20:00','available','2026-06-03 04:30:05','2026-06-03 04:30:05'),(105,4,'Jumat','09:00-10:30','available','2026-06-03 04:30:05','2026-06-03 04:30:05'),(106,4,'Jumat','10:30-12:00','available','2026-06-03 04:30:05','2026-06-03 04:30:05'),(107,4,'Jumat','13:00-14:30','available','2026-06-03 04:30:05','2026-06-03 04:30:05'),(108,4,'Jumat','14:30-16:00','available','2026-06-03 04:30:05','2026-06-03 04:30:05'),(109,4,'Sabtu','09:00-10:30','available','2026-06-03 04:30:05','2026-06-03 04:30:05'),(110,4,'Sabtu','10:30-12:00','available','2026-06-03 04:30:05','2026-06-03 04:30:05'),(111,4,'Sabtu','13:00-14:30','available','2026-06-03 04:30:05','2026-06-03 04:30:05'),(112,4,'Sabtu','14:30-16:00','available','2026-06-03 04:30:05','2026-06-03 04:30:05'),(113,5,'Senin','09:00-10:30','available','2026-06-03 04:30:05','2026-06-03 04:30:05'),(114,5,'Senin','10:30-12:00','available','2026-06-03 04:30:05','2026-06-03 04:30:05'),(115,5,'Senin','13:00-14:30','available','2026-06-03 04:30:05','2026-06-03 04:30:05'),(116,5,'Senin','14:30-16:00','available','2026-06-03 04:30:05','2026-06-03 04:30:05'),(117,5,'Senin','16:00-17:30','available','2026-06-03 04:30:05','2026-06-03 04:30:05'),(118,5,'Senin','18:30-20:00','available','2026-06-03 04:30:05','2026-06-03 04:30:05'),(119,5,'Selasa','09:00-10:30','available','2026-06-03 04:30:05','2026-06-03 04:30:05'),(120,5,'Selasa','10:30-12:00','available','2026-06-03 04:30:05','2026-06-03 04:30:05'),(121,5,'Selasa','13:00-14:30','available','2026-06-03 04:30:05','2026-06-03 04:30:05'),(122,5,'Selasa','14:30-16:00','available','2026-06-03 04:30:05','2026-06-03 04:30:05'),(123,5,'Selasa','16:00-17:30','available','2026-06-03 04:30:05','2026-06-03 04:30:05'),(124,5,'Selasa','18:30-20:00','available','2026-06-03 04:30:05','2026-06-03 04:30:05'),(125,5,'Rabu','09:00-10:30','available','2026-06-03 04:30:05','2026-06-03 04:30:05'),(126,5,'Rabu','10:30-12:00','available','2026-06-03 04:30:05','2026-06-03 04:30:05'),(127,5,'Rabu','13:00-14:30','available','2026-06-03 04:30:05','2026-06-03 04:30:05'),(128,5,'Rabu','14:30-16:00','available','2026-06-03 04:30:05','2026-06-03 04:30:05'),(129,5,'Kamis','09:00-10:30','available','2026-06-03 04:30:05','2026-06-03 04:30:05'),(130,5,'Kamis','10:30-12:00','available','2026-06-03 04:30:05','2026-06-03 04:30:05'),(131,5,'Kamis','13:00-14:30','available','2026-06-03 04:30:05','2026-06-03 04:30:05'),(132,5,'Kamis','14:30-16:00','available','2026-06-03 04:30:05','2026-06-03 04:30:05'),(133,5,'Jumat','09:00-10:30','available','2026-06-03 04:30:05','2026-06-03 04:30:05'),(134,5,'Jumat','10:30-12:00','available','2026-06-03 04:30:05','2026-06-03 04:30:05'),(135,5,'Jumat','13:00-14:30','available','2026-06-03 04:30:05','2026-06-03 04:30:05'),(136,5,'Jumat','14:30-16:00','available','2026-06-03 04:30:05','2026-06-03 04:30:05'),(137,5,'Sabtu','09:00-10:30','available','2026-06-03 04:30:05','2026-06-03 04:30:05'),(138,5,'Sabtu','10:30-12:00','available','2026-06-03 04:30:05','2026-06-03 04:30:05'),(139,5,'Sabtu','13:00-14:30','available','2026-06-03 04:30:05','2026-06-03 04:30:05'),(140,5,'Sabtu','14:30-16:00','available','2026-06-03 04:30:05','2026-06-03 04:30:05'),(141,6,'Senin','09:00-10:30','available','2026-06-03 04:30:05','2026-06-03 04:30:05'),(142,6,'Senin','10:30-12:00','available','2026-06-03 04:30:05','2026-06-03 04:30:05'),(143,6,'Senin','13:00-14:30','available','2026-06-03 04:30:05','2026-06-03 04:30:05'),(144,6,'Senin','14:30-16:00','available','2026-06-03 04:30:05','2026-06-03 04:30:05'),(145,6,'Selasa','09:00-10:30','available','2026-06-03 04:30:05','2026-06-03 04:30:05'),(146,6,'Selasa','10:30-12:00','available','2026-06-03 04:30:05','2026-06-03 04:30:05'),(147,6,'Selasa','13:00-14:30','available','2026-06-03 04:30:05','2026-06-03 04:30:05'),(148,6,'Selasa','14:30-16:00','available','2026-06-03 04:30:05','2026-06-03 04:30:05'),(149,6,'Rabu','09:00-10:30','available','2026-06-03 04:30:05','2026-06-03 04:30:05'),(150,6,'Rabu','10:30-12:00','available','2026-06-03 04:30:05','2026-06-03 04:30:05'),(151,6,'Rabu','13:00-14:30','available','2026-06-03 04:30:05','2026-06-03 04:30:05'),(152,6,'Rabu','14:30-16:00','available','2026-06-03 04:30:05','2026-06-03 04:30:05'),(153,6,'Rabu','16:00-17:30','available','2026-06-03 04:30:05','2026-06-03 04:30:05'),(154,6,'Rabu','18:30-20:00','available','2026-06-03 04:30:05','2026-06-03 04:30:05'),(155,6,'Kamis','09:00-10:30','available','2026-06-03 04:30:05','2026-06-03 04:30:05'),(156,6,'Kamis','10:30-12:00','available','2026-06-03 04:30:05','2026-06-03 04:30:05'),(157,6,'Kamis','13:00-14:30','available','2026-06-03 04:30:05','2026-06-03 04:30:05'),(158,6,'Kamis','14:30-16:00','available','2026-06-03 04:30:05','2026-06-03 04:30:05'),(159,6,'Kamis','16:00-17:30','available','2026-06-03 04:30:05','2026-06-03 04:30:05'),(160,6,'Kamis','18:30-20:00','available','2026-06-03 04:30:05','2026-06-03 04:30:05'),(161,6,'Jumat','09:00-10:30','available','2026-06-03 04:30:05','2026-06-03 04:30:05'),(162,6,'Jumat','10:30-12:00','available','2026-06-03 04:30:05','2026-06-03 04:30:05'),(163,6,'Jumat','13:00-14:30','available','2026-06-03 04:30:05','2026-06-03 04:30:05'),(164,6,'Jumat','14:30-16:00','available','2026-06-03 04:30:05','2026-06-03 04:30:05'),(165,6,'Jumat','16:00-17:30','available','2026-06-03 04:30:05','2026-06-03 04:30:05'),(166,6,'Sabtu','09:00-10:30','available','2026-06-03 04:30:05','2026-06-03 04:30:05'),(167,6,'Sabtu','10:30-12:00','occupied','2026-06-03 04:30:05','2026-06-03 04:30:05'),(168,6,'Sabtu','13:00-14:30','available','2026-06-03 04:30:05','2026-06-03 04:30:05'),(169,6,'Sabtu','14:30-16:00','available','2026-06-03 04:30:05','2026-06-03 04:30:05'),(170,7,'Senin','09:00-10:30','available','2026-06-03 04:30:05','2026-06-03 04:30:05'),(171,7,'Senin','10:30-12:00','available','2026-06-03 04:30:05','2026-06-03 04:30:05'),(172,7,'Senin','13:00-14:30','available','2026-06-03 04:30:05','2026-06-03 04:30:05'),(173,7,'Senin','14:30-16:00','available','2026-06-03 04:30:05','2026-06-03 04:30:05'),(174,7,'Senin','16:00-17:30','available','2026-06-03 04:30:05','2026-06-03 04:30:05'),(175,7,'Senin','18:30-20:00','available','2026-06-03 04:30:05','2026-06-03 04:30:05'),(176,7,'Selasa','09:00-10:30','available','2026-06-03 04:30:05','2026-06-03 04:30:05'),(177,7,'Selasa','10:30-12:00','available','2026-06-03 04:30:05','2026-06-03 04:30:05'),(178,7,'Selasa','13:00-14:30','available','2026-06-03 04:30:05','2026-06-03 04:30:05'),(179,7,'Selasa','14:30-16:00','available','2026-06-03 04:30:05','2026-06-03 04:30:05'),(180,7,'Selasa','16:00-17:30','available','2026-06-03 04:30:05','2026-06-03 04:30:05'),(181,7,'Selasa','18:30-20:00','available','2026-06-03 04:30:05','2026-06-03 04:30:05'),(182,7,'Rabu','09:00-10:30','available','2026-06-03 04:30:05','2026-06-03 04:30:05'),(183,7,'Rabu','10:30-12:00','available','2026-06-03 04:30:05','2026-06-03 04:30:05'),(184,7,'Rabu','13:00-14:30','available','2026-06-03 04:30:05','2026-06-03 04:30:05'),(185,7,'Rabu','14:30-16:00','available','2026-06-03 04:30:05','2026-06-03 04:30:05'),(186,7,'Kamis','09:00-10:30','available','2026-06-03 04:30:05','2026-06-03 04:30:05'),(187,7,'Kamis','10:30-12:00','available','2026-06-03 04:30:05','2026-06-03 04:30:05'),(188,7,'Kamis','13:00-14:30','available','2026-06-03 04:30:05','2026-06-03 04:30:05'),(189,7,'Kamis','14:30-16:00','available','2026-06-03 04:30:05','2026-06-03 04:30:05'),(190,7,'Jumat','09:00-10:30','available','2026-06-03 04:30:05','2026-06-03 04:30:05'),(191,7,'Jumat','10:30-12:00','available','2026-06-03 04:30:05','2026-06-03 04:30:05'),(192,7,'Jumat','13:00-14:30','available','2026-06-03 04:30:05','2026-06-03 04:30:05'),(193,7,'Jumat','14:30-16:00','available','2026-06-03 04:30:05','2026-06-03 04:30:05'),(194,7,'Jumat','16:00-17:30','available','2026-06-03 04:30:05','2026-06-03 04:30:05'),(195,7,'Jumat','18:30-20:00','available','2026-06-03 04:30:05','2026-06-03 04:30:05'),(196,7,'Sabtu','09:00-10:30','available','2026-06-03 04:30:05','2026-06-03 04:30:05'),(197,7,'Sabtu','10:30-12:00','available','2026-06-03 04:30:05','2026-06-03 04:30:05'),(198,7,'Sabtu','13:00-14:30','available','2026-06-03 04:30:05','2026-06-03 04:30:05'),(199,7,'Sabtu','14:30-16:00','available','2026-06-03 04:30:05','2026-06-03 04:30:05'),(200,8,'Senin','09:00-10:30','available','2026-06-03 04:30:05','2026-06-03 04:30:05'),(201,8,'Senin','10:30-12:00','available','2026-06-03 04:30:05','2026-06-03 04:30:05'),(202,8,'Senin','13:00-14:30','available','2026-06-03 04:30:05','2026-06-03 04:30:05'),(203,8,'Senin','14:30-16:00','available','2026-06-03 04:30:05','2026-06-03 04:30:05'),(204,8,'Senin','16:00-17:30','available','2026-06-03 04:30:05','2026-06-03 04:30:05'),(205,8,'Senin','18:30-20:00','available','2026-06-03 04:30:05','2026-06-03 04:30:05'),(206,8,'Selasa','09:00-10:30','available','2026-06-03 04:30:05','2026-06-03 04:30:05'),(207,8,'Selasa','10:30-12:00','available','2026-06-03 04:30:05','2026-06-03 04:30:05'),(208,8,'Selasa','13:00-14:30','available','2026-06-03 04:30:05','2026-06-03 04:30:05'),(209,8,'Selasa','14:30-16:00','available','2026-06-03 04:30:05','2026-06-03 04:30:05'),(210,8,'Selasa','16:00-17:30','available','2026-06-03 04:30:05','2026-06-03 04:30:05'),(211,8,'Rabu','09:00-10:30','available','2026-06-03 04:30:05','2026-06-03 04:30:05'),(212,8,'Rabu','10:30-12:00','available','2026-06-03 04:30:05','2026-06-03 04:30:05'),(213,8,'Rabu','13:00-14:30','available','2026-06-03 04:30:05','2026-06-03 04:30:05'),(214,8,'Rabu','14:30-16:00','available','2026-06-03 04:30:05','2026-06-03 04:30:05'),(215,8,'Rabu','16:00-17:30','available','2026-06-03 04:30:05','2026-06-03 04:30:05'),(216,8,'Rabu','18:30-20:00','available','2026-06-03 04:30:05','2026-06-03 04:30:05'),(217,8,'Kamis','09:00-10:30','available','2026-06-03 04:30:05','2026-06-03 04:30:05'),(218,8,'Kamis','10:30-12:00','available','2026-06-03 04:30:05','2026-06-03 04:30:05'),(219,8,'Kamis','13:00-14:30','available','2026-06-03 04:30:05','2026-06-03 04:30:05'),(220,8,'Kamis','14:30-16:00','available','2026-06-03 04:30:05','2026-06-03 04:30:05'),(221,8,'Kamis','16:00-17:30','available','2026-06-03 04:30:05','2026-06-03 04:30:05'),(222,8,'Jumat','09:00-10:30','available','2026-06-03 04:30:05','2026-06-03 04:30:05'),(223,8,'Jumat','10:30-12:00','available','2026-06-03 04:30:05','2026-06-03 04:30:05'),(224,8,'Jumat','13:00-14:30','available','2026-06-03 04:30:05','2026-06-03 04:30:05'),(225,8,'Jumat','14:30-16:00','available','2026-06-03 04:30:05','2026-06-03 04:30:05'),(226,8,'Jumat','16:00-17:30','available','2026-06-03 04:30:05','2026-06-03 04:30:05'),(227,8,'Sabtu','09:00-10:30','available','2026-06-03 04:30:05','2026-06-03 04:30:05'),(228,8,'Sabtu','10:30-12:00','available','2026-06-03 04:30:05','2026-06-03 04:30:05'),(229,8,'Sabtu','13:00-14:30','available','2026-06-03 04:30:05','2026-06-03 04:30:05'),(230,8,'Sabtu','14:30-16:00','available','2026-06-03 04:30:05','2026-06-03 04:30:05'),(231,9,'Senin','09:00-10:30','occupied','2026-06-03 04:30:05','2026-06-03 04:30:05'),(232,9,'Senin','10:30-12:00','available','2026-06-03 04:30:05','2026-06-03 04:30:05'),(233,9,'Senin','13:00-14:30','available','2026-06-03 04:30:05','2026-06-03 04:30:05'),(234,9,'Senin','14:30-16:00','available','2026-06-03 04:30:05','2026-06-03 04:30:05'),(235,9,'Senin','16:00-17:30','available','2026-06-03 04:30:05','2026-06-03 04:30:05'),(236,9,'Selasa','09:00-10:30','available','2026-06-03 04:30:05','2026-06-03 04:30:05'),(237,9,'Selasa','10:30-12:00','available','2026-06-03 04:30:05','2026-06-03 04:30:05'),(238,9,'Selasa','13:00-14:30','available','2026-06-03 04:30:05','2026-06-03 04:30:05'),(239,9,'Selasa','14:30-16:00','available','2026-06-03 04:30:05','2026-06-03 04:30:05'),(240,9,'Selasa','16:00-17:30','available','2026-06-03 04:30:05','2026-06-03 04:30:05'),(241,9,'Selasa','18:30-20:00','available','2026-06-03 04:30:05','2026-06-03 04:30:05'),(242,9,'Rabu','09:00-10:30','occupied','2026-06-03 04:30:05','2026-06-03 04:30:05'),(243,9,'Rabu','10:30-12:00','available','2026-06-03 04:30:05','2026-06-03 04:30:05'),(244,9,'Rabu','13:00-14:30','available','2026-06-03 04:30:05','2026-06-03 04:30:05'),(245,9,'Rabu','14:30-16:00','available','2026-06-03 04:30:05','2026-06-03 04:30:05'),(246,9,'Kamis','09:00-10:30','available','2026-06-03 04:30:05','2026-06-03 04:30:05'),(247,9,'Kamis','10:30-12:00','available','2026-06-03 04:30:05','2026-06-03 04:30:05'),(248,9,'Kamis','13:00-14:30','available','2026-06-03 04:30:05','2026-06-03 04:30:05'),(249,9,'Kamis','14:30-16:00','available','2026-06-03 04:30:05','2026-06-03 04:30:05'),(250,9,'Jumat','09:00-10:30','available','2026-06-03 04:30:05','2026-06-03 04:30:05'),(251,9,'Jumat','10:30-12:00','available','2026-06-03 04:30:05','2026-06-03 04:30:05'),(252,9,'Jumat','13:00-14:30','available','2026-06-03 04:30:05','2026-06-03 04:30:05'),(253,9,'Jumat','14:30-16:00','available','2026-06-03 04:30:05','2026-06-03 04:30:05'),(254,9,'Jumat','16:00-17:30','available','2026-06-03 04:30:05','2026-06-03 04:30:05'),(255,9,'Jumat','18:30-20:00','available','2026-06-03 04:30:05','2026-06-03 04:30:05'),(256,9,'Sabtu','09:00-10:30','available','2026-06-03 04:30:05','2026-06-03 04:30:05'),(257,9,'Sabtu','10:30-12:00','available','2026-06-03 04:30:05','2026-06-03 04:30:05'),(258,9,'Sabtu','13:00-14:30','available','2026-06-03 04:30:05','2026-06-03 04:30:05'),(259,9,'Sabtu','14:30-16:00','available','2026-06-03 04:30:05','2026-06-03 04:30:05'),(260,10,'Senin','09:00-10:30','available','2026-06-03 04:30:05','2026-06-03 04:30:05'),(261,10,'Senin','10:30-12:00','available','2026-06-03 04:30:05','2026-06-03 04:30:05'),(262,10,'Senin','13:00-14:30','available','2026-06-03 04:30:05','2026-06-03 04:30:05'),(263,10,'Senin','14:30-16:00','available','2026-06-03 04:30:05','2026-06-03 04:30:05'),(264,10,'Senin','16:00-17:30','occupied','2026-06-03 04:30:05','2026-06-03 04:30:05'),(265,10,'Selasa','09:00-10:30','available','2026-06-03 04:30:05','2026-06-03 04:30:05'),(266,10,'Selasa','10:30-12:00','available','2026-06-03 04:30:05','2026-06-03 04:30:05'),(267,10,'Selasa','13:00-14:30','available','2026-06-03 04:30:05','2026-06-03 04:30:05'),(268,10,'Selasa','14:30-16:00','occupied','2026-06-03 04:30:05','2026-06-03 04:30:05'),(269,10,'Rabu','09:00-10:30','available','2026-06-03 04:30:05','2026-06-03 04:30:05'),(270,10,'Rabu','10:30-12:00','available','2026-06-03 04:30:05','2026-06-03 04:30:05'),(271,10,'Rabu','13:00-14:30','available','2026-06-03 04:30:05','2026-06-03 04:30:05'),(272,10,'Rabu','14:30-16:00','available','2026-06-03 04:30:05','2026-06-03 04:30:05'),(273,10,'Kamis','09:00-10:30','available','2026-06-03 04:30:05','2026-06-03 04:30:05'),(274,10,'Kamis','10:30-12:00','occupied','2026-06-03 04:30:05','2026-06-03 04:30:05'),(275,10,'Kamis','13:00-14:30','available','2026-06-03 04:30:05','2026-06-03 04:30:05'),(276,10,'Kamis','14:30-16:00','available','2026-06-03 04:30:05','2026-06-03 04:30:05'),(277,10,'Jumat','09:00-10:30','available','2026-06-03 04:30:05','2026-06-03 04:30:05'),(278,10,'Jumat','10:30-12:00','available','2026-06-03 04:30:05','2026-06-03 04:30:05'),(279,10,'Jumat','13:00-14:30','available','2026-06-03 04:30:05','2026-06-03 04:30:05'),(280,10,'Jumat','14:30-16:00','available','2026-06-03 04:30:05','2026-06-03 04:30:05'),(281,10,'Jumat','16:00-17:30','available','2026-06-03 04:30:05','2026-06-03 04:30:05'),(282,10,'Jumat','18:30-20:00','available','2026-06-03 04:30:05','2026-06-03 04:30:05'),(283,10,'Sabtu','09:00-10:30','available','2026-06-03 04:30:05','2026-06-03 04:30:05'),(284,10,'Sabtu','10:30-12:00','available','2026-06-03 04:30:05','2026-06-03 04:30:05'),(285,10,'Sabtu','13:00-14:30','available','2026-06-03 04:30:05','2026-06-03 04:30:05'),(286,10,'Sabtu','14:30-16:00','available','2026-06-03 04:30:05','2026-06-03 04:30:05'),(287,11,'Senin','09:00-10:30','available','2026-06-03 04:30:05','2026-06-03 04:30:05'),(288,11,'Senin','10:30-12:00','available','2026-06-03 04:30:05','2026-06-03 04:30:05'),(289,11,'Senin','13:00-14:30','available','2026-06-03 04:30:05','2026-06-03 04:30:05'),(290,11,'Senin','14:30-16:00','available','2026-06-03 04:30:05','2026-06-03 04:30:05'),(291,11,'Senin','16:00-17:30','available','2026-06-03 04:30:05','2026-06-03 04:30:05'),(292,11,'Senin','18:30-20:00','available','2026-06-03 04:30:05','2026-06-03 04:30:05'),(293,11,'Selasa','09:00-10:30','available','2026-06-03 04:30:05','2026-06-03 04:30:05'),(294,11,'Selasa','10:30-12:00','occupied','2026-06-03 04:30:05','2026-06-03 04:30:05'),(295,11,'Selasa','13:00-14:30','available','2026-06-03 04:30:05','2026-06-03 04:30:05'),(296,11,'Selasa','14:30-16:00','available','2026-06-03 04:30:05','2026-06-03 04:30:05'),(297,11,'Selasa','16:00-17:30','available','2026-06-03 04:30:05','2026-06-03 04:30:05'),(298,11,'Selasa','18:30-20:00','available','2026-06-03 04:30:05','2026-06-03 04:30:05'),(299,11,'Rabu','09:00-10:30','available','2026-06-03 04:30:05','2026-06-03 04:30:05'),(300,11,'Rabu','10:30-12:00','available','2026-06-03 04:30:05','2026-06-03 04:30:05'),(301,11,'Rabu','13:00-14:30','available','2026-06-03 04:30:05','2026-06-03 04:30:05'),(302,11,'Rabu','14:30-16:00','available','2026-06-03 04:30:05','2026-06-03 04:30:05'),(303,11,'Rabu','16:00-17:30','available','2026-06-03 04:30:05','2026-06-03 04:30:05'),(304,11,'Kamis','09:00-10:30','occupied','2026-06-03 04:30:05','2026-06-03 04:30:05'),(305,11,'Kamis','10:30-12:00','available','2026-06-03 04:30:05','2026-06-03 04:30:05'),(306,11,'Kamis','13:00-14:30','available','2026-06-03 04:30:05','2026-06-03 04:30:05'),(307,11,'Kamis','14:30-16:00','available','2026-06-03 04:30:05','2026-06-03 04:30:05'),(308,11,'Jumat','09:00-10:30','available','2026-06-03 04:30:05','2026-06-03 04:30:05'),(309,11,'Jumat','10:30-12:00','available','2026-06-03 04:30:05','2026-06-03 04:30:05'),(310,11,'Jumat','13:00-14:30','available','2026-06-03 04:30:05','2026-06-03 04:30:05'),(311,11,'Jumat','14:30-16:00','available','2026-06-03 04:30:05','2026-06-03 04:30:05'),(312,11,'Sabtu','09:00-10:30','available','2026-06-03 04:30:05','2026-06-03 04:30:05'),(313,11,'Sabtu','10:30-12:00','available','2026-06-03 04:30:05','2026-06-03 04:30:05'),(314,11,'Sabtu','13:00-14:30','available','2026-06-03 04:30:05','2026-06-03 04:30:05'),(315,11,'Sabtu','14:30-16:00','available','2026-06-03 04:30:05','2026-06-03 04:30:05'),(316,12,'Senin','09:00-10:30','available','2026-06-03 04:30:05','2026-06-03 04:30:05'),(317,12,'Senin','10:30-12:00','available','2026-06-03 04:30:05','2026-06-03 04:30:05'),(318,12,'Senin','13:00-14:30','available','2026-06-03 04:30:05','2026-06-03 04:30:05'),(319,12,'Senin','14:30-16:00','available','2026-06-03 04:30:05','2026-06-03 04:30:05'),(320,12,'Senin','16:00-17:30','available','2026-06-03 04:30:05','2026-06-03 04:30:05'),(321,12,'Selasa','09:00-10:30','available','2026-06-03 04:30:05','2026-06-03 04:30:05'),(322,12,'Selasa','10:30-12:00','available','2026-06-03 04:30:05','2026-06-03 04:30:05'),(323,12,'Selasa','13:00-14:30','available','2026-06-03 04:30:05','2026-06-03 04:30:05'),(324,12,'Selasa','14:30-16:00','available','2026-06-03 04:30:05','2026-06-03 04:30:05'),(325,12,'Selasa','16:00-17:30','available','2026-06-03 04:30:05','2026-06-03 04:30:05'),(326,12,'Rabu','09:00-10:30','available','2026-06-03 04:30:05','2026-06-03 04:30:05'),(327,12,'Rabu','10:30-12:00','available','2026-06-03 04:30:05','2026-06-03 04:30:05'),(328,12,'Rabu','13:00-14:30','available','2026-06-03 04:30:05','2026-06-03 04:30:05'),(329,12,'Rabu','14:30-16:00','available','2026-06-03 04:30:05','2026-06-03 04:30:05'),(330,12,'Kamis','09:00-10:30','available','2026-06-03 04:30:05','2026-06-03 04:30:05'),(331,12,'Kamis','10:30-12:00','available','2026-06-03 04:30:05','2026-06-03 04:30:05'),(332,12,'Kamis','13:00-14:30','available','2026-06-03 04:30:05','2026-06-03 04:30:05'),(333,12,'Kamis','14:30-16:00','available','2026-06-03 04:30:05','2026-06-03 04:30:05'),(334,12,'Kamis','16:00-17:30','occupied','2026-06-03 04:30:05','2026-06-03 04:30:05'),(335,12,'Kamis','18:30-20:00','available','2026-06-03 04:30:05','2026-06-03 04:30:05'),(336,12,'Jumat','09:00-10:30','available','2026-06-03 04:30:05','2026-06-03 04:30:05'),(337,12,'Jumat','10:30-12:00','available','2026-06-03 04:30:05','2026-06-03 04:30:05'),(338,12,'Jumat','13:00-14:30','available','2026-06-03 04:30:05','2026-06-03 04:30:05'),(339,12,'Jumat','14:30-16:00','available','2026-06-03 04:30:05','2026-06-03 04:30:05'),(340,12,'Jumat','16:00-17:30','available','2026-06-03 04:30:05','2026-06-03 04:30:05'),(341,12,'Sabtu','09:00-10:30','occupied','2026-06-03 04:30:05','2026-06-03 04:30:05'),(342,12,'Sabtu','10:30-12:00','available','2026-06-03 04:30:05','2026-06-03 04:30:05'),(343,12,'Sabtu','13:00-14:30','available','2026-06-03 04:30:05','2026-06-03 04:30:05'),(344,12,'Sabtu','14:30-16:00','available','2026-06-03 04:30:05','2026-06-03 04:30:05'),(345,13,'Senin','09:00-10:30','available','2026-06-03 04:30:05','2026-06-03 04:30:05'),(346,13,'Senin','10:30-12:00','available','2026-06-03 04:30:05','2026-06-03 04:30:05'),(347,13,'Senin','13:00-14:30','available','2026-06-03 04:30:05','2026-06-03 04:30:05'),(348,13,'Senin','14:30-16:00','available','2026-06-03 04:30:05','2026-06-03 04:30:05'),(349,13,'Senin','16:00-17:30','available','2026-06-03 04:30:05','2026-06-03 04:30:05'),(350,13,'Senin','18:30-20:00','available','2026-06-03 04:30:05','2026-06-03 04:30:05'),(351,13,'Selasa','09:00-10:30','available','2026-06-03 04:30:05','2026-06-03 04:30:05'),(352,13,'Selasa','10:30-12:00','available','2026-06-03 04:30:05','2026-06-03 04:30:05'),(353,13,'Selasa','13:00-14:30','available','2026-06-03 04:30:05','2026-06-03 04:30:05'),(354,13,'Selasa','14:30-16:00','available','2026-06-03 04:30:05','2026-06-03 04:30:05'),(355,13,'Rabu','09:00-10:30','available','2026-06-03 04:30:05','2026-06-03 04:30:05'),(356,13,'Rabu','10:30-12:00','available','2026-06-03 04:30:05','2026-06-03 04:30:05'),(357,13,'Rabu','13:00-14:30','available','2026-06-03 04:30:05','2026-06-03 04:30:05'),(358,13,'Rabu','14:30-16:00','available','2026-06-03 04:30:05','2026-06-03 04:30:05'),(359,13,'Kamis','09:00-10:30','available','2026-06-03 04:30:05','2026-06-03 04:30:05'),(360,13,'Kamis','10:30-12:00','available','2026-06-03 04:30:05','2026-06-03 04:30:05'),(361,13,'Kamis','13:00-14:30','available','2026-06-03 04:30:05','2026-06-03 04:30:05'),(362,13,'Kamis','14:30-16:00','available','2026-06-03 04:30:05','2026-06-03 04:30:05'),(363,13,'Kamis','16:00-17:30','available','2026-06-03 04:30:05','2026-06-03 04:30:05'),(364,13,'Jumat','09:00-10:30','available','2026-06-03 04:30:05','2026-06-03 04:30:05'),(365,13,'Jumat','10:30-12:00','available','2026-06-03 04:30:05','2026-06-03 04:30:05'),(366,13,'Jumat','13:00-14:30','available','2026-06-03 04:30:05','2026-06-03 04:30:05'),(367,13,'Jumat','14:30-16:00','available','2026-06-03 04:30:05','2026-06-03 04:30:05'),(368,13,'Jumat','16:00-17:30','available','2026-06-03 04:30:05','2026-06-03 04:30:05'),(369,13,'Jumat','18:30-20:00','available','2026-06-03 04:30:05','2026-06-03 04:30:05'),(370,13,'Sabtu','09:00-10:30','available','2026-06-03 04:30:05','2026-06-03 04:30:05'),(371,13,'Sabtu','10:30-12:00','available','2026-06-03 04:30:05','2026-06-03 04:30:05'),(372,13,'Sabtu','13:00-14:30','occupied','2026-06-03 04:30:05','2026-06-03 04:30:05'),(373,13,'Sabtu','14:30-16:00','available','2026-06-03 04:30:05','2026-06-03 04:30:05'),(374,14,'Senin','09:00-10:30','available','2026-06-03 04:30:05','2026-06-03 04:30:05'),(375,14,'Senin','10:30-12:00','available','2026-06-03 04:30:05','2026-06-03 04:30:05'),(376,14,'Senin','13:00-14:30','available','2026-06-03 04:30:05','2026-06-03 04:30:05'),(377,14,'Senin','14:30-16:00','available','2026-06-03 04:30:05','2026-06-03 04:30:05'),(378,14,'Senin','16:00-17:30','available','2026-06-03 04:30:05','2026-06-03 04:30:05'),(379,14,'Senin','18:30-20:00','available','2026-06-03 04:30:05','2026-06-03 04:30:05'),(380,14,'Selasa','09:00-10:30','available','2026-06-03 04:30:05','2026-06-03 04:30:05'),(381,14,'Selasa','10:30-12:00','available','2026-06-03 04:30:05','2026-06-03 04:30:05'),(382,14,'Selasa','13:00-14:30','available','2026-06-03 04:30:05','2026-06-03 04:30:05'),(383,14,'Selasa','14:30-16:00','available','2026-06-03 04:30:05','2026-06-03 04:30:05'),(384,14,'Selasa','16:00-17:30','available','2026-06-03 04:30:05','2026-06-03 04:30:05'),(385,14,'Rabu','09:00-10:30','available','2026-06-03 04:30:05','2026-06-03 04:30:05'),(386,14,'Rabu','10:30-12:00','available','2026-06-03 04:30:05','2026-06-03 04:30:05'),(387,14,'Rabu','13:00-14:30','available','2026-06-03 04:30:05','2026-06-03 04:30:05'),(388,14,'Rabu','14:30-16:00','available','2026-06-03 04:30:05','2026-06-03 04:30:05'),(389,14,'Rabu','16:00-17:30','available','2026-06-03 04:30:05','2026-06-03 04:30:05'),(390,14,'Kamis','09:00-10:30','available','2026-06-03 04:30:05','2026-06-03 04:30:05'),(391,14,'Kamis','10:30-12:00','available','2026-06-03 04:30:05','2026-06-03 04:30:05'),(392,14,'Kamis','13:00-14:30','available','2026-06-03 04:30:05','2026-06-03 04:30:05'),(393,14,'Kamis','14:30-16:00','available','2026-06-03 04:30:05','2026-06-03 04:30:05'),(394,14,'Kamis','16:00-17:30','available','2026-06-03 04:30:05','2026-06-03 04:30:05'),(395,14,'Kamis','18:30-20:00','available','2026-06-03 04:30:05','2026-06-03 04:30:05'),(396,14,'Jumat','09:00-10:30','available','2026-06-03 04:30:05','2026-06-03 04:30:05'),(397,14,'Jumat','10:30-12:00','available','2026-06-03 04:30:05','2026-06-03 04:30:05'),(398,14,'Jumat','13:00-14:30','occupied','2026-06-03 04:30:05','2026-06-03 04:30:05'),(399,14,'Jumat','14:30-16:00','available','2026-06-03 04:30:05','2026-06-03 04:30:05'),(400,14,'Sabtu','09:00-10:30','available','2026-06-03 04:30:05','2026-06-03 04:30:05'),(401,14,'Sabtu','10:30-12:00','available','2026-06-03 04:30:05','2026-06-03 04:30:05'),(402,14,'Sabtu','13:00-14:30','available','2026-06-03 04:30:05','2026-06-03 04:30:05'),(403,14,'Sabtu','14:30-16:00','available','2026-06-03 04:30:05','2026-06-03 04:30:05'),(404,15,'Senin','09:00-10:30','available','2026-06-03 04:30:05','2026-06-03 04:30:05'),(405,15,'Senin','10:30-12:00','available','2026-06-03 04:30:05','2026-06-03 04:30:05'),(406,15,'Senin','13:00-14:30','available','2026-06-03 04:30:05','2026-06-03 04:30:05'),(407,15,'Senin','14:30-16:00','available','2026-06-03 04:30:05','2026-06-03 04:30:05'),(408,15,'Senin','16:00-17:30','available','2026-06-03 04:30:05','2026-06-03 04:30:05'),(409,15,'Senin','18:30-20:00','available','2026-06-03 04:30:05','2026-06-03 04:30:05'),(410,15,'Selasa','09:00-10:30','available','2026-06-03 04:30:05','2026-06-03 04:30:05'),(411,15,'Selasa','10:30-12:00','available','2026-06-03 04:30:05','2026-06-03 04:30:05'),(412,15,'Selasa','13:00-14:30','available','2026-06-03 04:30:05','2026-06-03 04:30:05'),(413,15,'Selasa','14:30-16:00','available','2026-06-03 04:30:05','2026-06-03 04:30:05'),(414,15,'Selasa','16:00-17:30','available','2026-06-03 04:30:05','2026-06-03 04:30:05'),(415,15,'Rabu','09:00-10:30','available','2026-06-03 04:30:05','2026-06-03 04:30:05'),(416,15,'Rabu','10:30-12:00','available','2026-06-03 04:30:05','2026-06-03 04:30:05'),(417,15,'Rabu','13:00-14:30','available','2026-06-03 04:30:05','2026-06-03 04:30:05'),(418,15,'Rabu','14:30-16:00','available','2026-06-03 04:30:05','2026-06-03 04:30:05'),(419,15,'Rabu','16:00-17:30','available','2026-06-03 04:30:05','2026-06-03 04:30:05'),(420,15,'Rabu','18:30-20:00','available','2026-06-03 04:30:05','2026-06-03 04:30:05'),(421,15,'Kamis','09:00-10:30','available','2026-06-03 04:30:05','2026-06-03 04:30:05'),(422,15,'Kamis','10:30-12:00','available','2026-06-03 04:30:05','2026-06-03 04:30:05'),(423,15,'Kamis','13:00-14:30','available','2026-06-03 04:30:05','2026-06-03 04:30:05'),(424,15,'Kamis','14:30-16:00','available','2026-06-03 04:30:05','2026-06-03 04:30:05'),(425,15,'Kamis','16:00-17:30','available','2026-06-03 04:30:05','2026-06-03 04:30:05'),(426,15,'Kamis','18:30-20:00','available','2026-06-03 04:30:05','2026-06-03 04:30:05'),(427,15,'Jumat','09:00-10:30','available','2026-06-03 04:30:05','2026-06-03 04:30:05'),(428,15,'Jumat','10:30-12:00','available','2026-06-03 04:30:05','2026-06-03 04:30:05'),(429,15,'Jumat','13:00-14:30','available','2026-06-03 04:30:05','2026-06-03 04:30:05'),(430,15,'Jumat','14:30-16:00','available','2026-06-03 04:30:05','2026-06-03 04:30:05'),(431,15,'Jumat','16:00-17:30','available','2026-06-03 04:30:05','2026-06-03 04:30:05'),(432,15,'Sabtu','09:00-10:30','occupied','2026-06-03 04:30:05','2026-06-03 04:30:05'),(433,15,'Sabtu','10:30-12:00','available','2026-06-03 04:30:05','2026-06-03 04:30:05'),(434,15,'Sabtu','13:00-14:30','available','2026-06-03 04:30:05','2026-06-03 04:30:05'),(435,15,'Sabtu','14:30-16:00','available','2026-06-03 04:30:05','2026-06-03 04:30:05'),(436,16,'Senin','09:00-10:30','available','2026-06-03 04:30:05','2026-06-03 04:30:05'),(437,16,'Senin','10:30-12:00','available','2026-06-03 04:30:05','2026-06-03 04:30:05'),(438,16,'Senin','13:00-14:30','available','2026-06-03 04:30:05','2026-06-03 04:30:05'),(439,16,'Senin','14:30-16:00','available','2026-06-03 04:30:05','2026-06-03 04:30:05'),(440,16,'Selasa','09:00-10:30','available','2026-06-03 04:30:05','2026-06-03 04:30:05'),(441,16,'Selasa','10:30-12:00','available','2026-06-03 04:30:05','2026-06-03 04:30:05'),(442,16,'Selasa','13:00-14:30','available','2026-06-03 04:30:05','2026-06-03 04:30:05'),(443,16,'Selasa','14:30-16:00','available','2026-06-03 04:30:05','2026-06-03 04:30:05'),(444,16,'Rabu','09:00-10:30','available','2026-06-03 04:30:05','2026-06-03 04:30:05'),(445,16,'Rabu','10:30-12:00','available','2026-06-03 04:30:05','2026-06-03 04:30:05'),(446,16,'Rabu','13:00-14:30','available','2026-06-03 04:30:05','2026-06-03 04:30:05'),(447,16,'Rabu','14:30-16:00','available','2026-06-03 04:30:05','2026-06-03 04:30:05'),(448,16,'Rabu','16:00-17:30','available','2026-06-03 04:30:05','2026-06-03 04:30:05'),(449,16,'Rabu','18:30-20:00','available','2026-06-03 04:30:05','2026-06-03 04:30:05'),(450,16,'Kamis','09:00-10:30','available','2026-06-03 04:30:05','2026-06-03 04:30:05'),(451,16,'Kamis','10:30-12:00','available','2026-06-03 04:30:05','2026-06-03 04:30:05'),(452,16,'Kamis','13:00-14:30','available','2026-06-03 04:30:05','2026-06-03 04:30:05'),(453,16,'Kamis','14:30-16:00','available','2026-06-03 04:30:05','2026-06-03 04:30:05'),(454,16,'Kamis','16:00-17:30','available','2026-06-03 04:30:05','2026-06-03 04:30:05'),(455,16,'Jumat','09:00-10:30','available','2026-06-03 04:30:05','2026-06-03 04:30:05'),(456,16,'Jumat','10:30-12:00','available','2026-06-03 04:30:05','2026-06-03 04:30:05'),(457,16,'Jumat','13:00-14:30','available','2026-06-03 04:30:05','2026-06-03 04:30:05'),(458,16,'Jumat','14:30-16:00','available','2026-06-03 04:30:05','2026-06-03 04:30:05'),(459,16,'Jumat','16:00-17:30','available','2026-06-03 04:30:05','2026-06-03 04:30:05'),(460,16,'Jumat','18:30-20:00','available','2026-06-03 04:30:05','2026-06-03 04:30:05'),(461,16,'Sabtu','09:00-10:30','available','2026-06-03 04:30:05','2026-06-03 04:30:05'),(462,16,'Sabtu','10:30-12:00','available','2026-06-03 04:30:05','2026-06-03 04:30:05'),(463,16,'Sabtu','13:00-14:30','available','2026-06-03 04:30:05','2026-06-03 04:30:05'),(464,16,'Sabtu','14:30-16:00','available','2026-06-03 04:30:05','2026-06-03 04:30:05'),(465,17,'Senin','09:00-10:30','available','2026-06-03 04:30:05','2026-06-03 04:30:05'),(466,17,'Senin','10:30-12:00','available','2026-06-03 04:30:05','2026-06-03 04:30:05'),(467,17,'Senin','13:00-14:30','available','2026-06-03 04:30:05','2026-06-03 04:30:05'),(468,17,'Senin','14:30-16:00','available','2026-06-03 04:30:05','2026-06-03 04:30:05'),(469,17,'Selasa','09:00-10:30','occupied','2026-06-03 04:30:05','2026-06-03 04:30:05'),(470,17,'Selasa','10:30-12:00','available','2026-06-03 04:30:05','2026-06-03 04:30:05'),(471,17,'Selasa','13:00-14:30','available','2026-06-03 04:30:05','2026-06-03 04:30:05'),(472,17,'Selasa','14:30-16:00','available','2026-06-03 04:30:05','2026-06-03 04:30:05'),(473,17,'Selasa','16:00-17:30','available','2026-06-03 04:30:05','2026-06-03 04:30:05'),(474,17,'Rabu','09:00-10:30','available','2026-06-03 04:30:05','2026-06-03 04:30:05'),(475,17,'Rabu','10:30-12:00','available','2026-06-03 04:30:05','2026-06-03 04:30:05'),(476,17,'Rabu','13:00-14:30','available','2026-06-03 04:30:05','2026-06-03 04:30:05'),(477,17,'Rabu','14:30-16:00','available','2026-06-03 04:30:05','2026-06-03 04:30:05'),(478,17,'Rabu','16:00-17:30','available','2026-06-03 04:30:05','2026-06-03 04:30:05'),(479,17,'Rabu','18:30-20:00','available','2026-06-03 04:30:05','2026-06-03 04:30:05'),(480,17,'Kamis','09:00-10:30','available','2026-06-03 04:30:05','2026-06-03 04:30:05'),(481,17,'Kamis','10:30-12:00','available','2026-06-03 04:30:05','2026-06-03 04:30:05'),(482,17,'Kamis','13:00-14:30','available','2026-06-03 04:30:05','2026-06-03 04:30:05'),(483,17,'Kamis','14:30-16:00','available','2026-06-03 04:30:05','2026-06-03 04:30:05'),(484,17,'Kamis','16:00-17:30','available','2026-06-03 04:30:05','2026-06-03 04:30:05'),(485,17,'Kamis','18:30-20:00','available','2026-06-03 04:30:05','2026-06-03 04:30:05'),(486,17,'Jumat','09:00-10:30','available','2026-06-03 04:30:05','2026-06-03 04:30:05'),(487,17,'Jumat','10:30-12:00','occupied','2026-06-03 04:30:05','2026-06-03 04:30:05'),(488,17,'Jumat','13:00-14:30','available','2026-06-03 04:30:05','2026-06-03 04:30:05'),(489,17,'Jumat','14:30-16:00','available','2026-06-03 04:30:05','2026-06-03 04:30:05'),(490,17,'Jumat','16:00-17:30','available','2026-06-03 04:30:05','2026-06-03 04:30:05'),(491,17,'Sabtu','09:00-10:30','available','2026-06-03 04:30:05','2026-06-03 04:30:05'),(492,17,'Sabtu','10:30-12:00','available','2026-06-03 04:30:05','2026-06-03 04:30:05'),(493,17,'Sabtu','13:00-14:30','available','2026-06-03 04:30:05','2026-06-03 04:30:05'),(494,17,'Sabtu','14:30-16:00','available','2026-06-03 04:30:05','2026-06-03 04:30:05'),(495,18,'Senin','09:00-10:30','available','2026-06-03 04:30:05','2026-06-03 04:30:05'),(496,18,'Senin','10:30-12:00','available','2026-06-03 04:30:05','2026-06-03 04:30:05'),(497,18,'Senin','13:00-14:30','available','2026-06-03 04:30:05','2026-06-03 04:30:05'),(498,18,'Senin','14:30-16:00','available','2026-06-03 04:30:05','2026-06-03 04:30:05'),(499,18,'Senin','16:00-17:30','available','2026-06-03 04:30:05','2026-06-03 04:30:05'),(500,18,'Senin','18:30-20:00','available','2026-06-03 04:30:05','2026-06-03 04:30:05'),(501,18,'Selasa','09:00-10:30','available','2026-06-03 04:30:05','2026-06-03 04:30:05'),(502,18,'Selasa','10:30-12:00','available','2026-06-03 04:30:05','2026-06-03 04:30:05'),(503,18,'Selasa','13:00-14:30','available','2026-06-03 04:30:05','2026-06-03 04:30:05'),(504,18,'Selasa','14:30-16:00','available','2026-06-03 04:30:05','2026-06-03 04:30:05'),(505,18,'Rabu','09:00-10:30','available','2026-06-03 04:30:05','2026-06-03 04:30:05'),(506,18,'Rabu','10:30-12:00','available','2026-06-03 04:30:05','2026-06-03 04:30:05'),(507,18,'Rabu','13:00-14:30','available','2026-06-03 04:30:05','2026-06-03 04:30:05'),(508,18,'Rabu','14:30-16:00','available','2026-06-03 04:30:05','2026-06-03 04:30:05'),(509,18,'Rabu','16:00-17:30','available','2026-06-03 04:30:05','2026-06-03 04:30:05'),(510,18,'Rabu','18:30-20:00','available','2026-06-03 04:30:05','2026-06-03 04:30:05'),(511,18,'Kamis','09:00-10:30','available','2026-06-03 04:30:05','2026-06-03 04:30:05'),(512,18,'Kamis','10:30-12:00','available','2026-06-03 04:30:05','2026-06-03 04:30:05'),(513,18,'Kamis','13:00-14:30','available','2026-06-03 04:30:05','2026-06-03 04:30:05'),(514,18,'Kamis','14:30-16:00','available','2026-06-03 04:30:05','2026-06-03 04:30:05'),(515,18,'Kamis','16:00-17:30','available','2026-06-03 04:30:05','2026-06-03 04:30:05'),(516,18,'Kamis','18:30-20:00','available','2026-06-03 04:30:05','2026-06-03 04:30:05'),(517,18,'Jumat','09:00-10:30','available','2026-06-03 04:30:05','2026-06-03 04:30:05'),(518,18,'Jumat','10:30-12:00','available','2026-06-03 04:30:05','2026-06-03 04:30:05'),(519,18,'Jumat','13:00-14:30','available','2026-06-03 04:30:05','2026-06-03 04:30:05'),(520,18,'Jumat','14:30-16:00','available','2026-06-03 04:30:05','2026-06-03 04:30:05'),(521,18,'Jumat','16:00-17:30','available','2026-06-03 04:30:05','2026-06-03 04:30:05'),(522,18,'Jumat','18:30-20:00','available','2026-06-03 04:30:05','2026-06-03 04:30:05'),(523,18,'Sabtu','09:00-10:30','available','2026-06-03 04:30:05','2026-06-03 04:30:05'),(524,18,'Sabtu','10:30-12:00','available','2026-06-03 04:30:05','2026-06-03 04:30:05'),(525,18,'Sabtu','13:00-14:30','occupied','2026-06-03 04:30:05','2026-06-03 04:30:05'),(526,18,'Sabtu','14:30-16:00','available','2026-06-03 04:30:05','2026-06-03 04:30:05'),(527,19,'Senin','09:00-10:30','available','2026-06-03 04:30:05','2026-06-03 04:30:05'),(528,19,'Senin','10:30-12:00','available','2026-06-03 04:30:05','2026-06-03 04:30:05'),(529,19,'Senin','13:00-14:30','available','2026-06-03 04:30:05','2026-06-03 04:30:05'),(530,19,'Senin','14:30-16:00','available','2026-06-03 04:30:05','2026-06-03 04:30:05'),(531,19,'Senin','16:00-17:30','available','2026-06-03 04:30:05','2026-06-03 04:30:05'),(532,19,'Selasa','09:00-10:30','available','2026-06-03 04:30:05','2026-06-03 04:30:05'),(533,19,'Selasa','10:30-12:00','available','2026-06-03 04:30:05','2026-06-03 04:30:05'),(534,19,'Selasa','13:00-14:30','available','2026-06-03 04:30:05','2026-06-03 04:30:05'),(535,19,'Selasa','14:30-16:00','available','2026-06-03 04:30:05','2026-06-03 04:30:05'),(536,19,'Selasa','16:00-17:30','available','2026-06-03 04:30:05','2026-06-03 04:30:05'),(537,19,'Rabu','09:00-10:30','available','2026-06-03 04:30:05','2026-06-03 04:30:05'),(538,19,'Rabu','10:30-12:00','available','2026-06-03 04:30:05','2026-06-03 04:30:05'),(539,19,'Rabu','13:00-14:30','available','2026-06-03 04:30:05','2026-06-03 04:30:05'),(540,19,'Rabu','14:30-16:00','available','2026-06-03 04:30:05','2026-06-03 04:30:05'),(541,19,'Rabu','16:00-17:30','available','2026-06-03 04:30:05','2026-06-03 04:30:05'),(542,19,'Rabu','18:30-20:00','available','2026-06-03 04:30:05','2026-06-03 04:30:05'),(543,19,'Kamis','09:00-10:30','available','2026-06-03 04:30:05','2026-06-03 04:30:05'),(544,19,'Kamis','10:30-12:00','available','2026-06-03 04:30:05','2026-06-03 04:30:05'),(545,19,'Kamis','13:00-14:30','available','2026-06-03 04:30:05','2026-06-03 04:30:05'),(546,19,'Kamis','14:30-16:00','available','2026-06-03 04:30:05','2026-06-03 04:30:05'),(547,19,'Jumat','09:00-10:30','available','2026-06-03 04:30:05','2026-06-03 04:30:05'),(548,19,'Jumat','10:30-12:00','available','2026-06-03 04:30:05','2026-06-03 04:30:05'),(549,19,'Jumat','13:00-14:30','available','2026-06-03 04:30:05','2026-06-03 04:30:05'),(550,19,'Jumat','14:30-16:00','available','2026-06-03 04:30:05','2026-06-03 04:30:05'),(551,19,'Sabtu','09:00-10:30','available','2026-06-03 04:30:05','2026-06-03 04:30:05'),(552,19,'Sabtu','10:30-12:00','available','2026-06-03 04:30:05','2026-06-03 04:30:05'),(553,19,'Sabtu','13:00-14:30','available','2026-06-03 04:30:05','2026-06-03 04:30:05'),(554,19,'Sabtu','14:30-16:00','available','2026-06-03 04:30:05','2026-06-03 04:30:05'),(555,20,'Senin','09:00-10:30','available','2026-06-03 04:30:05','2026-06-03 04:30:05'),(556,20,'Senin','10:30-12:00','available','2026-06-03 04:30:05','2026-06-03 04:30:05'),(557,20,'Senin','13:00-14:30','available','2026-06-03 04:30:05','2026-06-03 04:30:05'),(558,20,'Senin','14:30-16:00','available','2026-06-03 04:30:05','2026-06-03 04:30:05'),(559,20,'Selasa','09:00-10:30','available','2026-06-03 04:30:05','2026-06-03 04:30:05'),(560,20,'Selasa','10:30-12:00','available','2026-06-03 04:30:05','2026-06-03 04:30:05'),(561,20,'Selasa','13:00-14:30','available','2026-06-03 04:30:05','2026-06-03 04:30:05'),(562,20,'Selasa','14:30-16:00','available','2026-06-03 04:30:05','2026-06-03 04:30:05'),(563,20,'Rabu','09:00-10:30','available','2026-06-03 04:30:05','2026-06-03 04:30:05'),(564,20,'Rabu','10:30-12:00','available','2026-06-03 04:30:05','2026-06-03 04:30:05'),(565,20,'Rabu','13:00-14:30','available','2026-06-03 04:30:05','2026-06-03 04:30:05'),(566,20,'Rabu','14:30-16:00','available','2026-06-03 04:30:05','2026-06-03 04:30:05'),(567,20,'Rabu','16:00-17:30','available','2026-06-03 04:30:05','2026-06-03 04:30:05'),(568,20,'Kamis','09:00-10:30','available','2026-06-03 04:30:05','2026-06-03 04:30:05'),(569,20,'Kamis','10:30-12:00','available','2026-06-03 04:30:05','2026-06-03 04:30:05'),(570,20,'Kamis','13:00-14:30','available','2026-06-03 04:30:05','2026-06-03 04:30:05'),(571,20,'Kamis','14:30-16:00','available','2026-06-03 04:30:05','2026-06-03 04:30:05'),(572,20,'Kamis','16:00-17:30','available','2026-06-03 04:30:05','2026-06-03 04:30:05'),(573,20,'Jumat','09:00-10:30','available','2026-06-03 04:30:05','2026-06-03 04:30:05'),(574,20,'Jumat','10:30-12:00','available','2026-06-03 04:30:05','2026-06-03 04:30:05'),(575,20,'Jumat','13:00-14:30','available','2026-06-03 04:30:05','2026-06-03 04:30:05'),(576,20,'Jumat','14:30-16:00','occupied','2026-06-03 04:30:05','2026-06-03 04:30:05'),(577,20,'Jumat','16:00-17:30','available','2026-06-03 04:30:05','2026-06-03 04:30:05'),(578,20,'Sabtu','09:00-10:30','available','2026-06-03 04:30:05','2026-06-03 04:30:05'),(579,20,'Sabtu','10:30-12:00','available','2026-06-03 04:30:05','2026-06-03 04:30:05'),(580,20,'Sabtu','13:00-14:30','occupied','2026-06-03 04:30:05','2026-06-03 04:30:05'),(581,20,'Sabtu','14:30-16:00','available','2026-06-03 04:30:05','2026-06-03 04:30:05'),(582,21,'Senin','09:00-10:30','available','2026-06-03 04:30:05','2026-06-03 04:30:05'),(583,21,'Senin','10:30-12:00','available','2026-06-03 04:30:05','2026-06-03 04:30:05'),(584,21,'Senin','13:00-14:30','available','2026-06-03 04:30:05','2026-06-03 04:30:05'),(585,21,'Senin','14:30-16:00','available','2026-06-03 04:30:05','2026-06-03 04:30:05'),(586,21,'Senin','16:00-17:30','available','2026-06-03 04:30:05','2026-06-03 04:30:05'),(587,21,'Selasa','09:00-10:30','available','2026-06-03 04:30:05','2026-06-03 04:30:05'),(588,21,'Selasa','10:30-12:00','available','2026-06-03 04:30:05','2026-06-03 04:30:05'),(589,21,'Selasa','13:00-14:30','available','2026-06-03 04:30:05','2026-06-03 04:30:05'),(590,21,'Selasa','14:30-16:00','available','2026-06-03 04:30:05','2026-06-03 04:30:05'),(591,21,'Rabu','09:00-10:30','available','2026-06-03 04:30:05','2026-06-03 04:30:05'),(592,21,'Rabu','10:30-12:00','available','2026-06-03 04:30:05','2026-06-03 04:30:05'),(593,21,'Rabu','13:00-14:30','available','2026-06-03 04:30:05','2026-06-03 04:30:05'),(594,21,'Rabu','14:30-16:00','available','2026-06-03 04:30:05','2026-06-03 04:30:05'),(595,21,'Rabu','16:00-17:30','available','2026-06-03 04:30:05','2026-06-03 04:30:05'),(596,21,'Rabu','18:30-20:00','available','2026-06-03 04:30:05','2026-06-03 04:30:05'),(597,21,'Kamis','09:00-10:30','available','2026-06-03 04:30:05','2026-06-03 04:30:05'),(598,21,'Kamis','10:30-12:00','available','2026-06-03 04:30:05','2026-06-03 04:30:05'),(599,21,'Kamis','13:00-14:30','available','2026-06-03 04:30:05','2026-06-03 04:30:05'),(600,21,'Kamis','14:30-16:00','occupied','2026-06-03 04:30:05','2026-06-03 04:30:05'),(601,21,'Jumat','09:00-10:30','available','2026-06-03 04:30:05','2026-06-03 04:30:05'),(602,21,'Jumat','10:30-12:00','available','2026-06-03 04:30:05','2026-06-03 04:30:05'),(603,21,'Jumat','13:00-14:30','available','2026-06-03 04:30:05','2026-06-03 04:30:05'),(604,21,'Jumat','14:30-16:00','available','2026-06-03 04:30:05','2026-06-03 04:30:05'),(605,21,'Jumat','16:00-17:30','available','2026-06-03 04:30:05','2026-06-03 04:30:05'),(606,21,'Sabtu','09:00-10:30','available','2026-06-03 04:30:05','2026-06-03 04:30:05'),(607,21,'Sabtu','10:30-12:00','available','2026-06-03 04:30:05','2026-06-03 04:30:05'),(608,21,'Sabtu','13:00-14:30','available','2026-06-03 04:30:05','2026-06-03 04:30:05'),(609,21,'Sabtu','14:30-16:00','available','2026-06-03 04:30:05','2026-06-03 04:30:05'),(610,22,'Senin','09:00-10:30','available','2026-06-03 04:30:05','2026-06-03 04:30:05'),(611,22,'Senin','10:30-12:00','available','2026-06-03 04:30:05','2026-06-03 04:30:05'),(612,22,'Senin','13:00-14:30','available','2026-06-03 04:30:05','2026-06-03 04:30:05'),(613,22,'Senin','14:30-16:00','available','2026-06-03 04:30:05','2026-06-03 04:30:05'),(614,22,'Senin','16:00-17:30','available','2026-06-03 04:30:05','2026-06-03 04:30:05'),(615,22,'Selasa','09:00-10:30','available','2026-06-03 04:30:05','2026-06-03 04:30:05'),(616,22,'Selasa','10:30-12:00','available','2026-06-03 04:30:05','2026-06-03 04:30:05'),(617,22,'Selasa','13:00-14:30','available','2026-06-03 04:30:05','2026-06-03 04:30:05'),(618,22,'Selasa','14:30-16:00','available','2026-06-03 04:30:05','2026-06-03 04:30:05'),(619,22,'Rabu','09:00-10:30','available','2026-06-03 04:30:05','2026-06-03 04:30:05'),(620,22,'Rabu','10:30-12:00','available','2026-06-03 04:30:05','2026-06-03 04:30:05'),(621,22,'Rabu','13:00-14:30','available','2026-06-03 04:30:05','2026-06-03 04:30:05'),(622,22,'Rabu','14:30-16:00','occupied','2026-06-03 04:30:05','2026-06-03 04:30:05'),(623,22,'Kamis','09:00-10:30','available','2026-06-03 04:30:05','2026-06-03 04:30:05'),(624,22,'Kamis','10:30-12:00','available','2026-06-03 04:30:05','2026-06-03 04:30:05'),(625,22,'Kamis','13:00-14:30','available','2026-06-03 04:30:05','2026-06-03 04:30:05'),(626,22,'Kamis','14:30-16:00','available','2026-06-03 04:30:05','2026-06-03 04:30:05'),(627,22,'Kamis','16:00-17:30','available','2026-06-03 04:30:05','2026-06-03 04:30:05'),(628,22,'Kamis','18:30-20:00','available','2026-06-03 04:30:05','2026-06-03 04:30:05'),(629,22,'Jumat','09:00-10:30','available','2026-06-03 04:30:05','2026-06-03 04:30:05'),(630,22,'Jumat','10:30-12:00','available','2026-06-03 04:30:05','2026-06-03 04:30:05'),(631,22,'Jumat','13:00-14:30','available','2026-06-03 04:30:05','2026-06-03 04:30:05'),(632,22,'Jumat','14:30-16:00','available','2026-06-03 04:30:05','2026-06-03 04:30:05'),(633,22,'Sabtu','09:00-10:30','available','2026-06-03 04:30:05','2026-06-03 04:30:05'),(634,22,'Sabtu','10:30-12:00','available','2026-06-03 04:30:05','2026-06-03 04:30:05'),(635,22,'Sabtu','13:00-14:30','available','2026-06-03 04:30:05','2026-06-03 04:30:05'),(636,22,'Sabtu','14:30-16:00','available','2026-06-03 04:30:05','2026-06-03 04:30:05'),(637,23,'Senin','09:00-10:30','available','2026-06-03 04:30:05','2026-06-03 04:30:05'),(638,23,'Senin','10:30-12:00','available','2026-06-03 04:30:05','2026-06-03 04:30:05'),(639,23,'Senin','13:00-14:30','available','2026-06-03 04:30:05','2026-06-03 04:30:05'),(640,23,'Senin','14:30-16:00','available','2026-06-03 04:30:05','2026-06-03 04:30:05'),(641,23,'Selasa','09:00-10:30','available','2026-06-03 04:30:05','2026-06-03 04:30:05'),(642,23,'Selasa','10:30-12:00','available','2026-06-03 04:30:05','2026-06-03 04:30:05'),(643,23,'Selasa','13:00-14:30','available','2026-06-03 04:30:05','2026-06-03 04:30:05'),(644,23,'Selasa','14:30-16:00','available','2026-06-03 04:30:05','2026-06-03 04:30:05'),(645,23,'Rabu','09:00-10:30','available','2026-06-03 04:30:05','2026-06-03 04:30:05'),(646,23,'Rabu','10:30-12:00','available','2026-06-03 04:30:05','2026-06-03 04:30:05'),(647,23,'Rabu','13:00-14:30','available','2026-06-03 04:30:05','2026-06-03 04:30:05'),(648,23,'Rabu','14:30-16:00','available','2026-06-03 04:30:05','2026-06-03 04:30:05'),(649,23,'Rabu','16:00-17:30','available','2026-06-03 04:30:05','2026-06-03 04:30:05'),(650,23,'Rabu','18:30-20:00','available','2026-06-03 04:30:05','2026-06-03 04:30:05'),(651,23,'Kamis','09:00-10:30','available','2026-06-03 04:30:05','2026-06-03 04:30:05'),(652,23,'Kamis','10:30-12:00','available','2026-06-03 04:30:05','2026-06-03 04:30:05'),(653,23,'Kamis','13:00-14:30','available','2026-06-03 04:30:05','2026-06-03 04:30:05'),(654,23,'Kamis','14:30-16:00','available','2026-06-03 04:30:05','2026-06-03 04:30:05'),(655,23,'Kamis','16:00-17:30','available','2026-06-03 04:30:05','2026-06-03 04:30:05'),(656,23,'Kamis','18:30-20:00','available','2026-06-03 04:30:05','2026-06-03 04:30:05'),(657,23,'Jumat','09:00-10:30','available','2026-06-03 04:30:05','2026-06-03 04:30:05'),(658,23,'Jumat','10:30-12:00','available','2026-06-03 04:30:05','2026-06-03 04:30:05'),(659,23,'Jumat','13:00-14:30','available','2026-06-03 04:30:05','2026-06-03 04:30:05'),(660,23,'Jumat','14:30-16:00','available','2026-06-03 04:30:05','2026-06-03 04:30:05'),(661,23,'Jumat','16:00-17:30','available','2026-06-03 04:30:05','2026-06-03 04:30:05'),(662,23,'Jumat','18:30-20:00','available','2026-06-03 04:30:05','2026-06-03 04:30:05'),(663,23,'Sabtu','09:00-10:30','available','2026-06-03 04:30:05','2026-06-03 04:30:05'),(664,23,'Sabtu','10:30-12:00','available','2026-06-03 04:30:05','2026-06-03 04:30:05'),(665,23,'Sabtu','13:00-14:30','available','2026-06-03 04:30:05','2026-06-03 04:30:05'),(666,23,'Sabtu','14:30-16:00','occupied','2026-06-03 04:30:05','2026-06-03 04:30:05'),(667,24,'Senin','09:00-10:30','available','2026-06-03 04:30:05','2026-06-03 04:30:05'),(668,24,'Senin','10:30-12:00','occupied','2026-06-03 04:30:05','2026-06-03 04:30:05'),(669,24,'Senin','13:00-14:30','available','2026-06-03 04:30:05','2026-06-03 04:30:05'),(670,24,'Senin','14:30-16:00','available','2026-06-03 04:30:05','2026-06-03 04:30:05'),(671,24,'Senin','16:00-17:30','available','2026-06-03 04:30:05','2026-06-03 04:30:05'),(672,24,'Selasa','09:00-10:30','available','2026-06-03 04:30:05','2026-06-03 04:30:05'),(673,24,'Selasa','10:30-12:00','available','2026-06-03 04:30:05','2026-06-03 04:30:05'),(674,24,'Selasa','13:00-14:30','available','2026-06-03 04:30:05','2026-06-03 04:30:05'),(675,24,'Selasa','14:30-16:00','available','2026-06-03 04:30:05','2026-06-03 04:30:05'),(676,24,'Selasa','16:00-17:30','available','2026-06-03 04:30:05','2026-06-03 04:30:05'),(677,24,'Selasa','18:30-20:00','available','2026-06-03 04:30:05','2026-06-03 04:30:05'),(678,24,'Rabu','09:00-10:30','available','2026-06-03 04:30:05','2026-06-03 04:30:05'),(679,24,'Rabu','10:30-12:00','available','2026-06-03 04:30:05','2026-06-03 04:30:05'),(680,24,'Rabu','13:00-14:30','available','2026-06-03 04:30:05','2026-06-03 04:30:05'),(681,24,'Rabu','14:30-16:00','available','2026-06-03 04:30:05','2026-06-03 04:30:05'),(682,24,'Rabu','16:00-17:30','available','2026-06-03 04:30:05','2026-06-03 04:30:05'),(683,24,'Kamis','09:00-10:30','available','2026-06-03 04:30:05','2026-06-03 04:30:05'),(684,24,'Kamis','10:30-12:00','available','2026-06-03 04:30:05','2026-06-03 04:30:05'),(685,24,'Kamis','13:00-14:30','available','2026-06-03 04:30:05','2026-06-03 04:30:05'),(686,24,'Kamis','14:30-16:00','available','2026-06-03 04:30:05','2026-06-03 04:30:05'),(687,24,'Kamis','16:00-17:30','occupied','2026-06-03 04:30:05','2026-06-03 04:30:05'),(688,24,'Jumat','09:00-10:30','available','2026-06-03 04:30:05','2026-06-03 04:30:05'),(689,24,'Jumat','10:30-12:00','available','2026-06-03 04:30:05','2026-06-03 04:30:05'),(690,24,'Jumat','13:00-14:30','available','2026-06-03 04:30:05','2026-06-03 04:30:05'),(691,24,'Jumat','14:30-16:00','available','2026-06-03 04:30:05','2026-06-03 04:30:05'),(692,24,'Sabtu','09:00-10:30','available','2026-06-03 04:30:05','2026-06-03 04:30:05'),(693,24,'Sabtu','10:30-12:00','available','2026-06-03 04:30:05','2026-06-03 04:30:05'),(694,24,'Sabtu','13:00-14:30','available','2026-06-03 04:30:05','2026-06-03 04:30:05'),(695,24,'Sabtu','14:30-16:00','available','2026-06-03 04:30:05','2026-06-03 04:30:05'),(696,25,'Senin','09:00-10:30','available','2026-06-03 04:30:05','2026-06-03 04:30:05'),(697,25,'Senin','10:30-12:00','available','2026-06-03 04:30:05','2026-06-03 04:30:05'),(698,25,'Senin','13:00-14:30','available','2026-06-03 04:30:05','2026-06-03 04:30:05'),(699,25,'Senin','14:30-16:00','available','2026-06-03 04:30:05','2026-06-03 04:30:05'),(700,25,'Selasa','09:00-10:30','available','2026-06-03 04:30:05','2026-06-03 04:30:05'),(701,25,'Selasa','10:30-12:00','available','2026-06-03 04:30:05','2026-06-03 04:30:05'),(702,25,'Selasa','13:00-14:30','available','2026-06-03 04:30:05','2026-06-03 04:30:05'),(703,25,'Selasa','14:30-16:00','available','2026-06-03 04:30:05','2026-06-03 04:30:05'),(704,25,'Selasa','16:00-17:30','available','2026-06-03 04:30:05','2026-06-03 04:30:05'),(705,25,'Selasa','18:30-20:00','available','2026-06-03 04:30:05','2026-06-03 04:30:05'),(706,25,'Rabu','09:00-10:30','available','2026-06-03 04:30:05','2026-06-03 04:30:05'),(707,25,'Rabu','10:30-12:00','available','2026-06-03 04:30:05','2026-06-03 04:30:05'),(708,25,'Rabu','13:00-14:30','available','2026-06-03 04:30:05','2026-06-03 04:30:05'),(709,25,'Rabu','14:30-16:00','available','2026-06-03 04:30:05','2026-06-03 04:30:05'),(710,25,'Rabu','16:00-17:30','available','2026-06-03 04:30:05','2026-06-03 04:30:05'),(711,25,'Rabu','18:30-20:00','available','2026-06-03 04:30:05','2026-06-03 04:30:05'),(712,25,'Kamis','09:00-10:30','available','2026-06-03 04:30:05','2026-06-03 04:30:05'),(713,25,'Kamis','10:30-12:00','available','2026-06-03 04:30:05','2026-06-03 04:30:05'),(714,25,'Kamis','13:00-14:30','available','2026-06-03 04:30:05','2026-06-03 04:30:05'),(715,25,'Kamis','14:30-16:00','available','2026-06-03 04:30:05','2026-06-03 04:30:05'),(716,25,'Kamis','16:00-17:30','available','2026-06-03 04:30:05','2026-06-03 04:30:05'),(717,25,'Kamis','18:30-20:00','available','2026-06-03 04:30:05','2026-06-03 04:30:05'),(718,25,'Jumat','09:00-10:30','available','2026-06-03 04:30:05','2026-06-03 04:30:05'),(719,25,'Jumat','10:30-12:00','available','2026-06-03 04:30:05','2026-06-03 04:30:05'),(720,25,'Jumat','13:00-14:30','available','2026-06-03 04:30:05','2026-06-03 04:30:05'),(721,25,'Jumat','14:30-16:00','available','2026-06-03 04:30:05','2026-06-03 04:30:05'),(722,25,'Sabtu','09:00-10:30','available','2026-06-03 04:30:05','2026-06-03 04:30:05'),(723,25,'Sabtu','10:30-12:00','occupied','2026-06-03 04:30:05','2026-06-03 04:30:05'),(724,25,'Sabtu','13:00-14:30','available','2026-06-03 04:30:05','2026-06-03 04:30:05'),(725,25,'Sabtu','14:30-16:00','available','2026-06-03 04:30:05','2026-06-03 04:30:05'),(726,26,'Senin','09:00-10:30','available','2026-06-03 04:30:05','2026-06-03 04:30:05'),(727,26,'Senin','10:30-12:00','available','2026-06-03 04:30:05','2026-06-03 04:30:05'),(728,26,'Senin','13:00-14:30','available','2026-06-03 04:30:05','2026-06-03 04:30:05'),(729,26,'Senin','14:30-16:00','available','2026-06-03 04:30:05','2026-06-03 04:30:05'),(730,26,'Senin','16:00-17:30','available','2026-06-03 04:30:05','2026-06-03 04:30:05'),(731,26,'Selasa','09:00-10:30','available','2026-06-03 04:30:05','2026-06-03 04:30:05'),(732,26,'Selasa','10:30-12:00','available','2026-06-03 04:30:05','2026-06-03 04:30:05'),(733,26,'Selasa','13:00-14:30','available','2026-06-03 04:30:05','2026-06-03 04:30:05'),(734,26,'Selasa','14:30-16:00','available','2026-06-03 04:30:05','2026-06-03 04:30:05'),(735,26,'Rabu','09:00-10:30','available','2026-06-03 04:30:05','2026-06-03 04:30:05'),(736,26,'Rabu','10:30-12:00','available','2026-06-03 04:30:05','2026-06-03 04:30:05'),(737,26,'Rabu','13:00-14:30','available','2026-06-03 04:30:05','2026-06-03 04:30:05'),(738,26,'Rabu','14:30-16:00','available','2026-06-03 04:30:05','2026-06-03 04:30:05'),(739,26,'Rabu','16:00-17:30','available','2026-06-03 04:30:05','2026-06-03 04:30:05'),(740,26,'Rabu','18:30-20:00','available','2026-06-03 04:30:05','2026-06-03 04:30:05'),(741,26,'Kamis','09:00-10:30','available','2026-06-03 04:30:05','2026-06-03 04:30:05'),(742,26,'Kamis','10:30-12:00','available','2026-06-03 04:30:05','2026-06-03 04:30:05'),(743,26,'Kamis','13:00-14:30','available','2026-06-03 04:30:05','2026-06-03 04:30:05'),(744,26,'Kamis','14:30-16:00','available','2026-06-03 04:30:05','2026-06-03 04:30:05'),(745,26,'Jumat','09:00-10:30','available','2026-06-03 04:30:05','2026-06-03 04:30:05'),(746,26,'Jumat','10:30-12:00','available','2026-06-03 04:30:05','2026-06-03 04:30:05'),(747,26,'Jumat','13:00-14:30','available','2026-06-03 04:30:05','2026-06-03 04:30:05'),(748,26,'Jumat','14:30-16:00','available','2026-06-03 04:30:05','2026-06-03 04:30:05'),(749,26,'Jumat','16:00-17:30','available','2026-06-03 04:30:05','2026-06-03 04:30:05'),(750,26,'Sabtu','09:00-10:30','available','2026-06-03 04:30:05','2026-06-03 04:30:05'),(751,26,'Sabtu','10:30-12:00','available','2026-06-03 04:30:05','2026-06-03 04:30:05'),(752,26,'Sabtu','13:00-14:30','available','2026-06-03 04:30:05','2026-06-03 04:30:05'),(753,26,'Sabtu','14:30-16:00','available','2026-06-03 04:30:05','2026-06-03 04:30:05'),(754,27,'Senin','09:00-10:30','available','2026-06-03 04:30:05','2026-06-03 04:30:05'),(755,27,'Senin','10:30-12:00','available','2026-06-03 04:30:05','2026-06-03 04:30:05'),(756,27,'Senin','13:00-14:30','available','2026-06-03 04:30:05','2026-06-03 04:30:05'),(757,27,'Senin','14:30-16:00','available','2026-06-03 04:30:05','2026-06-03 04:30:05'),(758,27,'Senin','16:00-17:30','available','2026-06-03 04:30:05','2026-06-03 04:30:05'),(759,27,'Senin','18:30-20:00','available','2026-06-03 04:30:05','2026-06-03 04:30:05'),(760,27,'Selasa','09:00-10:30','available','2026-06-03 04:30:05','2026-06-03 04:30:05'),(761,27,'Selasa','10:30-12:00','available','2026-06-03 04:30:05','2026-06-03 04:30:05'),(762,27,'Selasa','13:00-14:30','available','2026-06-03 04:30:05','2026-06-03 04:30:05'),(763,27,'Selasa','14:30-16:00','occupied','2026-06-03 04:30:05','2026-06-03 04:30:05'),(764,27,'Selasa','16:00-17:30','available','2026-06-03 04:30:05','2026-06-03 04:30:05'),(765,27,'Selasa','18:30-20:00','available','2026-06-03 04:30:05','2026-06-03 04:30:05'),(766,27,'Rabu','09:00-10:30','available','2026-06-03 04:30:05','2026-06-03 04:30:05'),(767,27,'Rabu','10:30-12:00','available','2026-06-03 04:30:05','2026-06-03 04:30:05'),(768,27,'Rabu','13:00-14:30','occupied','2026-06-03 04:30:05','2026-06-03 04:30:05'),(769,27,'Rabu','14:30-16:00','available','2026-06-03 04:30:05','2026-06-03 04:30:05'),(770,27,'Rabu','16:00-17:30','available','2026-06-03 04:30:05','2026-06-03 04:30:05'),(771,27,'Rabu','18:30-20:00','available','2026-06-03 04:30:05','2026-06-03 04:30:05'),(772,27,'Kamis','09:00-10:30','available','2026-06-03 04:30:05','2026-06-03 04:30:05'),(773,27,'Kamis','10:30-12:00','available','2026-06-03 04:30:05','2026-06-03 04:30:05'),(774,27,'Kamis','13:00-14:30','available','2026-06-03 04:30:05','2026-06-03 04:30:05'),(775,27,'Kamis','14:30-16:00','available','2026-06-03 04:30:05','2026-06-03 04:30:05'),(776,27,'Kamis','16:00-17:30','available','2026-06-03 04:30:05','2026-06-03 04:30:05'),(777,27,'Jumat','09:00-10:30','available','2026-06-03 04:30:05','2026-06-03 04:30:05'),(778,27,'Jumat','10:30-12:00','available','2026-06-03 04:30:05','2026-06-03 04:30:05'),(779,27,'Jumat','13:00-14:30','available','2026-06-03 04:30:05','2026-06-03 04:30:05'),(780,27,'Jumat','14:30-16:00','available','2026-06-03 04:30:05','2026-06-03 04:30:05'),(781,27,'Jumat','16:00-17:30','available','2026-06-03 04:30:05','2026-06-03 04:30:05'),(782,27,'Jumat','18:30-20:00','available','2026-06-03 04:30:05','2026-06-03 04:30:05'),(783,27,'Sabtu','09:00-10:30','available','2026-06-03 04:30:05','2026-06-03 04:30:05'),(784,27,'Sabtu','10:30-12:00','available','2026-06-03 04:30:05','2026-06-03 04:30:05'),(785,27,'Sabtu','13:00-14:30','available','2026-06-03 04:30:05','2026-06-03 04:30:05'),(786,27,'Sabtu','14:30-16:00','available','2026-06-03 04:30:05','2026-06-03 04:30:05'),(787,28,'Senin','09:00-10:30','available','2026-06-03 04:30:05','2026-06-03 04:30:05'),(788,28,'Senin','10:30-12:00','available','2026-06-03 04:30:05','2026-06-03 04:30:05'),(789,28,'Senin','13:00-14:30','available','2026-06-03 04:30:05','2026-06-03 04:30:05'),(790,28,'Senin','14:30-16:00','available','2026-06-03 04:30:05','2026-06-03 04:30:05'),(791,28,'Selasa','09:00-10:30','available','2026-06-03 04:30:05','2026-06-03 04:30:05'),(792,28,'Selasa','10:30-12:00','available','2026-06-03 04:30:05','2026-06-03 04:30:05'),(793,28,'Selasa','13:00-14:30','available','2026-06-03 04:30:05','2026-06-03 04:30:05'),(794,28,'Selasa','14:30-16:00','available','2026-06-03 04:30:05','2026-06-03 04:30:05'),(795,28,'Selasa','16:00-17:30','available','2026-06-03 04:30:05','2026-06-03 04:30:05'),(796,28,'Selasa','18:30-20:00','available','2026-06-03 04:30:05','2026-06-03 04:30:05'),(797,28,'Rabu','09:00-10:30','occupied','2026-06-03 04:30:05','2026-06-03 04:30:05'),(798,28,'Rabu','10:30-12:00','available','2026-06-03 04:30:05','2026-06-03 04:30:05'),(799,28,'Rabu','13:00-14:30','available','2026-06-03 04:30:05','2026-06-03 04:30:05'),(800,28,'Rabu','14:30-16:00','available','2026-06-03 04:30:05','2026-06-03 04:30:05'),(801,28,'Rabu','16:00-17:30','available','2026-06-03 04:30:05','2026-06-03 04:30:05'),(802,28,'Rabu','18:30-20:00','available','2026-06-03 04:30:05','2026-06-03 04:30:05'),(803,28,'Kamis','09:00-10:30','available','2026-06-03 04:30:05','2026-06-03 04:30:05'),(804,28,'Kamis','10:30-12:00','available','2026-06-03 04:30:05','2026-06-03 04:30:05'),(805,28,'Kamis','13:00-14:30','available','2026-06-03 04:30:05','2026-06-03 04:30:05'),(806,28,'Kamis','14:30-16:00','occupied','2026-06-03 04:30:05','2026-06-03 04:30:05'),(807,28,'Kamis','16:00-17:30','available','2026-06-03 04:30:05','2026-06-03 04:30:05'),(808,28,'Jumat','09:00-10:30','occupied','2026-06-03 04:30:05','2026-06-03 04:30:05'),(809,28,'Jumat','10:30-12:00','available','2026-06-03 04:30:05','2026-06-03 04:30:05'),(810,28,'Jumat','13:00-14:30','available','2026-06-03 04:30:05','2026-06-03 04:30:05'),(811,28,'Jumat','14:30-16:00','available','2026-06-03 04:30:05','2026-06-03 04:30:05'),(812,28,'Sabtu','09:00-10:30','available','2026-06-03 04:30:05','2026-06-03 04:30:05'),(813,28,'Sabtu','10:30-12:00','available','2026-06-03 04:30:05','2026-06-03 04:30:05'),(814,28,'Sabtu','13:00-14:30','available','2026-06-03 04:30:05','2026-06-03 04:30:05'),(815,28,'Sabtu','14:30-16:00','available','2026-06-03 04:30:05','2026-06-03 04:30:05'),(816,29,'Senin','09:00-10:30','available','2026-06-03 04:30:05','2026-06-03 04:30:05'),(817,29,'Senin','10:30-12:00','occupied','2026-06-03 04:30:05','2026-06-03 04:30:05'),(818,29,'Senin','13:00-14:30','available','2026-06-03 04:30:05','2026-06-03 04:30:05'),(819,29,'Senin','14:30-16:00','available','2026-06-03 04:30:05','2026-06-03 04:30:05'),(820,29,'Senin','16:00-17:30','available','2026-06-03 04:30:05','2026-06-03 04:30:05'),(821,29,'Selasa','09:00-10:30','available','2026-06-03 04:30:05','2026-06-03 04:30:05'),(822,29,'Selasa','10:30-12:00','available','2026-06-03 04:30:05','2026-06-03 04:30:05'),(823,29,'Selasa','13:00-14:30','available','2026-06-03 04:30:05','2026-06-03 04:30:05'),(824,29,'Selasa','14:30-16:00','available','2026-06-03 04:30:05','2026-06-03 04:30:05'),(825,29,'Rabu','09:00-10:30','available','2026-06-03 04:30:05','2026-06-03 04:30:05'),(826,29,'Rabu','10:30-12:00','available','2026-06-03 04:30:05','2026-06-03 04:30:05'),(827,29,'Rabu','13:00-14:30','available','2026-06-03 04:30:05','2026-06-03 04:30:05'),(828,29,'Rabu','14:30-16:00','available','2026-06-03 04:30:05','2026-06-03 04:30:05'),(829,29,'Kamis','09:00-10:30','available','2026-06-03 04:30:05','2026-06-03 04:30:05'),(830,29,'Kamis','10:30-12:00','available','2026-06-03 04:30:05','2026-06-03 04:30:05'),(831,29,'Kamis','13:00-14:30','available','2026-06-03 04:30:05','2026-06-03 04:30:05'),(832,29,'Kamis','14:30-16:00','available','2026-06-03 04:30:05','2026-06-03 04:30:05'),(833,29,'Kamis','16:00-17:30','available','2026-06-03 04:30:05','2026-06-03 04:30:05'),(834,29,'Jumat','09:00-10:30','occupied','2026-06-03 04:30:05','2026-06-03 04:30:05'),(835,29,'Jumat','10:30-12:00','available','2026-06-03 04:30:05','2026-06-03 04:30:05'),(836,29,'Jumat','13:00-14:30','available','2026-06-03 04:30:05','2026-06-03 04:30:05'),(837,29,'Jumat','14:30-16:00','available','2026-06-03 04:30:05','2026-06-03 04:30:05'),(838,29,'Jumat','16:00-17:30','available','2026-06-03 04:30:05','2026-06-03 04:30:05'),(839,29,'Sabtu','09:00-10:30','available','2026-06-03 04:30:05','2026-06-03 04:30:05'),(840,29,'Sabtu','10:30-12:00','available','2026-06-03 04:30:05','2026-06-03 04:30:05'),(841,29,'Sabtu','13:00-14:30','available','2026-06-03 04:30:05','2026-06-03 04:30:05'),(842,29,'Sabtu','14:30-16:00','available','2026-06-03 04:30:05','2026-06-03 04:30:05'),(843,30,'Senin','09:00-10:30','available','2026-06-03 04:30:05','2026-06-03 04:30:05'),(844,30,'Senin','10:30-12:00','available','2026-06-03 04:30:05','2026-06-03 04:30:05'),(845,30,'Senin','13:00-14:30','available','2026-06-03 04:30:05','2026-06-03 04:30:05'),(846,30,'Senin','14:30-16:00','available','2026-06-03 04:30:05','2026-06-03 04:30:05'),(847,30,'Senin','16:00-17:30','available','2026-06-03 04:30:05','2026-06-03 04:30:05'),(848,30,'Selasa','09:00-10:30','occupied','2026-06-03 04:30:05','2026-06-03 04:30:05'),(849,30,'Selasa','10:30-12:00','available','2026-06-03 04:30:05','2026-06-03 04:30:05'),(850,30,'Selasa','13:00-14:30','available','2026-06-03 04:30:05','2026-06-03 04:30:05'),(851,30,'Selasa','14:30-16:00','available','2026-06-03 04:30:05','2026-06-03 04:30:05'),(852,30,'Selasa','16:00-17:30','available','2026-06-03 04:30:05','2026-06-03 04:30:05'),(853,30,'Rabu','09:00-10:30','available','2026-06-03 04:30:05','2026-06-03 04:30:05'),(854,30,'Rabu','10:30-12:00','available','2026-06-03 04:30:05','2026-06-03 04:30:05'),(855,30,'Rabu','13:00-14:30','available','2026-06-03 04:30:05','2026-06-03 04:30:05'),(856,30,'Rabu','14:30-16:00','available','2026-06-03 04:30:05','2026-06-03 04:30:05'),(857,30,'Rabu','16:00-17:30','available','2026-06-03 04:30:05','2026-06-03 04:30:05'),(858,30,'Rabu','18:30-20:00','available','2026-06-03 04:30:05','2026-06-03 04:30:05'),(859,30,'Kamis','09:00-10:30','available','2026-06-03 04:30:05','2026-06-03 04:30:05'),(860,30,'Kamis','10:30-12:00','available','2026-06-03 04:30:05','2026-06-03 04:30:05'),(861,30,'Kamis','13:00-14:30','available','2026-06-03 04:30:05','2026-06-03 04:30:05'),(862,30,'Kamis','14:30-16:00','available','2026-06-03 04:30:05','2026-06-03 04:30:05'),(863,30,'Kamis','16:00-17:30','available','2026-06-03 04:30:05','2026-06-03 04:30:05'),(864,30,'Jumat','09:00-10:30','available','2026-06-03 04:30:05','2026-06-03 04:30:05'),(865,30,'Jumat','10:30-12:00','available','2026-06-03 04:30:05','2026-06-03 04:30:05'),(866,30,'Jumat','13:00-14:30','available','2026-06-03 04:30:05','2026-06-03 04:30:05'),(867,30,'Jumat','14:30-16:00','available','2026-06-03 04:30:05','2026-06-03 04:30:05'),(868,30,'Sabtu','09:00-10:30','available','2026-06-03 04:30:05','2026-06-03 04:30:05'),(869,30,'Sabtu','10:30-12:00','available','2026-06-03 04:30:05','2026-06-03 04:30:05'),(870,30,'Sabtu','13:00-14:30','available','2026-06-03 04:30:05','2026-06-03 04:30:05'),(871,30,'Sabtu','14:30-16:00','available','2026-06-03 04:30:05','2026-06-03 04:30:05'),(872,31,'Senin','09:00-10:30','available','2026-06-03 04:30:05','2026-06-03 04:30:05'),(873,31,'Senin','10:30-12:00','occupied','2026-06-03 04:30:05','2026-06-03 04:30:05'),(874,31,'Senin','13:00-14:30','available','2026-06-03 04:30:05','2026-06-03 04:30:05'),(875,31,'Senin','14:30-16:00','available','2026-06-03 04:30:05','2026-06-03 04:30:05'),(876,31,'Senin','16:00-17:30','available','2026-06-03 04:30:05','2026-06-03 04:30:05'),(877,31,'Selasa','09:00-10:30','available','2026-06-03 04:30:05','2026-06-03 04:30:05'),(878,31,'Selasa','10:30-12:00','available','2026-06-03 04:30:05','2026-06-03 04:30:05'),(879,31,'Selasa','13:00-14:30','available','2026-06-03 04:30:05','2026-06-03 04:30:05'),(880,31,'Selasa','14:30-16:00','available','2026-06-03 04:30:05','2026-06-03 04:30:05'),(881,31,'Rabu','09:00-10:30','available','2026-06-03 04:30:05','2026-06-03 04:30:05'),(882,31,'Rabu','10:30-12:00','available','2026-06-03 04:30:05','2026-06-03 04:30:05'),(883,31,'Rabu','13:00-14:30','available','2026-06-03 04:30:05','2026-06-03 04:30:05'),(884,31,'Rabu','14:30-16:00','available','2026-06-03 04:30:05','2026-06-03 04:30:05'),(885,31,'Rabu','16:00-17:30','available','2026-06-03 04:30:05','2026-06-03 04:30:05'),(886,31,'Kamis','09:00-10:30','available','2026-06-03 04:30:05','2026-06-03 04:30:05'),(887,31,'Kamis','10:30-12:00','available','2026-06-03 04:30:05','2026-06-03 04:30:05'),(888,31,'Kamis','13:00-14:30','available','2026-06-03 04:30:05','2026-06-03 04:30:05'),(889,31,'Kamis','14:30-16:00','available','2026-06-03 04:30:05','2026-06-03 04:30:05'),(890,31,'Kamis','16:00-17:30','occupied','2026-06-03 04:30:05','2026-06-03 04:30:05'),(891,31,'Jumat','09:00-10:30','available','2026-06-03 04:30:05','2026-06-03 04:30:05'),(892,31,'Jumat','10:30-12:00','available','2026-06-03 04:30:05','2026-06-03 04:30:05'),(893,31,'Jumat','13:00-14:30','available','2026-06-03 04:30:05','2026-06-03 04:30:05'),(894,31,'Jumat','14:30-16:00','available','2026-06-03 04:30:05','2026-06-03 04:30:05'),(895,31,'Jumat','16:00-17:30','available','2026-06-03 04:30:05','2026-06-03 04:30:05'),(896,31,'Sabtu','09:00-10:30','available','2026-06-03 04:30:05','2026-06-03 04:30:05'),(897,31,'Sabtu','10:30-12:00','available','2026-06-03 04:30:05','2026-06-03 04:30:05'),(898,31,'Sabtu','13:00-14:30','available','2026-06-03 04:30:05','2026-06-03 04:30:05'),(899,31,'Sabtu','14:30-16:00','available','2026-06-03 04:30:05','2026-06-03 04:30:05'),(900,32,'Senin','09:00-10:30','available','2026-06-03 04:30:05','2026-06-03 04:30:05'),(901,32,'Senin','10:30-12:00','available','2026-06-03 04:30:05','2026-06-03 04:30:05'),(902,32,'Senin','13:00-14:30','available','2026-06-03 04:30:05','2026-06-03 04:30:05'),(903,32,'Senin','14:30-16:00','available','2026-06-03 04:30:05','2026-06-03 04:30:05'),(904,32,'Selasa','09:00-10:30','occupied','2026-06-03 04:30:05','2026-06-03 04:30:05'),(905,32,'Selasa','10:30-12:00','available','2026-06-03 04:30:05','2026-06-03 04:30:05'),(906,32,'Selasa','13:00-14:30','occupied','2026-06-03 04:30:05','2026-06-03 04:30:05'),(907,32,'Selasa','14:30-16:00','available','2026-06-03 04:30:05','2026-06-03 04:30:05'),(908,32,'Rabu','09:00-10:30','available','2026-06-03 04:30:05','2026-06-03 04:30:05'),(909,32,'Rabu','10:30-12:00','available','2026-06-03 04:30:05','2026-06-03 04:30:05'),(910,32,'Rabu','13:00-14:30','available','2026-06-03 04:30:05','2026-06-03 04:30:05'),(911,32,'Rabu','14:30-16:00','available','2026-06-03 04:30:05','2026-06-03 04:30:05'),(912,32,'Rabu','16:00-17:30','available','2026-06-03 04:30:05','2026-06-03 04:30:05'),(913,32,'Rabu','18:30-20:00','available','2026-06-03 04:30:05','2026-06-03 04:30:05'),(914,32,'Kamis','09:00-10:30','available','2026-06-03 04:30:05','2026-06-03 04:30:05'),(915,32,'Kamis','10:30-12:00','available','2026-06-03 04:30:05','2026-06-03 04:30:05'),(916,32,'Kamis','13:00-14:30','available','2026-06-03 04:30:05','2026-06-03 04:30:05'),(917,32,'Kamis','14:30-16:00','available','2026-06-03 04:30:05','2026-06-03 04:30:05'),(918,32,'Kamis','16:00-17:30','available','2026-06-03 04:30:05','2026-06-03 04:30:05'),(919,32,'Kamis','18:30-20:00','available','2026-06-03 04:30:05','2026-06-03 04:30:05'),(920,32,'Jumat','09:00-10:30','available','2026-06-03 04:30:05','2026-06-03 04:30:05'),(921,32,'Jumat','10:30-12:00','available','2026-06-03 04:30:05','2026-06-03 04:30:05'),(922,32,'Jumat','13:00-14:30','available','2026-06-03 04:30:05','2026-06-03 04:30:05'),(923,32,'Jumat','14:30-16:00','available','2026-06-03 04:30:05','2026-06-03 04:30:05'),(924,32,'Sabtu','09:00-10:30','available','2026-06-03 04:30:05','2026-06-03 04:30:05'),(925,32,'Sabtu','10:30-12:00','available','2026-06-03 04:30:05','2026-06-03 04:30:05'),(926,32,'Sabtu','13:00-14:30','available','2026-06-03 04:30:05','2026-06-03 04:30:05'),(927,32,'Sabtu','14:30-16:00','available','2026-06-03 04:30:05','2026-06-03 04:30:05'),(928,33,'Senin','09:00-10:30','available','2026-06-03 04:30:05','2026-06-03 04:30:05'),(929,33,'Senin','10:30-12:00','available','2026-06-03 04:30:05','2026-06-03 04:30:05'),(930,33,'Senin','13:00-14:30','available','2026-06-03 04:30:05','2026-06-03 04:30:05'),(931,33,'Senin','14:30-16:00','available','2026-06-03 04:30:05','2026-06-03 04:30:05'),(932,33,'Senin','16:00-17:30','available','2026-06-03 04:30:05','2026-06-03 04:30:05'),(933,33,'Senin','18:30-20:00','available','2026-06-03 04:30:05','2026-06-03 04:30:05'),(934,33,'Selasa','09:00-10:30','available','2026-06-03 04:30:05','2026-06-03 04:30:05'),(935,33,'Selasa','10:30-12:00','available','2026-06-03 04:30:05','2026-06-03 04:30:05'),(936,33,'Selasa','13:00-14:30','available','2026-06-03 04:30:05','2026-06-03 04:30:05'),(937,33,'Selasa','14:30-16:00','available','2026-06-03 04:30:05','2026-06-03 04:30:05'),(938,33,'Selasa','16:00-17:30','available','2026-06-03 04:30:05','2026-06-03 04:30:05'),(939,33,'Rabu','09:00-10:30','available','2026-06-03 04:30:05','2026-06-03 04:30:05'),(940,33,'Rabu','10:30-12:00','available','2026-06-03 04:30:05','2026-06-03 04:30:05'),(941,33,'Rabu','13:00-14:30','available','2026-06-03 04:30:05','2026-06-03 04:30:05'),(942,33,'Rabu','14:30-16:00','available','2026-06-03 04:30:05','2026-06-03 04:30:05'),(943,33,'Rabu','16:00-17:30','available','2026-06-03 04:30:05','2026-06-03 04:30:05'),(944,33,'Kamis','09:00-10:30','available','2026-06-03 04:30:05','2026-06-03 04:30:05'),(945,33,'Kamis','10:30-12:00','available','2026-06-03 04:30:05','2026-06-03 04:30:05'),(946,33,'Kamis','13:00-14:30','available','2026-06-03 04:30:05','2026-06-03 04:30:05'),(947,33,'Kamis','14:30-16:00','available','2026-06-03 04:30:05','2026-06-03 04:30:05'),(948,33,'Kamis','16:00-17:30','available','2026-06-03 04:30:05','2026-06-03 04:30:05'),(949,33,'Jumat','09:00-10:30','available','2026-06-03 04:30:05','2026-06-03 04:30:05'),(950,33,'Jumat','10:30-12:00','available','2026-06-03 04:30:05','2026-06-03 04:30:05'),(951,33,'Jumat','13:00-14:30','available','2026-06-03 04:30:05','2026-06-03 04:30:05'),(952,33,'Jumat','14:30-16:00','available','2026-06-03 04:30:05','2026-06-03 04:30:05'),(953,33,'Sabtu','09:00-10:30','occupied','2026-06-03 04:30:05','2026-06-03 04:30:05'),(954,33,'Sabtu','10:30-12:00','available','2026-06-03 04:30:05','2026-06-03 04:30:05'),(955,33,'Sabtu','13:00-14:30','available','2026-06-03 04:30:05','2026-06-03 04:30:05'),(956,33,'Sabtu','14:30-16:00','available','2026-06-03 04:30:05','2026-06-03 04:30:05'),(957,34,'Senin','09:00-10:30','available','2026-06-03 04:30:05','2026-06-03 04:30:05'),(958,34,'Senin','10:30-12:00','available','2026-06-03 04:30:05','2026-06-03 04:30:05'),(959,34,'Senin','13:00-14:30','available','2026-06-03 04:30:05','2026-06-03 04:30:05'),(960,34,'Senin','14:30-16:00','available','2026-06-03 04:30:05','2026-06-03 04:30:05'),(961,34,'Senin','16:00-17:30','available','2026-06-03 04:30:05','2026-06-03 04:30:05'),(962,34,'Selasa','09:00-10:30','available','2026-06-03 04:30:05','2026-06-03 04:30:05'),(963,34,'Selasa','10:30-12:00','available','2026-06-03 04:30:05','2026-06-03 04:30:05'),(964,34,'Selasa','13:00-14:30','available','2026-06-03 04:30:05','2026-06-03 04:30:05'),(965,34,'Selasa','14:30-16:00','available','2026-06-03 04:30:05','2026-06-03 04:30:05'),(966,34,'Selasa','16:00-17:30','available','2026-06-03 04:30:05','2026-06-03 04:30:05'),(967,34,'Rabu','09:00-10:30','available','2026-06-03 04:30:05','2026-06-03 04:30:05'),(968,34,'Rabu','10:30-12:00','available','2026-06-03 04:30:05','2026-06-03 04:30:05'),(969,34,'Rabu','13:00-14:30','available','2026-06-03 04:30:05','2026-06-03 04:30:05'),(970,34,'Rabu','14:30-16:00','available','2026-06-03 04:30:05','2026-06-03 04:30:05'),(971,34,'Rabu','16:00-17:30','available','2026-06-03 04:30:05','2026-06-03 04:30:05'),(972,34,'Rabu','18:30-20:00','available','2026-06-03 04:30:05','2026-06-03 04:30:05'),(973,34,'Kamis','09:00-10:30','available','2026-06-03 04:30:05','2026-06-03 04:30:05'),(974,34,'Kamis','10:30-12:00','available','2026-06-03 04:30:05','2026-06-03 04:30:05'),(975,34,'Kamis','13:00-14:30','available','2026-06-03 04:30:05','2026-06-03 04:30:05'),(976,34,'Kamis','14:30-16:00','available','2026-06-03 04:30:05','2026-06-03 04:30:05'),(977,34,'Kamis','16:00-17:30','available','2026-06-03 04:30:05','2026-06-03 04:30:05'),(978,34,'Jumat','09:00-10:30','available','2026-06-03 04:30:05','2026-06-03 04:30:05'),(979,34,'Jumat','10:30-12:00','available','2026-06-03 04:30:05','2026-06-03 04:30:05'),(980,34,'Jumat','13:00-14:30','available','2026-06-03 04:30:05','2026-06-03 04:30:05'),(981,34,'Jumat','14:30-16:00','available','2026-06-03 04:30:05','2026-06-03 04:30:05'),(982,34,'Jumat','16:00-17:30','available','2026-06-03 04:30:05','2026-06-03 04:30:05'),(983,34,'Sabtu','09:00-10:30','available','2026-06-03 04:30:05','2026-06-03 04:30:05'),(984,34,'Sabtu','10:30-12:00','available','2026-06-03 04:30:05','2026-06-03 04:30:05'),(985,34,'Sabtu','13:00-14:30','available','2026-06-03 04:30:05','2026-06-03 04:30:05'),(986,34,'Sabtu','14:30-16:00','available','2026-06-03 04:30:05','2026-06-03 04:30:05'),(987,35,'Senin','09:00-10:30','available','2026-06-03 04:30:05','2026-06-03 04:30:05'),(988,35,'Senin','10:30-12:00','available','2026-06-03 04:30:05','2026-06-03 04:30:05'),(989,35,'Senin','13:00-14:30','available','2026-06-03 04:30:05','2026-06-03 04:30:05'),(990,35,'Senin','14:30-16:00','available','2026-06-03 04:30:05','2026-06-03 04:30:05'),(991,35,'Senin','16:00-17:30','available','2026-06-03 04:30:05','2026-06-03 04:30:05'),(992,35,'Selasa','09:00-10:30','available','2026-06-03 04:30:05','2026-06-03 04:30:05'),(993,35,'Selasa','10:30-12:00','available','2026-06-03 04:30:05','2026-06-03 04:30:05'),(994,35,'Selasa','13:00-14:30','available','2026-06-03 04:30:05','2026-06-03 04:30:05'),(995,35,'Selasa','14:30-16:00','available','2026-06-03 04:30:05','2026-06-03 04:30:05'),(996,35,'Rabu','09:00-10:30','available','2026-06-03 04:30:05','2026-06-03 04:30:05'),(997,35,'Rabu','10:30-12:00','available','2026-06-03 04:30:05','2026-06-03 04:30:05'),(998,35,'Rabu','13:00-14:30','available','2026-06-03 04:30:05','2026-06-03 04:30:05'),(999,35,'Rabu','14:30-16:00','available','2026-06-03 04:30:05','2026-06-03 04:30:05'),(1000,35,'Kamis','09:00-10:30','available','2026-06-03 04:30:05','2026-06-03 04:30:05'),(1001,35,'Kamis','10:30-12:00','available','2026-06-03 04:30:05','2026-06-03 04:30:05'),(1002,35,'Kamis','13:00-14:30','available','2026-06-03 04:30:05','2026-06-03 04:30:05'),(1003,35,'Kamis','14:30-16:00','available','2026-06-03 04:30:05','2026-06-03 04:30:05'),(1004,35,'Kamis','16:00-17:30','available','2026-06-03 04:30:05','2026-06-03 04:30:05'),(1005,35,'Jumat','09:00-10:30','available','2026-06-03 04:30:05','2026-06-03 04:30:05'),(1006,35,'Jumat','10:30-12:00','available','2026-06-03 04:30:05','2026-06-03 04:30:05'),(1007,35,'Jumat','13:00-14:30','available','2026-06-03 04:30:05','2026-06-03 04:30:05'),(1008,35,'Jumat','14:30-16:00','available','2026-06-03 04:30:05','2026-06-03 04:30:05'),(1009,35,'Sabtu','09:00-10:30','available','2026-06-03 04:30:05','2026-06-03 04:30:05'),(1010,35,'Sabtu','10:30-12:00','available','2026-06-03 04:30:05','2026-06-03 04:30:05'),(1011,35,'Sabtu','13:00-14:30','available','2026-06-03 04:30:05','2026-06-03 04:30:05'),(1012,35,'Sabtu','14:30-16:00','available','2026-06-03 04:30:05','2026-06-03 04:30:05'),(1013,36,'Senin','09:00-10:30','available','2026-06-03 04:30:05','2026-06-03 04:30:05'),(1014,36,'Senin','10:30-12:00','available','2026-06-03 04:30:05','2026-06-03 04:30:05'),(1015,36,'Senin','13:00-14:30','available','2026-06-03 04:30:05','2026-06-03 04:30:05'),(1016,36,'Senin','14:30-16:00','available','2026-06-03 04:30:05','2026-06-03 04:30:05'),(1017,36,'Senin','16:00-17:30','available','2026-06-03 04:30:05','2026-06-03 04:30:05'),(1018,36,'Selasa','09:00-10:30','available','2026-06-03 04:30:05','2026-06-03 04:30:05'),(1019,36,'Selasa','10:30-12:00','available','2026-06-03 04:30:05','2026-06-03 04:30:05'),(1020,36,'Selasa','13:00-14:30','available','2026-06-03 04:30:05','2026-06-03 04:30:05'),(1021,36,'Selasa','14:30-16:00','available','2026-06-03 04:30:05','2026-06-03 04:30:05'),(1022,36,'Selasa','16:00-17:30','available','2026-06-03 04:30:05','2026-06-03 04:30:05'),(1023,36,'Rabu','09:00-10:30','occupied','2026-06-03 04:30:05','2026-06-03 04:30:05'),(1024,36,'Rabu','10:30-12:00','available','2026-06-03 04:30:05','2026-06-03 04:30:05'),(1025,36,'Rabu','13:00-14:30','available','2026-06-03 04:30:05','2026-06-03 04:30:05'),(1026,36,'Rabu','14:30-16:00','available','2026-06-03 04:30:05','2026-06-03 04:30:05'),(1027,36,'Kamis','09:00-10:30','available','2026-06-03 04:30:05','2026-06-03 04:30:05'),(1028,36,'Kamis','10:30-12:00','available','2026-06-03 04:30:05','2026-06-03 04:30:05'),(1029,36,'Kamis','13:00-14:30','available','2026-06-03 04:30:05','2026-06-03 04:30:05'),(1030,36,'Kamis','14:30-16:00','available','2026-06-03 04:30:05','2026-06-03 04:30:05'),(1031,36,'Jumat','09:00-10:30','available','2026-06-03 04:30:05','2026-06-03 04:30:05'),(1032,36,'Jumat','10:30-12:00','available','2026-06-03 04:30:05','2026-06-03 04:30:05'),(1033,36,'Jumat','13:00-14:30','available','2026-06-03 04:30:05','2026-06-03 04:30:05'),(1034,36,'Jumat','14:30-16:00','available','2026-06-03 04:30:05','2026-06-03 04:30:05'),(1035,36,'Jumat','16:00-17:30','available','2026-06-03 04:30:05','2026-06-03 04:30:05'),(1036,36,'Jumat','18:30-20:00','available','2026-06-03 04:30:05','2026-06-03 04:30:05'),(1037,36,'Sabtu','09:00-10:30','available','2026-06-03 04:30:05','2026-06-03 04:30:05'),(1038,36,'Sabtu','10:30-12:00','available','2026-06-03 04:30:05','2026-06-03 04:30:05'),(1039,36,'Sabtu','13:00-14:30','available','2026-06-03 04:30:05','2026-06-03 04:30:05'),(1040,36,'Sabtu','14:30-16:00','available','2026-06-03 04:30:05','2026-06-03 04:30:05'),(1041,37,'Senin','09:00-10:30','available','2026-06-03 04:30:05','2026-06-03 04:30:05'),(1042,37,'Senin','10:30-12:00','available','2026-06-03 04:30:05','2026-06-03 04:30:05'),(1043,37,'Senin','13:00-14:30','available','2026-06-03 04:30:05','2026-06-03 04:30:05'),(1044,37,'Senin','14:30-16:00','available','2026-06-03 04:30:05','2026-06-03 04:30:05'),(1045,37,'Senin','16:00-17:30','available','2026-06-03 04:30:05','2026-06-03 04:30:05'),(1046,37,'Selasa','09:00-10:30','available','2026-06-03 04:30:05','2026-06-03 04:30:05'),(1047,37,'Selasa','10:30-12:00','available','2026-06-03 04:30:05','2026-06-03 04:30:05'),(1048,37,'Selasa','13:00-14:30','available','2026-06-03 04:30:05','2026-06-03 04:30:05'),(1049,37,'Selasa','14:30-16:00','available','2026-06-03 04:30:05','2026-06-03 04:30:05'),(1050,37,'Rabu','09:00-10:30','available','2026-06-03 04:30:05','2026-06-03 04:30:05'),(1051,37,'Rabu','10:30-12:00','available','2026-06-03 04:30:05','2026-06-03 04:30:05'),(1052,37,'Rabu','13:00-14:30','available','2026-06-03 04:30:05','2026-06-03 04:30:05'),(1053,37,'Rabu','14:30-16:00','available','2026-06-03 04:30:05','2026-06-03 04:30:05'),(1054,37,'Rabu','16:00-17:30','available','2026-06-03 04:30:05','2026-06-03 04:30:05'),(1055,37,'Rabu','18:30-20:00','available','2026-06-03 04:30:05','2026-06-03 04:30:05'),(1056,37,'Kamis','09:00-10:30','available','2026-06-03 04:30:05','2026-06-03 04:30:05'),(1057,37,'Kamis','10:30-12:00','available','2026-06-03 04:30:05','2026-06-03 04:30:05'),(1058,37,'Kamis','13:00-14:30','available','2026-06-03 04:30:05','2026-06-03 04:30:05'),(1059,37,'Kamis','14:30-16:00','available','2026-06-03 04:30:05','2026-06-03 04:30:05'),(1060,37,'Jumat','09:00-10:30','occupied','2026-06-03 04:30:05','2026-06-03 04:30:05'),(1061,37,'Jumat','10:30-12:00','available','2026-06-03 04:30:05','2026-06-03 04:30:05'),(1062,37,'Jumat','13:00-14:30','available','2026-06-03 04:30:05','2026-06-03 04:30:05'),(1063,37,'Jumat','14:30-16:00','occupied','2026-06-03 04:30:05','2026-06-03 04:30:05'),(1064,37,'Jumat','16:00-17:30','available','2026-06-03 04:30:05','2026-06-03 04:30:05'),(1065,37,'Sabtu','09:00-10:30','occupied','2026-06-03 04:30:05','2026-06-03 04:30:05'),(1066,37,'Sabtu','10:30-12:00','available','2026-06-03 04:30:05','2026-06-03 04:30:05'),(1067,37,'Sabtu','13:00-14:30','available','2026-06-03 04:30:05','2026-06-03 04:30:05'),(1068,37,'Sabtu','14:30-16:00','available','2026-06-03 04:30:05','2026-06-03 04:30:05'),(1069,38,'Senin','09:00-10:30','available','2026-06-03 04:30:05','2026-06-03 04:30:05'),(1070,38,'Senin','10:30-12:00','available','2026-06-03 04:30:05','2026-06-03 04:30:05'),(1071,38,'Senin','13:00-14:30','available','2026-06-03 04:30:05','2026-06-03 04:30:05'),(1072,38,'Senin','14:30-16:00','available','2026-06-03 04:30:05','2026-06-03 04:30:05'),(1073,38,'Selasa','09:00-10:30','available','2026-06-03 04:30:05','2026-06-03 04:30:05'),(1074,38,'Selasa','10:30-12:00','available','2026-06-03 04:30:05','2026-06-03 04:30:05'),(1075,38,'Selasa','13:00-14:30','available','2026-06-03 04:30:05','2026-06-03 04:30:05'),(1076,38,'Selasa','14:30-16:00','available','2026-06-03 04:30:05','2026-06-03 04:30:05'),(1077,38,'Selasa','16:00-17:30','available','2026-06-03 04:30:05','2026-06-03 04:30:05'),(1078,38,'Rabu','09:00-10:30','available','2026-06-03 04:30:05','2026-06-03 04:30:05'),(1079,38,'Rabu','10:30-12:00','available','2026-06-03 04:30:05','2026-06-03 04:30:05'),(1080,38,'Rabu','13:00-14:30','available','2026-06-03 04:30:05','2026-06-03 04:30:05'),(1081,38,'Rabu','14:30-16:00','available','2026-06-03 04:30:05','2026-06-03 04:30:05'),(1082,38,'Rabu','16:00-17:30','available','2026-06-03 04:30:05','2026-06-03 04:30:05'),(1083,38,'Kamis','09:00-10:30','available','2026-06-03 04:30:05','2026-06-03 04:30:05'),(1084,38,'Kamis','10:30-12:00','available','2026-06-03 04:30:05','2026-06-03 04:30:05'),(1085,38,'Kamis','13:00-14:30','available','2026-06-03 04:30:05','2026-06-03 04:30:05'),(1086,38,'Kamis','14:30-16:00','available','2026-06-03 04:30:05','2026-06-03 04:30:05'),(1087,38,'Kamis','16:00-17:30','available','2026-06-03 04:30:05','2026-06-03 04:30:05'),(1088,38,'Jumat','09:00-10:30','available','2026-06-03 04:30:05','2026-06-03 04:30:05'),(1089,38,'Jumat','10:30-12:00','available','2026-06-03 04:30:05','2026-06-03 04:30:05'),(1090,38,'Jumat','13:00-14:30','available','2026-06-03 04:30:05','2026-06-03 04:30:05'),(1091,38,'Jumat','14:30-16:00','available','2026-06-03 04:30:05','2026-06-03 04:30:05'),(1092,38,'Sabtu','09:00-10:30','available','2026-06-03 04:30:05','2026-06-03 04:30:05'),(1093,38,'Sabtu','10:30-12:00','occupied','2026-06-03 04:30:05','2026-06-03 04:30:05'),(1094,38,'Sabtu','13:00-14:30','available','2026-06-03 04:30:05','2026-06-03 04:30:05'),(1095,38,'Sabtu','14:30-16:00','available','2026-06-03 04:30:05','2026-06-03 04:30:05'),(1096,39,'Senin','09:00-10:30','available','2026-06-03 04:30:05','2026-06-03 04:30:05'),(1097,39,'Senin','10:30-12:00','available','2026-06-03 04:30:05','2026-06-03 04:30:05'),(1098,39,'Senin','13:00-14:30','available','2026-06-03 04:30:05','2026-06-03 04:30:05'),(1099,39,'Senin','14:30-16:00','available','2026-06-03 04:30:05','2026-06-03 04:30:05'),(1100,39,'Selasa','09:00-10:30','available','2026-06-03 04:30:05','2026-06-03 04:30:05'),(1101,39,'Selasa','10:30-12:00','available','2026-06-03 04:30:05','2026-06-03 04:30:05'),(1102,39,'Selasa','13:00-14:30','available','2026-06-03 04:30:05','2026-06-03 04:30:05'),(1103,39,'Selasa','14:30-16:00','available','2026-06-03 04:30:05','2026-06-03 04:30:05'),(1104,39,'Rabu','09:00-10:30','occupied','2026-06-03 04:30:05','2026-06-03 04:30:05'),(1105,39,'Rabu','10:30-12:00','available','2026-06-03 04:30:05','2026-06-03 04:30:05'),(1106,39,'Rabu','13:00-14:30','available','2026-06-03 04:30:05','2026-06-03 04:30:05'),(1107,39,'Rabu','14:30-16:00','available','2026-06-03 04:30:05','2026-06-03 04:30:05'),(1108,39,'Rabu','16:00-17:30','available','2026-06-03 04:30:05','2026-06-03 04:30:05'),(1109,39,'Rabu','18:30-20:00','available','2026-06-03 04:30:05','2026-06-03 04:30:05'),(1110,39,'Kamis','09:00-10:30','available','2026-06-03 04:30:05','2026-06-03 04:30:05'),(1111,39,'Kamis','10:30-12:00','available','2026-06-03 04:30:05','2026-06-03 04:30:05'),(1112,39,'Kamis','13:00-14:30','available','2026-06-03 04:30:05','2026-06-03 04:30:05'),(1113,39,'Kamis','14:30-16:00','available','2026-06-03 04:30:05','2026-06-03 04:30:05'),(1114,39,'Kamis','16:00-17:30','available','2026-06-03 04:30:05','2026-06-03 04:30:05'),(1115,39,'Kamis','18:30-20:00','available','2026-06-03 04:30:05','2026-06-03 04:30:05'),(1116,39,'Jumat','09:00-10:30','available','2026-06-03 04:30:05','2026-06-03 04:30:05'),(1117,39,'Jumat','10:30-12:00','available','2026-06-03 04:30:05','2026-06-03 04:30:05'),(1118,39,'Jumat','13:00-14:30','available','2026-06-03 04:30:05','2026-06-03 04:30:05'),(1119,39,'Jumat','14:30-16:00','available','2026-06-03 04:30:05','2026-06-03 04:30:05'),(1120,39,'Jumat','16:00-17:30','available','2026-06-03 04:30:05','2026-06-03 04:30:05'),(1121,39,'Sabtu','09:00-10:30','available','2026-06-03 04:30:05','2026-06-03 04:30:05'),(1122,39,'Sabtu','10:30-12:00','available','2026-06-03 04:30:05','2026-06-03 04:30:05'),(1123,39,'Sabtu','13:00-14:30','available','2026-06-03 04:30:05','2026-06-03 04:30:05'),(1124,39,'Sabtu','14:30-16:00','available','2026-06-03 04:30:05','2026-06-03 04:30:05'),(1125,40,'Senin','09:00-10:30','available','2026-06-03 04:30:05','2026-06-03 04:30:05'),(1126,40,'Senin','10:30-12:00','available','2026-06-03 04:30:05','2026-06-03 04:30:05'),(1127,40,'Senin','13:00-14:30','available','2026-06-03 04:30:05','2026-06-03 04:30:05'),(1128,40,'Senin','14:30-16:00','available','2026-06-03 04:30:05','2026-06-03 04:30:05'),(1129,40,'Senin','16:00-17:30','available','2026-06-03 04:30:05','2026-06-03 04:30:05'),(1130,40,'Senin','18:30-20:00','available','2026-06-03 04:30:05','2026-06-03 04:30:05'),(1131,40,'Selasa','09:00-10:30','available','2026-06-03 04:30:05','2026-06-03 04:30:05'),(1132,40,'Selasa','10:30-12:00','occupied','2026-06-03 04:30:05','2026-06-03 04:30:05'),(1133,40,'Selasa','13:00-14:30','available','2026-06-03 04:30:05','2026-06-03 04:30:05'),(1134,40,'Selasa','14:30-16:00','available','2026-06-03 04:30:05','2026-06-03 04:30:05'),(1135,40,'Rabu','09:00-10:30','available','2026-06-03 04:30:05','2026-06-03 04:30:05'),(1136,40,'Rabu','10:30-12:00','available','2026-06-03 04:30:05','2026-06-03 04:30:05'),(1137,40,'Rabu','13:00-14:30','available','2026-06-03 04:30:05','2026-06-03 04:30:05'),(1138,40,'Rabu','14:30-16:00','available','2026-06-03 04:30:05','2026-06-03 04:30:05'),(1139,40,'Rabu','16:00-17:30','available','2026-06-03 04:30:05','2026-06-03 04:30:05'),(1140,40,'Kamis','09:00-10:30','available','2026-06-03 04:30:05','2026-06-03 04:30:05'),(1141,40,'Kamis','10:30-12:00','available','2026-06-03 04:30:05','2026-06-03 04:30:05'),(1142,40,'Kamis','13:00-14:30','available','2026-06-03 04:30:05','2026-06-03 04:30:05'),(1143,40,'Kamis','14:30-16:00','available','2026-06-03 04:30:05','2026-06-03 04:30:05'),(1144,40,'Jumat','09:00-10:30','available','2026-06-03 04:30:05','2026-06-03 04:30:05'),(1145,40,'Jumat','10:30-12:00','available','2026-06-03 04:30:05','2026-06-03 04:30:05'),(1146,40,'Jumat','13:00-14:30','available','2026-06-03 04:30:05','2026-06-03 04:30:05'),(1147,40,'Jumat','14:30-16:00','occupied','2026-06-03 04:30:05','2026-06-03 04:30:05'),(1148,40,'Sabtu','09:00-10:30','occupied','2026-06-03 04:30:05','2026-06-03 04:30:05'),(1149,40,'Sabtu','10:30-12:00','available','2026-06-03 04:30:05','2026-06-03 04:30:05'),(1150,40,'Sabtu','13:00-14:30','available','2026-06-03 04:30:05','2026-06-03 04:30:05'),(1151,40,'Sabtu','14:30-16:00','available','2026-06-03 04:30:05','2026-06-03 04:30:05');
/*!40000 ALTER TABLE `tutor_availability` ENABLE KEYS */;
UNLOCK TABLES;

--
-- Table structure for table `tutor_rates`
--

DROP TABLE IF EXISTS `tutor_rates`;
/*!40101 SET @saved_cs_client     = @@character_set_client */;
/*!50503 SET character_set_client = utf8mb4 */;
CREATE TABLE `tutor_rates` (
  `id` bigint unsigned NOT NULL AUTO_INCREMENT,
  `tutor_id` bigint unsigned NOT NULL,
  `program_id` bigint unsigned NOT NULL,
  `rate` decimal(15,2) NOT NULL,
  `created_at` timestamp NULL DEFAULT NULL,
  `updated_at` timestamp NULL DEFAULT NULL,
  PRIMARY KEY (`id`),
  UNIQUE KEY `tutor_rates_tutor_id_program_id_unique` (`tutor_id`,`program_id`),
  KEY `tutor_rates_program_id_foreign` (`program_id`),
  CONSTRAINT `tutor_rates_program_id_foreign` FOREIGN KEY (`program_id`) REFERENCES `programs` (`id`) ON DELETE CASCADE,
  CONSTRAINT `tutor_rates_tutor_id_foreign` FOREIGN KEY (`tutor_id`) REFERENCES `tutors` (`id`) ON DELETE CASCADE
) ENGINE=InnoDB AUTO_INCREMENT=669 DEFAULT CHARSET=utf8mb4 COLLATE=utf8mb4_unicode_ci;
/*!40101 SET character_set_client = @saved_cs_client */;

--
-- Dumping data for table `tutor_rates`
--

LOCK TABLES `tutor_rates` WRITE;
/*!40000 ALTER TABLE `tutor_rates` DISABLE KEYS */;
INSERT INTO `tutor_rates` VALUES (1,1,30,55000.00,'2026-06-03 04:30:01','2026-06-03 04:30:01'),(2,1,20,70000.00,'2026-06-03 04:30:01','2026-06-03 04:30:01'),(3,1,17,60000.00,'2026-06-03 04:30:01','2026-06-03 04:30:01'),(4,1,27,70000.00,'2026-06-03 04:30:01','2026-06-03 04:30:01'),(5,1,3,75000.00,'2026-06-03 04:30:01','2026-06-03 04:30:01'),(6,1,12,100000.00,'2026-06-03 04:30:01','2026-06-03 04:30:01'),(7,1,15,75000.00,'2026-06-03 04:30:01','2026-06-03 04:30:01'),(8,1,7,95000.00,'2026-06-03 04:30:01','2026-06-03 04:30:01'),(9,1,26,70000.00,'2026-06-03 04:30:01','2026-06-03 04:30:01'),(10,1,9,85000.00,'2026-06-03 04:30:01','2026-06-03 04:30:01'),(11,1,4,85000.00,'2026-06-03 04:30:01','2026-06-03 04:30:01'),(12,1,8,85000.00,'2026-06-03 04:30:01','2026-06-03 04:30:01'),(13,1,10,85000.00,'2026-06-03 04:30:01','2026-06-03 04:30:01'),(14,1,28,80000.00,'2026-06-03 04:30:01','2026-06-03 04:30:01'),(15,1,24,60000.00,'2026-06-03 04:30:01','2026-06-03 04:30:01'),(16,1,11,100000.00,'2026-06-03 04:30:01','2026-06-03 04:30:01'),(17,1,31,55000.00,'2026-06-03 04:30:01','2026-06-03 04:30:01'),(18,1,1,85000.00,'2026-06-03 04:30:01','2026-06-03 04:30:01'),(19,1,29,50000.00,'2026-06-03 04:30:01','2026-06-03 04:30:01'),(20,1,5,100000.00,'2026-06-03 04:30:01','2026-06-03 04:30:01'),(21,2,6,85000.00,'2026-06-03 04:30:01','2026-06-03 04:30:01'),(22,2,28,70000.00,'2026-06-03 04:30:01','2026-06-03 04:30:01'),(23,2,10,85000.00,'2026-06-03 04:30:01','2026-06-03 04:30:01'),(24,2,18,60000.00,'2026-06-03 04:30:01','2026-06-03 04:30:01'),(25,2,15,75000.00,'2026-06-03 04:30:01','2026-06-03 04:30:01'),(26,2,14,75000.00,'2026-06-03 04:30:01','2026-06-03 04:30:01'),(27,2,31,50000.00,'2026-06-03 04:30:01','2026-06-03 04:30:01'),(28,2,4,75000.00,'2026-06-03 04:30:01','2026-06-03 04:30:01'),(29,2,27,60000.00,'2026-06-03 04:30:01','2026-06-03 04:30:01'),(30,2,13,95000.00,'2026-06-03 04:30:01','2026-06-03 04:30:01'),(31,2,8,95000.00,'2026-06-03 04:30:01','2026-06-03 04:30:01'),(32,2,1,85000.00,'2026-06-03 04:30:01','2026-06-03 04:30:01'),(33,2,9,100000.00,'2026-06-03 04:30:01','2026-06-03 04:30:01'),(34,2,24,60000.00,'2026-06-03 04:30:01','2026-06-03 04:30:01'),(35,3,29,50000.00,'2026-06-03 04:30:01','2026-06-03 04:30:01'),(36,3,14,100000.00,'2026-06-03 04:30:01','2026-06-03 04:30:01'),(37,3,30,60000.00,'2026-06-03 04:30:01','2026-06-03 04:30:01'),(38,3,31,60000.00,'2026-06-03 04:30:01','2026-06-03 04:30:01'),(39,3,3,75000.00,'2026-06-03 04:30:01','2026-06-03 04:30:01'),(40,3,7,85000.00,'2026-06-03 04:30:01','2026-06-03 04:30:01'),(41,3,10,100000.00,'2026-06-03 04:30:01','2026-06-03 04:30:01'),(42,3,2,95000.00,'2026-06-03 04:30:01','2026-06-03 04:30:01'),(43,3,1,95000.00,'2026-06-03 04:30:01','2026-06-03 04:30:01'),(44,3,11,75000.00,'2026-06-03 04:30:01','2026-06-03 04:30:01'),(45,3,28,80000.00,'2026-06-03 04:30:01','2026-06-03 04:30:01'),(46,3,9,95000.00,'2026-06-03 04:30:01','2026-06-03 04:30:01'),(47,3,27,70000.00,'2026-06-03 04:30:01','2026-06-03 04:30:01'),(48,3,20,70000.00,'2026-06-03 04:30:01','2026-06-03 04:30:01'),(49,3,12,95000.00,'2026-06-03 04:30:01','2026-06-03 04:30:01'),(50,3,25,60000.00,'2026-06-03 04:30:01','2026-06-03 04:30:01'),(51,3,21,70000.00,'2026-06-03 04:30:01','2026-06-03 04:30:01'),(52,3,33,50000.00,'2026-06-03 04:30:01','2026-06-03 04:30:01'),(53,4,6,95000.00,'2026-06-03 04:30:01','2026-06-03 04:30:01'),(54,4,13,75000.00,'2026-06-03 04:30:01','2026-06-03 04:30:01'),(55,4,2,95000.00,'2026-06-03 04:30:01','2026-06-03 04:30:01'),(56,4,33,55000.00,'2026-06-03 04:30:01','2026-06-03 04:30:01'),(57,4,22,80000.00,'2026-06-03 04:30:01','2026-06-03 04:30:01'),(58,4,24,60000.00,'2026-06-03 04:30:01','2026-06-03 04:30:01'),(59,4,5,95000.00,'2026-06-03 04:30:01','2026-06-03 04:30:01'),(60,4,14,85000.00,'2026-06-03 04:30:01','2026-06-03 04:30:01'),(61,4,8,75000.00,'2026-06-03 04:30:01','2026-06-03 04:30:01'),(62,4,9,75000.00,'2026-06-03 04:30:01','2026-06-03 04:30:01'),(63,4,23,60000.00,'2026-06-03 04:30:01','2026-06-03 04:30:01'),(64,4,21,70000.00,'2026-06-03 04:30:01','2026-06-03 04:30:01'),(65,4,10,75000.00,'2026-06-03 04:30:01','2026-06-03 04:30:01'),(66,4,18,70000.00,'2026-06-03 04:30:01','2026-06-03 04:30:01'),(67,4,30,50000.00,'2026-06-03 04:30:01','2026-06-03 04:30:01'),(68,4,32,50000.00,'2026-06-03 04:30:01','2026-06-03 04:30:01'),(69,4,4,85000.00,'2026-06-03 04:30:01','2026-06-03 04:30:01'),(70,4,29,55000.00,'2026-06-03 04:30:01','2026-06-03 04:30:01'),(71,5,11,100000.00,'2026-06-03 04:30:01','2026-06-03 04:30:01'),(72,5,27,60000.00,'2026-06-03 04:30:01','2026-06-03 04:30:01'),(73,5,32,60000.00,'2026-06-03 04:30:01','2026-06-03 04:30:01'),(74,5,25,80000.00,'2026-06-03 04:30:01','2026-06-03 04:30:01'),(75,5,22,60000.00,'2026-06-03 04:30:01','2026-06-03 04:30:01'),(76,5,12,95000.00,'2026-06-03 04:30:01','2026-06-03 04:30:01'),(77,5,5,85000.00,'2026-06-03 04:30:01','2026-06-03 04:30:01'),(78,5,31,60000.00,'2026-06-03 04:30:01','2026-06-03 04:30:01'),(79,5,3,75000.00,'2026-06-03 04:30:01','2026-06-03 04:30:01'),(80,5,10,95000.00,'2026-06-03 04:30:01','2026-06-03 04:30:01'),(81,5,29,50000.00,'2026-06-03 04:30:01','2026-06-03 04:30:01'),(82,5,19,60000.00,'2026-06-03 04:30:01','2026-06-03 04:30:01'),(83,5,15,85000.00,'2026-06-03 04:30:01','2026-06-03 04:30:01'),(84,5,24,60000.00,'2026-06-03 04:30:01','2026-06-03 04:30:01'),(85,5,28,70000.00,'2026-06-03 04:30:01','2026-06-03 04:30:01'),(86,5,1,75000.00,'2026-06-03 04:30:01','2026-06-03 04:30:01'),(87,5,2,75000.00,'2026-06-03 04:30:01','2026-06-03 04:30:01'),(88,5,23,60000.00,'2026-06-03 04:30:01','2026-06-03 04:30:01'),(89,6,19,60000.00,'2026-06-03 04:30:01','2026-06-03 04:30:01'),(90,6,2,95000.00,'2026-06-03 04:30:01','2026-06-03 04:30:01'),(91,6,16,85000.00,'2026-06-03 04:30:01','2026-06-03 04:30:01'),(92,6,24,60000.00,'2026-06-03 04:30:01','2026-06-03 04:30:01'),(93,6,29,50000.00,'2026-06-03 04:30:01','2026-06-03 04:30:01'),(94,6,3,75000.00,'2026-06-03 04:30:01','2026-06-03 04:30:01'),(95,6,21,60000.00,'2026-06-03 04:30:01','2026-06-03 04:30:01'),(96,6,27,70000.00,'2026-06-03 04:30:01','2026-06-03 04:30:01'),(97,6,30,60000.00,'2026-06-03 04:30:01','2026-06-03 04:30:01'),(98,6,17,70000.00,'2026-06-03 04:30:01','2026-06-03 04:30:01'),(99,6,5,95000.00,'2026-06-03 04:30:01','2026-06-03 04:30:01'),(100,6,4,95000.00,'2026-06-03 04:30:01','2026-06-03 04:30:01'),(101,6,31,50000.00,'2026-06-03 04:30:01','2026-06-03 04:30:01'),(102,6,26,60000.00,'2026-06-03 04:30:01','2026-06-03 04:30:01'),(103,6,6,95000.00,'2026-06-03 04:30:01','2026-06-03 04:30:01'),(104,6,22,60000.00,'2026-06-03 04:30:01','2026-06-03 04:30:01'),(105,6,11,95000.00,'2026-06-03 04:30:01','2026-06-03 04:30:01'),(106,6,23,70000.00,'2026-06-03 04:30:01','2026-06-03 04:30:01'),(107,7,15,95000.00,'2026-06-03 04:30:01','2026-06-03 04:30:01'),(108,7,5,95000.00,'2026-06-03 04:30:01','2026-06-03 04:30:01'),(109,7,7,85000.00,'2026-06-03 04:30:01','2026-06-03 04:30:01'),(110,7,14,100000.00,'2026-06-03 04:30:01','2026-06-03 04:30:01'),(111,7,27,80000.00,'2026-06-03 04:30:01','2026-06-03 04:30:01'),(112,7,30,60000.00,'2026-06-03 04:30:01','2026-06-03 04:30:01'),(113,7,33,55000.00,'2026-06-03 04:30:01','2026-06-03 04:30:01'),(114,7,31,55000.00,'2026-06-03 04:30:01','2026-06-03 04:30:01'),(115,7,4,95000.00,'2026-06-03 04:30:01','2026-06-03 04:30:01'),(116,7,16,100000.00,'2026-06-03 04:30:01','2026-06-03 04:30:01'),(117,7,24,70000.00,'2026-06-03 04:30:01','2026-06-03 04:30:01'),(118,7,29,60000.00,'2026-06-03 04:30:01','2026-06-03 04:30:01'),(119,8,11,95000.00,'2026-06-03 04:30:01','2026-06-03 04:30:01'),(120,8,18,60000.00,'2026-06-03 04:30:01','2026-06-03 04:30:01'),(121,8,23,80000.00,'2026-06-03 04:30:01','2026-06-03 04:30:01'),(122,8,5,85000.00,'2026-06-03 04:30:01','2026-06-03 04:30:01'),(123,8,1,100000.00,'2026-06-03 04:30:01','2026-06-03 04:30:01'),(124,8,20,80000.00,'2026-06-03 04:30:01','2026-06-03 04:30:01'),(125,8,17,60000.00,'2026-06-03 04:30:01','2026-06-03 04:30:01'),(126,8,7,75000.00,'2026-06-03 04:30:01','2026-06-03 04:30:01'),(127,8,2,100000.00,'2026-06-03 04:30:01','2026-06-03 04:30:01'),(128,8,6,75000.00,'2026-06-03 04:30:01','2026-06-03 04:30:01'),(129,8,26,60000.00,'2026-06-03 04:30:01','2026-06-03 04:30:01'),(130,8,10,85000.00,'2026-06-03 04:30:01','2026-06-03 04:30:01'),(131,8,29,55000.00,'2026-06-03 04:30:01','2026-06-03 04:30:01'),(132,8,3,95000.00,'2026-06-03 04:30:01','2026-06-03 04:30:01'),(133,9,10,100000.00,'2026-06-03 04:30:01','2026-06-03 04:30:01'),(134,9,16,75000.00,'2026-06-03 04:30:01','2026-06-03 04:30:01'),(135,9,7,75000.00,'2026-06-03 04:30:01','2026-06-03 04:30:01'),(136,9,21,60000.00,'2026-06-03 04:30:01','2026-06-03 04:30:01'),(137,9,1,85000.00,'2026-06-03 04:30:01','2026-06-03 04:30:01'),(138,9,4,95000.00,'2026-06-03 04:30:01','2026-06-03 04:30:01'),(139,9,26,60000.00,'2026-06-03 04:30:01','2026-06-03 04:30:01'),(140,9,32,55000.00,'2026-06-03 04:30:01','2026-06-03 04:30:01'),(141,9,18,60000.00,'2026-06-03 04:30:01','2026-06-03 04:30:01'),(142,9,20,80000.00,'2026-06-03 04:30:01','2026-06-03 04:30:01'),(143,9,14,75000.00,'2026-06-03 04:30:01','2026-06-03 04:30:01'),(144,9,17,70000.00,'2026-06-03 04:30:01','2026-06-03 04:30:01'),(145,9,19,60000.00,'2026-06-03 04:30:01','2026-06-03 04:30:01'),(146,9,2,75000.00,'2026-06-03 04:30:01','2026-06-03 04:30:01'),(147,9,30,55000.00,'2026-06-03 04:30:01','2026-06-03 04:30:01'),(148,9,29,55000.00,'2026-06-03 04:30:01','2026-06-03 04:30:01'),(149,9,9,100000.00,'2026-06-03 04:30:01','2026-06-03 04:30:01'),(150,9,8,95000.00,'2026-06-03 04:30:01','2026-06-03 04:30:01'),(151,9,27,60000.00,'2026-06-03 04:30:01','2026-06-03 04:30:01'),(152,9,15,95000.00,'2026-06-03 04:30:01','2026-06-03 04:30:01'),(153,10,15,85000.00,'2026-06-03 04:30:01','2026-06-03 04:30:01'),(154,10,7,95000.00,'2026-06-03 04:30:01','2026-06-03 04:30:01'),(155,10,16,100000.00,'2026-06-03 04:30:01','2026-06-03 04:30:01'),(156,10,29,50000.00,'2026-06-03 04:30:01','2026-06-03 04:30:01'),(157,10,11,100000.00,'2026-06-03 04:30:01','2026-06-03 04:30:01'),(158,10,19,80000.00,'2026-06-03 04:30:01','2026-06-03 04:30:01'),(159,10,1,95000.00,'2026-06-03 04:30:01','2026-06-03 04:30:01'),(160,10,30,60000.00,'2026-06-03 04:30:01','2026-06-03 04:30:01'),(161,10,5,75000.00,'2026-06-03 04:30:01','2026-06-03 04:30:01'),(162,10,20,60000.00,'2026-06-03 04:30:01','2026-06-03 04:30:01'),(163,10,13,100000.00,'2026-06-03 04:30:01','2026-06-03 04:30:01'),(164,10,31,55000.00,'2026-06-03 04:30:01','2026-06-03 04:30:01'),(165,10,8,100000.00,'2026-06-03 04:30:01','2026-06-03 04:30:01'),(166,10,32,55000.00,'2026-06-03 04:30:01','2026-06-03 04:30:01'),(167,10,14,95000.00,'2026-06-03 04:30:01','2026-06-03 04:30:01'),(168,10,3,75000.00,'2026-06-03 04:30:01','2026-06-03 04:30:01'),(169,10,6,95000.00,'2026-06-03 04:30:01','2026-06-03 04:30:01'),(170,10,23,70000.00,'2026-06-03 04:30:01','2026-06-03 04:30:01'),(171,11,3,100000.00,'2026-06-03 04:30:01','2026-06-03 04:30:01'),(172,11,31,55000.00,'2026-06-03 04:30:01','2026-06-03 04:30:01'),(173,11,30,60000.00,'2026-06-03 04:30:01','2026-06-03 04:30:01'),(174,11,33,50000.00,'2026-06-03 04:30:01','2026-06-03 04:30:01'),(175,11,8,85000.00,'2026-06-03 04:30:01','2026-06-03 04:30:01'),(176,11,2,85000.00,'2026-06-03 04:30:01','2026-06-03 04:30:01'),(177,11,15,75000.00,'2026-06-03 04:30:01','2026-06-03 04:30:01'),(178,11,12,85000.00,'2026-06-03 04:30:01','2026-06-03 04:30:01'),(179,11,1,75000.00,'2026-06-03 04:30:01','2026-06-03 04:30:01'),(180,11,9,100000.00,'2026-06-03 04:30:01','2026-06-03 04:30:01'),(181,11,13,85000.00,'2026-06-03 04:30:01','2026-06-03 04:30:01'),(182,11,7,100000.00,'2026-06-03 04:30:01','2026-06-03 04:30:01'),(183,11,32,60000.00,'2026-06-03 04:30:01','2026-06-03 04:30:01'),(184,11,20,80000.00,'2026-06-03 04:30:01','2026-06-03 04:30:01'),(185,11,24,80000.00,'2026-06-03 04:30:01','2026-06-03 04:30:01'),(186,11,6,75000.00,'2026-06-03 04:30:01','2026-06-03 04:30:01'),(187,11,16,100000.00,'2026-06-03 04:30:01','2026-06-03 04:30:01'),(188,11,4,75000.00,'2026-06-03 04:30:01','2026-06-03 04:30:01'),(189,11,5,85000.00,'2026-06-03 04:30:01','2026-06-03 04:30:01'),(190,12,12,75000.00,'2026-06-03 04:30:01','2026-06-03 04:30:01'),(191,12,30,60000.00,'2026-06-03 04:30:01','2026-06-03 04:30:01'),(192,12,15,100000.00,'2026-06-03 04:30:01','2026-06-03 04:30:01'),(193,12,20,70000.00,'2026-06-03 04:30:01','2026-06-03 04:30:01'),(194,12,4,85000.00,'2026-06-03 04:30:01','2026-06-03 04:30:01'),(195,12,33,55000.00,'2026-06-03 04:30:01','2026-06-03 04:30:01'),(196,12,11,75000.00,'2026-06-03 04:30:01','2026-06-03 04:30:01'),(197,12,16,100000.00,'2026-06-03 04:30:01','2026-06-03 04:30:01'),(198,12,29,60000.00,'2026-06-03 04:30:01','2026-06-03 04:30:01'),(199,12,8,85000.00,'2026-06-03 04:30:01','2026-06-03 04:30:01'),(200,12,13,95000.00,'2026-06-03 04:30:01','2026-06-03 04:30:01'),(201,12,3,85000.00,'2026-06-03 04:30:01','2026-06-03 04:30:01'),(202,13,1,75000.00,'2026-06-03 04:30:01','2026-06-03 04:30:01'),(203,13,10,85000.00,'2026-06-03 04:30:01','2026-06-03 04:30:01'),(204,13,11,85000.00,'2026-06-03 04:30:01','2026-06-03 04:30:01'),(205,13,21,60000.00,'2026-06-03 04:30:01','2026-06-03 04:30:01'),(206,13,12,75000.00,'2026-06-03 04:30:01','2026-06-03 04:30:01'),(207,13,24,80000.00,'2026-06-03 04:30:01','2026-06-03 04:30:01'),(208,13,16,95000.00,'2026-06-03 04:30:01','2026-06-03 04:30:01'),(209,13,26,60000.00,'2026-06-03 04:30:01','2026-06-03 04:30:01'),(210,13,22,60000.00,'2026-06-03 04:30:01','2026-06-03 04:30:01'),(211,13,25,70000.00,'2026-06-03 04:30:01','2026-06-03 04:30:01'),(212,13,27,60000.00,'2026-06-03 04:30:01','2026-06-03 04:30:01'),(213,13,9,95000.00,'2026-06-03 04:30:01','2026-06-03 04:30:01'),(214,14,16,95000.00,'2026-06-03 04:30:01','2026-06-03 04:30:01'),(215,14,21,80000.00,'2026-06-03 04:30:01','2026-06-03 04:30:01'),(216,14,31,55000.00,'2026-06-03 04:30:01','2026-06-03 04:30:01'),(217,14,25,80000.00,'2026-06-03 04:30:01','2026-06-03 04:30:01'),(218,14,1,100000.00,'2026-06-03 04:30:01','2026-06-03 04:30:01'),(219,14,4,95000.00,'2026-06-03 04:30:01','2026-06-03 04:30:01'),(220,14,6,75000.00,'2026-06-03 04:30:01','2026-06-03 04:30:01'),(221,14,32,50000.00,'2026-06-03 04:30:01','2026-06-03 04:30:01'),(222,14,19,70000.00,'2026-06-03 04:30:01','2026-06-03 04:30:01'),(223,14,30,50000.00,'2026-06-03 04:30:01','2026-06-03 04:30:01'),(224,14,29,60000.00,'2026-06-03 04:30:01','2026-06-03 04:30:01'),(225,14,22,60000.00,'2026-06-03 04:30:01','2026-06-03 04:30:01'),(226,14,28,70000.00,'2026-06-03 04:30:01','2026-06-03 04:30:01'),(227,14,13,85000.00,'2026-06-03 04:30:01','2026-06-03 04:30:01'),(228,14,33,60000.00,'2026-06-03 04:30:01','2026-06-03 04:30:01'),(229,14,14,100000.00,'2026-06-03 04:30:01','2026-06-03 04:30:01'),(230,14,3,100000.00,'2026-06-03 04:30:01','2026-06-03 04:30:01'),(231,14,2,75000.00,'2026-06-03 04:30:01','2026-06-03 04:30:01'),(232,14,15,95000.00,'2026-06-03 04:30:01','2026-06-03 04:30:01'),(233,15,21,80000.00,'2026-06-03 04:30:01','2026-06-03 04:30:01'),(234,15,3,100000.00,'2026-06-03 04:30:01','2026-06-03 04:30:01'),(235,15,12,85000.00,'2026-06-03 04:30:01','2026-06-03 04:30:01'),(236,15,30,60000.00,'2026-06-03 04:30:01','2026-06-03 04:30:01'),(237,15,17,80000.00,'2026-06-03 04:30:01','2026-06-03 04:30:01'),(238,15,1,100000.00,'2026-06-03 04:30:01','2026-06-03 04:30:01'),(239,15,32,50000.00,'2026-06-03 04:30:01','2026-06-03 04:30:01'),(240,15,29,55000.00,'2026-06-03 04:30:01','2026-06-03 04:30:01'),(241,15,28,60000.00,'2026-06-03 04:30:01','2026-06-03 04:30:01'),(242,15,23,70000.00,'2026-06-03 04:30:01','2026-06-03 04:30:01'),(243,15,7,95000.00,'2026-06-03 04:30:01','2026-06-03 04:30:01'),(244,15,18,80000.00,'2026-06-03 04:30:01','2026-06-03 04:30:01'),(245,16,23,60000.00,'2026-06-03 04:30:01','2026-06-03 04:30:01'),(246,16,7,100000.00,'2026-06-03 04:30:01','2026-06-03 04:30:01'),(247,16,12,100000.00,'2026-06-03 04:30:01','2026-06-03 04:30:01'),(248,16,30,50000.00,'2026-06-03 04:30:01','2026-06-03 04:30:01'),(249,16,9,75000.00,'2026-06-03 04:30:01','2026-06-03 04:30:01'),(250,16,4,85000.00,'2026-06-03 04:30:01','2026-06-03 04:30:01'),(251,16,14,95000.00,'2026-06-03 04:30:01','2026-06-03 04:30:01'),(252,16,6,75000.00,'2026-06-03 04:30:01','2026-06-03 04:30:01'),(253,16,32,60000.00,'2026-06-03 04:30:01','2026-06-03 04:30:01'),(254,16,24,60000.00,'2026-06-03 04:30:01','2026-06-03 04:30:01'),(255,16,18,80000.00,'2026-06-03 04:30:01','2026-06-03 04:30:01'),(256,16,27,60000.00,'2026-06-03 04:30:01','2026-06-03 04:30:01'),(257,16,21,80000.00,'2026-06-03 04:30:01','2026-06-03 04:30:01'),(258,16,20,70000.00,'2026-06-03 04:30:01','2026-06-03 04:30:01'),(259,16,25,60000.00,'2026-06-03 04:30:01','2026-06-03 04:30:01'),(260,16,5,75000.00,'2026-06-03 04:30:01','2026-06-03 04:30:01'),(261,16,10,75000.00,'2026-06-03 04:30:01','2026-06-03 04:30:01'),(262,16,31,55000.00,'2026-06-03 04:30:01','2026-06-03 04:30:01'),(263,16,13,75000.00,'2026-06-03 04:30:01','2026-06-03 04:30:01'),(264,16,28,80000.00,'2026-06-03 04:30:01','2026-06-03 04:30:01'),(265,17,20,60000.00,'2026-06-03 04:30:01','2026-06-03 04:30:01'),(266,17,32,50000.00,'2026-06-03 04:30:01','2026-06-03 04:30:01'),(267,17,15,100000.00,'2026-06-03 04:30:01','2026-06-03 04:30:01'),(268,17,33,50000.00,'2026-06-03 04:30:01','2026-06-03 04:30:01'),(269,17,5,75000.00,'2026-06-03 04:30:01','2026-06-03 04:30:01'),(270,17,9,85000.00,'2026-06-03 04:30:01','2026-06-03 04:30:01'),(271,17,17,70000.00,'2026-06-03 04:30:01','2026-06-03 04:30:01'),(272,17,13,95000.00,'2026-06-03 04:30:01','2026-06-03 04:30:01'),(273,17,29,60000.00,'2026-06-03 04:30:01','2026-06-03 04:30:01'),(274,17,25,70000.00,'2026-06-03 04:30:01','2026-06-03 04:30:01'),(275,17,2,85000.00,'2026-06-03 04:30:01','2026-06-03 04:30:01'),(276,17,14,85000.00,'2026-06-03 04:30:01','2026-06-03 04:30:01'),(277,17,12,95000.00,'2026-06-03 04:30:01','2026-06-03 04:30:01'),(278,17,21,80000.00,'2026-06-03 04:30:01','2026-06-03 04:30:01'),(279,17,6,95000.00,'2026-06-03 04:30:01','2026-06-03 04:30:01'),(280,18,10,75000.00,'2026-06-03 04:30:01','2026-06-03 04:30:01'),(281,18,28,80000.00,'2026-06-03 04:30:01','2026-06-03 04:30:01'),(282,18,4,85000.00,'2026-06-03 04:30:01','2026-06-03 04:30:01'),(283,18,1,85000.00,'2026-06-03 04:30:01','2026-06-03 04:30:01'),(284,18,24,60000.00,'2026-06-03 04:30:01','2026-06-03 04:30:01'),(285,18,26,70000.00,'2026-06-03 04:30:01','2026-06-03 04:30:01'),(286,18,29,55000.00,'2026-06-03 04:30:01','2026-06-03 04:30:01'),(287,18,11,95000.00,'2026-06-03 04:30:01','2026-06-03 04:30:01'),(288,18,30,55000.00,'2026-06-03 04:30:01','2026-06-03 04:30:01'),(289,18,33,60000.00,'2026-06-03 04:30:01','2026-06-03 04:30:01'),(290,18,23,70000.00,'2026-06-03 04:30:01','2026-06-03 04:30:01'),(291,18,25,80000.00,'2026-06-03 04:30:01','2026-06-03 04:30:01'),(292,18,14,75000.00,'2026-06-03 04:30:01','2026-06-03 04:30:01'),(293,18,7,85000.00,'2026-06-03 04:30:01','2026-06-03 04:30:01'),(294,18,31,60000.00,'2026-06-03 04:30:01','2026-06-03 04:30:01'),(295,18,12,95000.00,'2026-06-03 04:30:01','2026-06-03 04:30:01'),(296,18,27,60000.00,'2026-06-03 04:30:01','2026-06-03 04:30:01'),(297,18,5,100000.00,'2026-06-03 04:30:01','2026-06-03 04:30:01'),(298,19,9,75000.00,'2026-06-03 04:30:01','2026-06-03 04:30:01'),(299,19,7,85000.00,'2026-06-03 04:30:01','2026-06-03 04:30:01'),(300,19,25,80000.00,'2026-06-03 04:30:01','2026-06-03 04:30:01'),(301,19,11,75000.00,'2026-06-03 04:30:01','2026-06-03 04:30:01'),(302,19,17,60000.00,'2026-06-03 04:30:01','2026-06-03 04:30:01'),(303,19,26,80000.00,'2026-06-03 04:30:01','2026-06-03 04:30:01'),(304,19,12,100000.00,'2026-06-03 04:30:01','2026-06-03 04:30:01'),(305,19,16,75000.00,'2026-06-03 04:30:01','2026-06-03 04:30:01'),(306,19,5,100000.00,'2026-06-03 04:30:01','2026-06-03 04:30:01'),(307,19,33,55000.00,'2026-06-03 04:30:01','2026-06-03 04:30:01'),(308,19,6,85000.00,'2026-06-03 04:30:01','2026-06-03 04:30:01'),(309,19,29,60000.00,'2026-06-03 04:30:01','2026-06-03 04:30:01'),(310,19,14,75000.00,'2026-06-03 04:30:01','2026-06-03 04:30:01'),(311,19,15,85000.00,'2026-06-03 04:30:01','2026-06-03 04:30:01'),(312,19,20,80000.00,'2026-06-03 04:30:01','2026-06-03 04:30:01'),(313,19,3,85000.00,'2026-06-03 04:30:01','2026-06-03 04:30:01'),(314,19,10,75000.00,'2026-06-03 04:30:01','2026-06-03 04:30:01'),(315,19,21,60000.00,'2026-06-03 04:30:01','2026-06-03 04:30:01'),(316,19,23,70000.00,'2026-06-03 04:30:01','2026-06-03 04:30:01'),(317,19,22,60000.00,'2026-06-03 04:30:01','2026-06-03 04:30:01'),(318,20,20,60000.00,'2026-06-03 04:30:01','2026-06-03 04:30:01'),(319,20,4,85000.00,'2026-06-03 04:30:01','2026-06-03 04:30:01'),(320,20,33,55000.00,'2026-06-03 04:30:01','2026-06-03 04:30:01'),(321,20,12,95000.00,'2026-06-03 04:30:01','2026-06-03 04:30:01'),(322,20,32,55000.00,'2026-06-03 04:30:01','2026-06-03 04:30:01'),(323,20,26,70000.00,'2026-06-03 04:30:01','2026-06-03 04:30:01'),(324,20,23,80000.00,'2026-06-03 04:30:01','2026-06-03 04:30:01'),(325,20,25,80000.00,'2026-06-03 04:30:01','2026-06-03 04:30:01'),(326,20,22,70000.00,'2026-06-03 04:30:01','2026-06-03 04:30:01'),(327,20,21,70000.00,'2026-06-03 04:30:01','2026-06-03 04:30:01'),(328,20,9,75000.00,'2026-06-03 04:30:01','2026-06-03 04:30:01'),(329,20,10,95000.00,'2026-06-03 04:30:01','2026-06-03 04:30:01'),(330,20,11,100000.00,'2026-06-03 04:30:01','2026-06-03 04:30:01'),(331,20,14,75000.00,'2026-06-03 04:30:01','2026-06-03 04:30:01'),(332,20,30,55000.00,'2026-06-03 04:30:01','2026-06-03 04:30:01'),(333,20,29,60000.00,'2026-06-03 04:30:01','2026-06-03 04:30:01'),(334,20,8,75000.00,'2026-06-03 04:30:01','2026-06-03 04:30:01'),(335,20,28,60000.00,'2026-06-03 04:30:01','2026-06-03 04:30:01'),(336,20,18,70000.00,'2026-06-03 04:30:01','2026-06-03 04:30:01'),(337,20,24,70000.00,'2026-06-03 04:30:01','2026-06-03 04:30:01'),(338,21,13,75000.00,'2026-06-03 04:30:01','2026-06-03 04:30:01'),(339,21,6,95000.00,'2026-06-03 04:30:01','2026-06-03 04:30:01'),(340,21,12,85000.00,'2026-06-03 04:30:01','2026-06-03 04:30:01'),(341,21,22,70000.00,'2026-06-03 04:30:01','2026-06-03 04:30:01'),(342,21,14,100000.00,'2026-06-03 04:30:01','2026-06-03 04:30:01'),(343,21,4,75000.00,'2026-06-03 04:30:01','2026-06-03 04:30:01'),(344,21,27,60000.00,'2026-06-03 04:30:01','2026-06-03 04:30:01'),(345,21,11,95000.00,'2026-06-03 04:30:01','2026-06-03 04:30:01'),(346,21,5,85000.00,'2026-06-03 04:30:01','2026-06-03 04:30:01'),(347,21,1,85000.00,'2026-06-03 04:30:01','2026-06-03 04:30:01'),(348,21,17,80000.00,'2026-06-03 04:30:01','2026-06-03 04:30:01'),(349,21,26,70000.00,'2026-06-03 04:30:01','2026-06-03 04:30:01'),(350,21,31,50000.00,'2026-06-03 04:30:01','2026-06-03 04:30:01'),(351,21,33,60000.00,'2026-06-03 04:30:01','2026-06-03 04:30:01'),(352,22,27,60000.00,'2026-06-03 04:30:01','2026-06-03 04:30:01'),(353,22,33,55000.00,'2026-06-03 04:30:01','2026-06-03 04:30:01'),(354,22,14,85000.00,'2026-06-03 04:30:01','2026-06-03 04:30:01'),(355,22,9,85000.00,'2026-06-03 04:30:01','2026-06-03 04:30:01'),(356,22,22,70000.00,'2026-06-03 04:30:01','2026-06-03 04:30:01'),(357,22,7,100000.00,'2026-06-03 04:30:01','2026-06-03 04:30:01'),(358,22,24,60000.00,'2026-06-03 04:30:01','2026-06-03 04:30:01'),(359,22,26,70000.00,'2026-06-03 04:30:01','2026-06-03 04:30:01'),(360,22,25,60000.00,'2026-06-03 04:30:01','2026-06-03 04:30:01'),(361,22,8,95000.00,'2026-06-03 04:30:01','2026-06-03 04:30:01'),(362,22,13,75000.00,'2026-06-03 04:30:01','2026-06-03 04:30:01'),(363,22,10,95000.00,'2026-06-03 04:30:01','2026-06-03 04:30:01'),(364,22,31,55000.00,'2026-06-03 04:30:01','2026-06-03 04:30:01'),(365,22,16,95000.00,'2026-06-03 04:30:01','2026-06-03 04:30:01'),(366,22,15,100000.00,'2026-06-03 04:30:01','2026-06-03 04:30:01'),(367,22,28,80000.00,'2026-06-03 04:30:01','2026-06-03 04:30:01'),(368,22,4,100000.00,'2026-06-03 04:30:01','2026-06-03 04:30:01'),(369,22,32,60000.00,'2026-06-03 04:30:01','2026-06-03 04:30:01'),(370,22,17,60000.00,'2026-06-03 04:30:01','2026-06-03 04:30:01'),(371,22,1,75000.00,'2026-06-03 04:30:01','2026-06-03 04:30:01'),(372,23,31,60000.00,'2026-06-03 04:30:01','2026-06-03 04:30:01'),(373,23,23,70000.00,'2026-06-03 04:30:01','2026-06-03 04:30:01'),(374,23,16,95000.00,'2026-06-03 04:30:01','2026-06-03 04:30:01'),(375,23,18,80000.00,'2026-06-03 04:30:01','2026-06-03 04:30:01'),(376,23,3,100000.00,'2026-06-03 04:30:01','2026-06-03 04:30:01'),(377,23,13,95000.00,'2026-06-03 04:30:01','2026-06-03 04:30:01'),(378,23,21,60000.00,'2026-06-03 04:30:01','2026-06-03 04:30:01'),(379,23,9,95000.00,'2026-06-03 04:30:01','2026-06-03 04:30:01'),(380,23,19,80000.00,'2026-06-03 04:30:01','2026-06-03 04:30:01'),(381,23,32,50000.00,'2026-06-03 04:30:01','2026-06-03 04:30:01'),(382,23,29,50000.00,'2026-06-03 04:30:01','2026-06-03 04:30:01'),(383,23,4,75000.00,'2026-06-03 04:30:01','2026-06-03 04:30:01'),(384,23,26,60000.00,'2026-06-03 04:30:01','2026-06-03 04:30:01'),(385,23,1,95000.00,'2026-06-03 04:30:01','2026-06-03 04:30:01'),(386,23,12,85000.00,'2026-06-03 04:30:01','2026-06-03 04:30:01'),(387,23,22,70000.00,'2026-06-03 04:30:01','2026-06-03 04:30:01'),(388,23,7,95000.00,'2026-06-03 04:30:01','2026-06-03 04:30:01'),(389,23,11,100000.00,'2026-06-03 04:30:01','2026-06-03 04:30:01'),(390,23,10,85000.00,'2026-06-03 04:30:01','2026-06-03 04:30:01'),(391,23,15,85000.00,'2026-06-03 04:30:01','2026-06-03 04:30:01'),(392,24,10,100000.00,'2026-06-03 04:30:01','2026-06-03 04:30:01'),(393,24,3,75000.00,'2026-06-03 04:30:01','2026-06-03 04:30:01'),(394,24,31,60000.00,'2026-06-03 04:30:01','2026-06-03 04:30:01'),(395,24,29,60000.00,'2026-06-03 04:30:01','2026-06-03 04:30:01'),(396,24,11,85000.00,'2026-06-03 04:30:01','2026-06-03 04:30:01'),(397,24,30,50000.00,'2026-06-03 04:30:01','2026-06-03 04:30:01'),(398,24,18,60000.00,'2026-06-03 04:30:01','2026-06-03 04:30:01'),(399,24,26,70000.00,'2026-06-03 04:30:01','2026-06-03 04:30:01'),(400,24,25,60000.00,'2026-06-03 04:30:01','2026-06-03 04:30:01'),(401,24,23,70000.00,'2026-06-03 04:30:01','2026-06-03 04:30:01'),(402,24,9,75000.00,'2026-06-03 04:30:01','2026-06-03 04:30:01'),(403,24,24,60000.00,'2026-06-03 04:30:01','2026-06-03 04:30:01'),(404,25,19,80000.00,'2026-06-03 04:30:01','2026-06-03 04:30:01'),(405,25,13,95000.00,'2026-06-03 04:30:01','2026-06-03 04:30:01'),(406,25,23,60000.00,'2026-06-03 04:30:01','2026-06-03 04:30:01'),(407,25,2,95000.00,'2026-06-03 04:30:01','2026-06-03 04:30:01'),(408,25,27,60000.00,'2026-06-03 04:30:01','2026-06-03 04:30:01'),(409,25,10,100000.00,'2026-06-03 04:30:01','2026-06-03 04:30:01'),(410,25,11,75000.00,'2026-06-03 04:30:01','2026-06-03 04:30:01'),(411,25,20,60000.00,'2026-06-03 04:30:01','2026-06-03 04:30:01'),(412,25,24,70000.00,'2026-06-03 04:30:01','2026-06-03 04:30:01'),(413,25,1,75000.00,'2026-06-03 04:30:01','2026-06-03 04:30:01'),(414,25,28,80000.00,'2026-06-03 04:30:01','2026-06-03 04:30:01'),(415,25,33,50000.00,'2026-06-03 04:30:01','2026-06-03 04:30:01'),(416,25,12,85000.00,'2026-06-03 04:30:01','2026-06-03 04:30:01'),(417,25,25,80000.00,'2026-06-03 04:30:01','2026-06-03 04:30:01'),(418,25,3,75000.00,'2026-06-03 04:30:01','2026-06-03 04:30:01'),(419,25,7,100000.00,'2026-06-03 04:30:01','2026-06-03 04:30:01'),(420,25,9,95000.00,'2026-06-03 04:30:01','2026-06-03 04:30:01'),(421,26,23,80000.00,'2026-06-03 04:30:01','2026-06-03 04:30:01'),(422,26,29,50000.00,'2026-06-03 04:30:01','2026-06-03 04:30:01'),(423,26,25,70000.00,'2026-06-03 04:30:01','2026-06-03 04:30:01'),(424,26,12,100000.00,'2026-06-03 04:30:01','2026-06-03 04:30:01'),(425,26,33,60000.00,'2026-06-03 04:30:01','2026-06-03 04:30:01'),(426,26,5,75000.00,'2026-06-03 04:30:01','2026-06-03 04:30:01'),(427,26,31,60000.00,'2026-06-03 04:30:01','2026-06-03 04:30:01'),(428,26,20,60000.00,'2026-06-03 04:30:01','2026-06-03 04:30:01'),(429,26,7,95000.00,'2026-06-03 04:30:01','2026-06-03 04:30:01'),(430,26,16,85000.00,'2026-06-03 04:30:01','2026-06-03 04:30:01'),(431,26,8,95000.00,'2026-06-03 04:30:01','2026-06-03 04:30:01'),(432,26,22,70000.00,'2026-06-03 04:30:01','2026-06-03 04:30:01'),(433,26,6,100000.00,'2026-06-03 04:30:01','2026-06-03 04:30:01'),(434,26,32,55000.00,'2026-06-03 04:30:01','2026-06-03 04:30:01'),(435,26,19,70000.00,'2026-06-03 04:30:01','2026-06-03 04:30:01'),(436,27,4,95000.00,'2026-06-03 04:30:01','2026-06-03 04:30:01'),(437,27,12,100000.00,'2026-06-03 04:30:01','2026-06-03 04:30:01'),(438,27,18,60000.00,'2026-06-03 04:30:01','2026-06-03 04:30:01'),(439,27,28,70000.00,'2026-06-03 04:30:01','2026-06-03 04:30:01'),(440,27,13,95000.00,'2026-06-03 04:30:01','2026-06-03 04:30:01'),(441,27,33,55000.00,'2026-06-03 04:30:01','2026-06-03 04:30:01'),(442,27,7,95000.00,'2026-06-03 04:30:01','2026-06-03 04:30:01'),(443,27,8,95000.00,'2026-06-03 04:30:01','2026-06-03 04:30:01'),(444,27,6,100000.00,'2026-06-03 04:30:01','2026-06-03 04:30:01'),(445,27,23,80000.00,'2026-06-03 04:30:01','2026-06-03 04:30:01'),(446,27,17,60000.00,'2026-06-03 04:30:01','2026-06-03 04:30:01'),(447,27,20,80000.00,'2026-06-03 04:30:01','2026-06-03 04:30:01'),(448,27,26,60000.00,'2026-06-03 04:30:01','2026-06-03 04:30:01'),(449,28,30,60000.00,'2026-06-03 04:30:01','2026-06-03 04:30:01'),(450,28,17,60000.00,'2026-06-03 04:30:01','2026-06-03 04:30:01'),(451,28,15,100000.00,'2026-06-03 04:30:01','2026-06-03 04:30:01'),(452,28,20,60000.00,'2026-06-03 04:30:01','2026-06-03 04:30:01'),(453,28,4,75000.00,'2026-06-03 04:30:01','2026-06-03 04:30:01'),(454,28,12,75000.00,'2026-06-03 04:30:01','2026-06-03 04:30:01'),(455,28,3,85000.00,'2026-06-03 04:30:01','2026-06-03 04:30:01'),(456,28,33,50000.00,'2026-06-03 04:30:01','2026-06-03 04:30:01'),(457,28,7,75000.00,'2026-06-03 04:30:01','2026-06-03 04:30:01'),(458,28,14,85000.00,'2026-06-03 04:30:01','2026-06-03 04:30:01'),(459,28,1,75000.00,'2026-06-03 04:30:01','2026-06-03 04:30:01'),(460,28,2,95000.00,'2026-06-03 04:30:01','2026-06-03 04:30:01'),(461,28,27,70000.00,'2026-06-03 04:30:01','2026-06-03 04:30:01'),(462,28,10,95000.00,'2026-06-03 04:30:01','2026-06-03 04:30:01'),(463,28,32,50000.00,'2026-06-03 04:30:01','2026-06-03 04:30:01'),(464,28,8,75000.00,'2026-06-03 04:30:01','2026-06-03 04:30:01'),(465,28,6,85000.00,'2026-06-03 04:30:01','2026-06-03 04:30:01'),(466,29,18,60000.00,'2026-06-03 04:30:01','2026-06-03 04:30:01'),(467,29,32,50000.00,'2026-06-03 04:30:01','2026-06-03 04:30:01'),(468,29,22,80000.00,'2026-06-03 04:30:01','2026-06-03 04:30:01'),(469,29,24,60000.00,'2026-06-03 04:30:01','2026-06-03 04:30:01'),(470,29,2,85000.00,'2026-06-03 04:30:01','2026-06-03 04:30:01'),(471,29,31,60000.00,'2026-06-03 04:30:01','2026-06-03 04:30:01'),(472,29,15,85000.00,'2026-06-03 04:30:01','2026-06-03 04:30:01'),(473,29,33,60000.00,'2026-06-03 04:30:01','2026-06-03 04:30:01'),(474,29,26,80000.00,'2026-06-03 04:30:01','2026-06-03 04:30:01'),(475,29,29,55000.00,'2026-06-03 04:30:01','2026-06-03 04:30:01'),(476,29,3,85000.00,'2026-06-03 04:30:01','2026-06-03 04:30:01'),(477,29,25,60000.00,'2026-06-03 04:30:01','2026-06-03 04:30:01'),(478,29,13,95000.00,'2026-06-03 04:30:01','2026-06-03 04:30:01'),(479,29,12,100000.00,'2026-06-03 04:30:01','2026-06-03 04:30:01'),(480,29,27,80000.00,'2026-06-03 04:30:01','2026-06-03 04:30:01'),(481,29,5,95000.00,'2026-06-03 04:30:01','2026-06-03 04:30:01'),(482,29,19,60000.00,'2026-06-03 04:30:01','2026-06-03 04:30:01'),(483,29,21,70000.00,'2026-06-03 04:30:01','2026-06-03 04:30:01'),(484,29,7,95000.00,'2026-06-03 04:30:01','2026-06-03 04:30:01'),(485,29,8,85000.00,'2026-06-03 04:30:01','2026-06-03 04:30:01'),(486,30,13,100000.00,'2026-06-03 04:30:01','2026-06-03 04:30:01'),(487,30,9,85000.00,'2026-06-03 04:30:01','2026-06-03 04:30:01'),(488,30,14,95000.00,'2026-06-03 04:30:01','2026-06-03 04:30:01'),(489,30,31,50000.00,'2026-06-03 04:30:01','2026-06-03 04:30:01'),(490,30,3,75000.00,'2026-06-03 04:30:01','2026-06-03 04:30:01'),(491,30,12,100000.00,'2026-06-03 04:30:01','2026-06-03 04:30:01'),(492,30,2,100000.00,'2026-06-03 04:30:01','2026-06-03 04:30:01'),(493,30,30,60000.00,'2026-06-03 04:30:01','2026-06-03 04:30:01'),(494,30,16,85000.00,'2026-06-03 04:30:01','2026-06-03 04:30:01'),(495,30,29,50000.00,'2026-06-03 04:30:01','2026-06-03 04:30:01'),(496,30,4,85000.00,'2026-06-03 04:30:01','2026-06-03 04:30:01'),(497,30,27,80000.00,'2026-06-03 04:30:01','2026-06-03 04:30:01'),(498,30,32,50000.00,'2026-06-03 04:30:01','2026-06-03 04:30:01'),(499,30,25,70000.00,'2026-06-03 04:30:01','2026-06-03 04:30:01'),(500,30,21,80000.00,'2026-06-03 04:30:01','2026-06-03 04:30:01'),(501,30,18,60000.00,'2026-06-03 04:30:01','2026-06-03 04:30:01'),(502,31,31,60000.00,'2026-06-03 04:30:01','2026-06-03 04:30:01'),(503,31,30,50000.00,'2026-06-03 04:30:01','2026-06-03 04:30:01'),(504,31,26,80000.00,'2026-06-03 04:30:01','2026-06-03 04:30:01'),(505,31,13,85000.00,'2026-06-03 04:30:01','2026-06-03 04:30:01'),(506,31,11,100000.00,'2026-06-03 04:30:01','2026-06-03 04:30:01'),(507,31,16,95000.00,'2026-06-03 04:30:01','2026-06-03 04:30:01'),(508,31,27,80000.00,'2026-06-03 04:30:01','2026-06-03 04:30:01'),(509,31,18,70000.00,'2026-06-03 04:30:01','2026-06-03 04:30:01'),(510,31,20,70000.00,'2026-06-03 04:30:01','2026-06-03 04:30:01'),(511,31,8,95000.00,'2026-06-03 04:30:01','2026-06-03 04:30:01'),(512,31,22,60000.00,'2026-06-03 04:30:01','2026-06-03 04:30:01'),(513,31,1,75000.00,'2026-06-03 04:30:01','2026-06-03 04:30:01'),(514,31,24,70000.00,'2026-06-03 04:30:01','2026-06-03 04:30:01'),(515,31,4,95000.00,'2026-06-03 04:30:01','2026-06-03 04:30:01'),(516,32,26,80000.00,'2026-06-03 04:30:01','2026-06-03 04:30:01'),(517,32,17,70000.00,'2026-06-03 04:30:01','2026-06-03 04:30:01'),(518,32,5,85000.00,'2026-06-03 04:30:01','2026-06-03 04:30:01'),(519,32,12,100000.00,'2026-06-03 04:30:01','2026-06-03 04:30:01'),(520,32,27,80000.00,'2026-06-03 04:30:01','2026-06-03 04:30:01'),(521,32,7,75000.00,'2026-06-03 04:30:01','2026-06-03 04:30:01'),(522,32,9,85000.00,'2026-06-03 04:30:01','2026-06-03 04:30:01'),(523,32,10,75000.00,'2026-06-03 04:30:01','2026-06-03 04:30:01'),(524,32,13,75000.00,'2026-06-03 04:30:01','2026-06-03 04:30:01'),(525,32,1,75000.00,'2026-06-03 04:30:01','2026-06-03 04:30:01'),(526,32,31,55000.00,'2026-06-03 04:30:01','2026-06-03 04:30:01'),(527,32,25,80000.00,'2026-06-03 04:30:01','2026-06-03 04:30:01'),(528,32,11,75000.00,'2026-06-03 04:30:01','2026-06-03 04:30:01'),(529,32,14,75000.00,'2026-06-03 04:30:01','2026-06-03 04:30:01'),(530,32,20,70000.00,'2026-06-03 04:30:01','2026-06-03 04:30:01'),(531,33,29,60000.00,'2026-06-03 04:30:01','2026-06-03 04:30:01'),(532,33,6,85000.00,'2026-06-03 04:30:01','2026-06-03 04:30:01'),(533,33,33,55000.00,'2026-06-03 04:30:01','2026-06-03 04:30:01'),(534,33,2,85000.00,'2026-06-03 04:30:01','2026-06-03 04:30:01'),(535,33,12,95000.00,'2026-06-03 04:30:01','2026-06-03 04:30:01'),(536,33,21,70000.00,'2026-06-03 04:30:01','2026-06-03 04:30:01'),(537,33,11,95000.00,'2026-06-03 04:30:01','2026-06-03 04:30:01'),(538,33,10,75000.00,'2026-06-03 04:30:01','2026-06-03 04:30:01'),(539,33,32,50000.00,'2026-06-03 04:30:01','2026-06-03 04:30:01'),(540,33,18,60000.00,'2026-06-03 04:30:01','2026-06-03 04:30:01'),(541,33,17,70000.00,'2026-06-03 04:30:01','2026-06-03 04:30:01'),(542,33,5,85000.00,'2026-06-03 04:30:01','2026-06-03 04:30:01'),(543,33,16,95000.00,'2026-06-03 04:30:01','2026-06-03 04:30:01'),(544,33,7,75000.00,'2026-06-03 04:30:01','2026-06-03 04:30:01'),(545,33,27,70000.00,'2026-06-03 04:30:01','2026-06-03 04:30:01'),(546,33,8,85000.00,'2026-06-03 04:30:01','2026-06-03 04:30:01'),(547,33,19,70000.00,'2026-06-03 04:30:01','2026-06-03 04:30:01'),(548,33,26,70000.00,'2026-06-03 04:30:01','2026-06-03 04:30:01'),(549,33,30,55000.00,'2026-06-03 04:30:01','2026-06-03 04:30:01'),(550,34,22,60000.00,'2026-06-03 04:30:01','2026-06-03 04:30:01'),(551,34,13,85000.00,'2026-06-03 04:30:01','2026-06-03 04:30:01'),(552,34,25,80000.00,'2026-06-03 04:30:01','2026-06-03 04:30:01'),(553,34,11,85000.00,'2026-06-03 04:30:01','2026-06-03 04:30:01'),(554,34,20,60000.00,'2026-06-03 04:30:01','2026-06-03 04:30:01'),(555,34,7,75000.00,'2026-06-03 04:30:01','2026-06-03 04:30:01'),(556,34,16,85000.00,'2026-06-03 04:30:01','2026-06-03 04:30:01'),(557,34,3,85000.00,'2026-06-03 04:30:01','2026-06-03 04:30:01'),(558,34,32,60000.00,'2026-06-03 04:30:01','2026-06-03 04:30:01'),(559,34,12,100000.00,'2026-06-03 04:30:01','2026-06-03 04:30:01'),(560,34,4,85000.00,'2026-06-03 04:30:01','2026-06-03 04:30:01'),(561,34,10,85000.00,'2026-06-03 04:30:01','2026-06-03 04:30:01'),(562,35,28,80000.00,'2026-06-03 04:30:01','2026-06-03 04:30:01'),(563,35,19,80000.00,'2026-06-03 04:30:01','2026-06-03 04:30:01'),(564,35,26,80000.00,'2026-06-03 04:30:01','2026-06-03 04:30:01'),(565,35,16,100000.00,'2026-06-03 04:30:01','2026-06-03 04:30:01'),(566,35,30,55000.00,'2026-06-03 04:30:01','2026-06-03 04:30:01'),(567,35,14,85000.00,'2026-06-03 04:30:01','2026-06-03 04:30:01'),(568,35,32,55000.00,'2026-06-03 04:30:01','2026-06-03 04:30:01'),(569,35,31,50000.00,'2026-06-03 04:30:01','2026-06-03 04:30:01'),(570,35,11,100000.00,'2026-06-03 04:30:01','2026-06-03 04:30:01'),(571,35,13,75000.00,'2026-06-03 04:30:01','2026-06-03 04:30:01'),(572,35,27,60000.00,'2026-06-03 04:30:01','2026-06-03 04:30:01'),(573,35,12,85000.00,'2026-06-03 04:30:01','2026-06-03 04:30:01'),(574,35,15,100000.00,'2026-06-03 04:30:01','2026-06-03 04:30:01'),(575,35,3,75000.00,'2026-06-03 04:30:01','2026-06-03 04:30:01'),(576,35,8,95000.00,'2026-06-03 04:30:01','2026-06-03 04:30:01'),(577,35,5,95000.00,'2026-06-03 04:30:01','2026-06-03 04:30:01'),(578,35,17,70000.00,'2026-06-03 04:30:01','2026-06-03 04:30:01'),(579,35,18,80000.00,'2026-06-03 04:30:01','2026-06-03 04:30:01'),(580,35,2,75000.00,'2026-06-03 04:30:01','2026-06-03 04:30:01'),(581,35,24,80000.00,'2026-06-03 04:30:01','2026-06-03 04:30:01'),(582,36,11,85000.00,'2026-06-03 04:30:01','2026-06-03 04:30:01'),(583,36,26,70000.00,'2026-06-03 04:30:01','2026-06-03 04:30:01'),(584,36,6,100000.00,'2026-06-03 04:30:01','2026-06-03 04:30:01'),(585,36,1,100000.00,'2026-06-03 04:30:01','2026-06-03 04:30:01'),(586,36,32,50000.00,'2026-06-03 04:30:01','2026-06-03 04:30:01'),(587,36,8,85000.00,'2026-06-03 04:30:01','2026-06-03 04:30:01'),(588,36,3,100000.00,'2026-06-03 04:30:01','2026-06-03 04:30:01'),(589,36,10,95000.00,'2026-06-03 04:30:01','2026-06-03 04:30:01'),(590,36,28,80000.00,'2026-06-03 04:30:01','2026-06-03 04:30:01'),(591,36,29,60000.00,'2026-06-03 04:30:01','2026-06-03 04:30:01'),(592,36,9,75000.00,'2026-06-03 04:30:01','2026-06-03 04:30:01'),(593,36,19,70000.00,'2026-06-03 04:30:01','2026-06-03 04:30:01'),(594,36,7,85000.00,'2026-06-03 04:30:01','2026-06-03 04:30:01'),(595,37,1,95000.00,'2026-06-03 04:30:01','2026-06-03 04:30:01'),(596,37,2,95000.00,'2026-06-03 04:30:01','2026-06-03 04:30:01'),(597,37,27,60000.00,'2026-06-03 04:30:01','2026-06-03 04:30:01'),(598,37,29,50000.00,'2026-06-03 04:30:01','2026-06-03 04:30:01'),(599,37,25,60000.00,'2026-06-03 04:30:01','2026-06-03 04:30:01'),(600,37,16,85000.00,'2026-06-03 04:30:01','2026-06-03 04:30:01'),(601,37,18,80000.00,'2026-06-03 04:30:01','2026-06-03 04:30:01'),(602,37,10,75000.00,'2026-06-03 04:30:01','2026-06-03 04:30:01'),(603,37,4,100000.00,'2026-06-03 04:30:01','2026-06-03 04:30:01'),(604,37,19,70000.00,'2026-06-03 04:30:01','2026-06-03 04:30:01'),(605,37,20,70000.00,'2026-06-03 04:30:01','2026-06-03 04:30:01'),(606,37,21,60000.00,'2026-06-03 04:30:01','2026-06-03 04:30:01'),(607,37,15,75000.00,'2026-06-03 04:30:01','2026-06-03 04:30:01'),(608,37,9,75000.00,'2026-06-03 04:30:01','2026-06-03 04:30:01'),(609,37,7,85000.00,'2026-06-03 04:30:01','2026-06-03 04:30:01'),(610,37,13,85000.00,'2026-06-03 04:30:01','2026-06-03 04:30:01'),(611,37,31,60000.00,'2026-06-03 04:30:01','2026-06-03 04:30:01'),(612,38,18,80000.00,'2026-06-03 04:30:01','2026-06-03 04:30:01'),(613,38,14,85000.00,'2026-06-03 04:30:01','2026-06-03 04:30:01'),(614,38,3,75000.00,'2026-06-03 04:30:01','2026-06-03 04:30:01'),(615,38,22,70000.00,'2026-06-03 04:30:01','2026-06-03 04:30:01'),(616,38,29,55000.00,'2026-06-03 04:30:01','2026-06-03 04:30:01'),(617,38,25,80000.00,'2026-06-03 04:30:01','2026-06-03 04:30:01'),(618,38,24,80000.00,'2026-06-03 04:30:01','2026-06-03 04:30:01'),(619,38,12,75000.00,'2026-06-03 04:30:01','2026-06-03 04:30:01'),(620,38,33,60000.00,'2026-06-03 04:30:01','2026-06-03 04:30:01'),(621,38,8,75000.00,'2026-06-03 04:30:01','2026-06-03 04:30:01'),(622,38,11,85000.00,'2026-06-03 04:30:01','2026-06-03 04:30:01'),(623,38,19,80000.00,'2026-06-03 04:30:01','2026-06-03 04:30:01'),(624,38,9,100000.00,'2026-06-03 04:30:01','2026-06-03 04:30:01'),(625,38,13,95000.00,'2026-06-03 04:30:01','2026-06-03 04:30:01'),(626,38,6,75000.00,'2026-06-03 04:30:01','2026-06-03 04:30:01'),(627,38,20,70000.00,'2026-06-03 04:30:01','2026-06-03 04:30:01'),(628,38,27,60000.00,'2026-06-03 04:30:01','2026-06-03 04:30:01'),(629,38,31,60000.00,'2026-06-03 04:30:01','2026-06-03 04:30:01'),(630,38,16,75000.00,'2026-06-03 04:30:01','2026-06-03 04:30:01'),(631,39,8,75000.00,'2026-06-03 04:30:01','2026-06-03 04:30:01'),(632,39,33,60000.00,'2026-06-03 04:30:01','2026-06-03 04:30:01'),(633,39,1,75000.00,'2026-06-03 04:30:01','2026-06-03 04:30:01'),(634,39,15,85000.00,'2026-06-03 04:30:01','2026-06-03 04:30:01'),(635,39,16,85000.00,'2026-06-03 04:30:01','2026-06-03 04:30:01'),(636,39,28,60000.00,'2026-06-03 04:30:01','2026-06-03 04:30:01'),(637,39,19,80000.00,'2026-06-03 04:30:01','2026-06-03 04:30:01'),(638,39,24,70000.00,'2026-06-03 04:30:01','2026-06-03 04:30:01'),(639,39,23,60000.00,'2026-06-03 04:30:01','2026-06-03 04:30:01'),(640,39,11,85000.00,'2026-06-03 04:30:01','2026-06-03 04:30:01'),(641,39,3,75000.00,'2026-06-03 04:30:01','2026-06-03 04:30:01'),(642,39,32,55000.00,'2026-06-03 04:30:01','2026-06-03 04:30:01'),(643,39,17,80000.00,'2026-06-03 04:30:01','2026-06-03 04:30:01'),(644,39,31,55000.00,'2026-06-03 04:30:01','2026-06-03 04:30:01'),(645,39,20,70000.00,'2026-06-03 04:30:01','2026-06-03 04:30:01'),(646,39,21,60000.00,'2026-06-03 04:30:01','2026-06-03 04:30:01'),(647,39,13,75000.00,'2026-06-03 04:30:01','2026-06-03 04:30:01'),(648,39,12,100000.00,'2026-06-03 04:30:01','2026-06-03 04:30:01'),(649,39,9,85000.00,'2026-06-03 04:30:01','2026-06-03 04:30:01'),(650,40,32,55000.00,'2026-06-03 04:30:01','2026-06-03 04:30:01'),(651,40,10,85000.00,'2026-06-03 04:30:01','2026-06-03 04:30:01'),(652,40,13,85000.00,'2026-06-03 04:30:01','2026-06-03 04:30:01'),(653,40,30,55000.00,'2026-06-03 04:30:01','2026-06-03 04:30:01'),(654,40,2,85000.00,'2026-06-03 04:30:01','2026-06-03 04:30:01'),(655,40,4,75000.00,'2026-06-03 04:30:01','2026-06-03 04:30:01'),(656,40,7,95000.00,'2026-06-03 04:30:01','2026-06-03 04:30:01'),(657,40,23,60000.00,'2026-06-03 04:30:01','2026-06-03 04:30:01'),(658,40,9,100000.00,'2026-06-03 04:30:01','2026-06-03 04:30:01'),(659,40,16,95000.00,'2026-06-03 04:30:01','2026-06-03 04:30:01'),(660,40,19,60000.00,'2026-06-03 04:30:01','2026-06-03 04:30:01'),(661,40,17,80000.00,'2026-06-03 04:30:01','2026-06-03 04:30:01'),(662,40,6,85000.00,'2026-06-03 04:30:01','2026-06-03 04:30:01'),(663,40,29,60000.00,'2026-06-03 04:30:01','2026-06-03 04:30:01'),(664,40,20,80000.00,'2026-06-03 04:30:01','2026-06-03 04:30:01'),(665,40,24,70000.00,'2026-06-03 04:30:01','2026-06-03 04:30:01'),(666,40,18,80000.00,'2026-06-03 04:30:01','2026-06-03 04:30:01'),(667,40,8,100000.00,'2026-06-03 04:30:01','2026-06-03 04:30:01'),(668,40,1,95000.00,'2026-06-03 04:30:01','2026-06-03 04:30:01');
/*!40000 ALTER TABLE `tutor_rates` ENABLE KEYS */;
UNLOCK TABLES;

--
-- Table structure for table `tutors`
--

DROP TABLE IF EXISTS `tutors`;
/*!40101 SET @saved_cs_client     = @@character_set_client */;
/*!50503 SET character_set_client = utf8mb4 */;
CREATE TABLE `tutors` (
  `id` bigint unsigned NOT NULL AUTO_INCREMENT,
  `user_id` bigint unsigned NOT NULL,
  `persona` varchar(255) CHARACTER SET utf8mb4 COLLATE utf8mb4_unicode_ci NOT NULL,
  `created_at` timestamp NULL DEFAULT NULL,
  `updated_at` timestamp NULL DEFAULT NULL,
  PRIMARY KEY (`id`),
  KEY `tutors_user_id_foreign` (`user_id`),
  CONSTRAINT `tutors_user_id_foreign` FOREIGN KEY (`user_id`) REFERENCES `users` (`id`) ON DELETE CASCADE
) ENGINE=InnoDB AUTO_INCREMENT=41 DEFAULT CHARSET=utf8mb4 COLLATE=utf8mb4_unicode_ci;
/*!40101 SET character_set_client = @saved_cs_client */;

--
-- Dumping data for table `tutors`
--

LOCK TABLES `tutors` WRITE;
/*!40000 ALTER TABLE `tutors` DISABLE KEYS */;
INSERT INTO `tutors` VALUES (1,2,'Jago speaking','2026-05-08 19:49:24','2026-05-12 02:31:36'),(2,6,'S1','2026-05-11 23:13:11','2026-05-11 23:13:11'),(3,7,'S1','2026-05-11 23:13:11','2026-05-11 23:13:11'),(4,8,'S1','2026-05-11 23:13:12','2026-05-11 23:13:12'),(5,9,'S1','2026-05-11 23:13:12','2026-05-11 23:13:12'),(6,10,'S1','2026-05-11 23:13:13','2026-05-11 23:13:13'),(7,11,'S1','2026-05-11 23:13:13','2026-05-11 23:13:13'),(8,12,'S1','2026-05-11 23:13:13','2026-05-11 23:13:13'),(9,13,'S1','2026-05-11 23:13:14','2026-05-11 23:13:14'),(10,14,'S1','2026-05-11 23:13:14','2026-05-11 23:13:14'),(11,15,'S1','2026-05-11 23:13:15','2026-05-11 23:13:15'),(12,16,'S1','2026-05-11 23:13:15','2026-05-11 23:13:15'),(13,17,'S1','2026-05-11 23:13:16','2026-05-11 23:13:16'),(14,18,'S1','2026-05-11 23:13:16','2026-05-11 23:13:16'),(15,19,'S1','2026-05-11 23:13:17','2026-05-11 23:13:17'),(16,20,'S1','2026-05-11 23:13:17','2026-05-11 23:13:17'),(17,21,'S1','2026-05-11 23:13:18','2026-05-11 23:13:18'),(18,22,'S1','2026-05-11 23:13:18','2026-05-11 23:13:18'),(19,23,'S1','2026-05-11 23:13:19','2026-05-11 23:13:19'),(20,24,'S1','2026-05-11 23:13:20','2026-05-11 23:13:20'),(21,25,'S1','2026-05-11 23:13:21','2026-05-11 23:13:21'),(22,26,'S1','2026-05-11 23:13:21','2026-05-11 23:13:21'),(23,27,'S1','2026-05-11 23:13:21','2026-05-11 23:13:21'),(24,28,'S1','2026-05-11 23:13:22','2026-05-11 23:13:22'),(25,29,'S1','2026-05-11 23:13:22','2026-05-11 23:13:22'),(26,30,'S1','2026-05-11 23:13:22','2026-05-11 23:13:22'),(27,31,'S1','2026-05-11 23:13:23','2026-05-11 23:13:23'),(28,32,'S1','2026-05-11 23:13:23','2026-05-11 23:13:23'),(29,33,'S1','2026-05-11 23:13:23','2026-05-11 23:13:23'),(30,34,'S1','2026-05-11 23:13:24','2026-05-11 23:13:24'),(31,35,'S1','2026-05-11 23:13:24','2026-05-11 23:13:24'),(32,36,'S1','2026-05-11 23:13:25','2026-05-11 23:13:25'),(33,37,'S1','2026-05-11 23:13:25','2026-05-11 23:13:25'),(34,38,'S1','2026-05-11 23:13:25','2026-05-11 23:13:25'),(35,39,'S1','2026-05-11 23:13:26','2026-05-11 23:13:26'),(36,40,'S1','2026-05-11 23:13:26','2026-05-11 23:13:26'),(37,41,'S1','2026-05-11 23:13:27','2026-05-11 23:13:27'),(38,42,'S1','2026-05-11 23:13:27','2026-05-11 23:13:27'),(39,43,'S1','2026-05-11 23:13:27','2026-05-11 23:13:27'),(40,44,'S1','2026-05-11 23:13:28','2026-05-11 23:13:28');
/*!40000 ALTER TABLE `tutors` ENABLE KEYS */;
UNLOCK TABLES;

--
-- Table structure for table `users`
--

DROP TABLE IF EXISTS `users`;
/*!40101 SET @saved_cs_client     = @@character_set_client */;
/*!50503 SET character_set_client = utf8mb4 */;
CREATE TABLE `users` (
  `id` bigint unsigned NOT NULL AUTO_INCREMENT,
  `name` varchar(255) CHARACTER SET utf8mb4 COLLATE utf8mb4_unicode_ci NOT NULL,
  `email` varchar(255) CHARACTER SET utf8mb4 COLLATE utf8mb4_unicode_ci NOT NULL,
  `phone` varchar(20) CHARACTER SET utf8mb4 COLLATE utf8mb4_unicode_ci DEFAULT NULL,
  `role` varchar(255) CHARACTER SET utf8mb4 COLLATE utf8mb4_unicode_ci NOT NULL DEFAULT 'admin',
  `email_verified_at` timestamp NULL DEFAULT NULL,
  `password` varchar(255) CHARACTER SET utf8mb4 COLLATE utf8mb4_unicode_ci NOT NULL,
  `remember_token` varchar(100) CHARACTER SET utf8mb4 COLLATE utf8mb4_unicode_ci DEFAULT NULL,
  `created_at` timestamp NULL DEFAULT NULL,
  `updated_at` timestamp NULL DEFAULT NULL,
  PRIMARY KEY (`id`),
  UNIQUE KEY `users_email_unique` (`email`)
) ENGINE=InnoDB AUTO_INCREMENT=246 DEFAULT CHARSET=utf8mb4 COLLATE=utf8mb4_unicode_ci;
/*!40101 SET character_set_client = @saved_cs_client */;

--
-- Dumping data for table `users`
--

LOCK TABLES `users` WRITE;
/*!40000 ALTER TABLE `users` DISABLE KEYS */;
INSERT INTO `users` VALUES (1,'CFO','cfo@justspeak.co.id',NULL,'cfo',NULL,'$2y$12$4u7xcABYUJHAv.yjv3/hSugfz6obd7TlrGzzQ0fgcEY84RIPjxO06',NULL,'2026-05-08 03:14:45','2026-05-08 03:14:45'),(2,'Tutor Test','tutor@justspeak.co.id',NULL,'tutor',NULL,'$2y$12$wlXw7nfjxczhkSX53o.F8OXQdlIJuD1z6F7Elv0Ln7DNo4.gdj0Fa',NULL,'2026-05-08 19:34:04','2026-05-08 19:34:04'),(3,'Admin','admin@justspeak.co.id',NULL,'admin',NULL,'$2y$12$ogCvfy9ZcOilSdBmt4wEC.COFA/O3piGi8lWLYHKepgMwUP.DMTzK',NULL,'2026-05-08 19:59:58','2026-05-08 19:59:58'),(5,'Murid','murid@justspeak.co.id',NULL,'student',NULL,'$2y$12$RoPZ7YpA68zkb1SlbEjqdOsA5PHUL9VRh3KTunFs5nbD6ti0XpWbK',NULL,'2026-05-11 02:26:43','2026-05-11 02:26:43'),(6,'Ade Bonita','ade.bonita@justspeak.co.id',NULL,'tutor',NULL,'$2y$12$qJ6gvoutuPPwf/P0FnKe0uteRKHuF1jGjeVdDlPdihHDAoPeykh9i',NULL,'2026-05-11 23:13:11','2026-05-11 23:13:11'),(7,'Adira Salsabila Kirani','adira.salsabila.kirani@justspeak.co.id',NULL,'tutor',NULL,'$2y$12$LOQYRWxLlFayDTdSdjmFC.vVRmdlKTLm3CwnYgUdVAqbxXEs.CX2a',NULL,'2026-05-11 23:13:11','2026-05-11 23:13:11'),(8,'Ali Yaasin','ali.yaasin@justspeak.co.id',NULL,'tutor',NULL,'$2y$12$ZXz/A0muyBLrYcyt20KoAOtS7OGvCJC1.Wo80ZCSDbf6HoQxQ8sBm',NULL,'2026-05-11 23:13:12','2026-05-11 23:13:12'),(9,'Ananta Abimanyu','ananta.abimanyu@justspeak.co.id',NULL,'tutor',NULL,'$2y$12$UHCpl3HJI0x8KTZjbNZD5OMZJnSA8GwTr4zJMnsHC4RQpC9lhxLfC',NULL,'2026-05-11 23:13:12','2026-05-11 23:13:12'),(10,'Arif Rahmansyah','arif.rahmansyah@justspeak.co.id',NULL,'tutor',NULL,'$2y$12$TzCbDYL.9O.UCmXGrLNhp.8OYPszuyxV40p/lI6pU9ZqG3OKDyXKe',NULL,'2026-05-11 23:13:13','2026-05-11 23:13:13'),(11,'Avika Tio Ananda','avika.tio.ananda@justspeak.co.id',NULL,'tutor',NULL,'$2y$12$uUttQZNSHIZZ7Bcwj8ovbeQphnZ107GlUwzN/A567droLi/4RmcHm',NULL,'2026-05-11 23:13:13','2026-05-11 23:13:13'),(12,'Ayu Martiana Septias','ayu.martiana.septias@justspeak.co.id',NULL,'tutor',NULL,'$2y$12$3tJz0T/ZeqgaiB40UVFEUeY3aQy50TOM5H2to2r62irYUuQUKJRAa',NULL,'2026-05-11 23:13:13','2026-05-11 23:13:13'),(13,'Azizah Shofura Ramadhani','azizah.shofura.ramadhani@justspeak.co.id',NULL,'tutor',NULL,'$2y$12$huIDSe9h3eYf3yoPRICMqOjJz6BQFQ1ej73jyjdw8vGai4ntvmhMS',NULL,'2026-05-11 23:13:14','2026-05-11 23:13:14'),(14,'Azka Fatiha Nasya','azka.fatiha.nasya@justspeak.co.id',NULL,'tutor',NULL,'$2y$12$no6X/duCfegbHRzhN3xzk.GlKr85/lWgW7panIIFTwU/BD26wnhhC',NULL,'2026-05-11 23:13:14','2026-05-11 23:13:14'),(15,'Chiara Adellia Chantika','chiara.adellia.chantika@justspeak.co.id',NULL,'tutor',NULL,'$2y$12$RvHUvTZ.4xb6DXgFu2LMxOgxFa573MuK6WMdeA5pxltdIASl8sDPO',NULL,'2026-05-11 23:13:15','2026-05-11 23:13:15'),(16,'Daka Ramadhan','daka.ramadhan@justspeak.co.id',NULL,'tutor',NULL,'$2y$12$X6GAUUj6sgpu3fFASEkXO.o/tGF2pgUPhgZrBBwioUyvJyS10dl0m',NULL,'2026-05-11 23:13:15','2026-05-11 23:13:15'),(17,'Dewi Indah Purnama Sari','dewi.indah.purnama.sari@justspeak.co.id',NULL,'tutor',NULL,'$2y$12$mKGaiK701FgYFKQaMa8vmehKRU4RDNax8OqgwHwK7eDNQDHMB3.6K',NULL,'2026-05-11 23:13:16','2026-05-11 23:13:16'),(18,'Dhanissa Alifia Indrawan','dhanissa.alifia.indrawan@justspeak.co.id',NULL,'tutor',NULL,'$2y$12$AZUTSddqLlEwFKvne35OZ..OQzOGXAvAJ.qb7xFpFxO.6qI.6bfSa',NULL,'2026-05-11 23:13:16','2026-05-11 23:13:16'),(19,'Dian Chesa Khatami','dian.chesa.khatami@justspeak.co.id',NULL,'tutor',NULL,'$2y$12$QtXjkJByuY1.bMqFsU4OF.f36x9B1bzN4nudsMdfr1LJF3kvbcv7e',NULL,'2026-05-11 23:13:17','2026-05-11 23:13:17'),(20,'Dita Indah Ardeyanti','dita.indah.ardeyanti@justspeak.co.id',NULL,'tutor',NULL,'$2y$12$9jZATueUDJfpyrcRzj9FLe.obQQOhDxDaKBA9ZtAXNMJsMzwCq9oO',NULL,'2026-05-11 23:13:17','2026-05-11 23:13:17'),(21,'Fadlan Satria','fadlan.satria@justspeak.co.id',NULL,'tutor',NULL,'$2y$12$173ubKNUmP8lDHNXm5dFdOtHrUrP7kMoMUosqono5B5NoynJzFH4e',NULL,'2026-05-11 23:13:18','2026-05-11 23:13:18'),(22,'Hasyika Nabilla Maharani','hasyika.nabilla.maharani@justspeak.co.id',NULL,'tutor',NULL,'$2y$12$5beRm3zzFMpmGFLlNDiENOBLmuNGZZcpm0lBPCnypxhQLXXMmM4/G',NULL,'2026-05-11 23:13:18','2026-05-11 23:13:18'),(23,'Khanza Az Zahra','khanza.az.zahra@justspeak.co.id',NULL,'tutor',NULL,'$2y$12$4GQbJouvP5Vlo9JLJK0fV.oy2mWqTqksrVHeHvPIo5qrxT4SHMiFC',NULL,'2026-05-11 23:13:19','2026-05-11 23:13:19'),(24,'Lathifa Puan Azizah','lathifa.puan.azizah@justspeak.co.id',NULL,'tutor',NULL,'$2y$12$c1f3Du5906h083273leo5u8lmYvFbUq7cAZ8uQ/6pb9Id987Da5A.',NULL,'2026-05-11 23:13:20','2026-05-11 23:13:20'),(25,'Luftiah Nur Annisa','luftiah.nur.annisa@justspeak.co.id',NULL,'tutor',NULL,'$2y$12$v.HLCcSLWC/q4t4Xo1YyjueCQeY/kiu6O4CgfIOa8KNfIlVYExsia',NULL,'2026-05-11 23:13:20','2026-05-11 23:13:20'),(26,'Maharani Wahyu Tantri','maharani.wahyu.tantri@justspeak.co.id',NULL,'tutor',NULL,'$2y$12$eDfkR5pep2u6LOgBy18qvOPQlxjajj0S7XTwKzBPgbnXtnbZDyY0.',NULL,'2026-05-11 23:13:21','2026-05-11 23:13:21'),(27,'Nadia Putri Partussia','nadia.putri.partussia@justspeak.co.id',NULL,'tutor',NULL,'$2y$12$QQ1eURLEx4sgTf7eQzm8Ie2X7mBLMPOyohbk9P.U2IwS0pbBshrWq',NULL,'2026-05-11 23:13:21','2026-05-11 23:13:21'),(28,'Nazaha Wafaqrana Azumar','nazaha.wafaqrana.azumar@justspeak.co.id',NULL,'tutor',NULL,'$2y$12$0lyQwj7QusBEmzx6c6FZLut9SHONI/e.NNCCca3T5H75lXRi7mokO',NULL,'2026-05-11 23:13:22','2026-05-11 23:13:22'),(29,'Novita Anistiya','novita.anistiya@justspeak.co.id',NULL,'tutor',NULL,'$2y$12$pP1ytkrkuUUTTYd3n8sZ..cmtRDmFWWdkok4kX1pqsbOeOJ7AqY4a',NULL,'2026-05-11 23:13:22','2026-05-11 23:13:22'),(30,'Nurulina Hakim','nurulina.hakim@justspeak.co.id',NULL,'tutor',NULL,'$2y$12$vm4/RiJeRNdPRfZoebmzWepBsVoD2NriKAravyhCozemuzLyUlhAO',NULL,'2026-05-11 23:13:22','2026-05-11 23:13:22'),(31,'Qorrie Aina','qorrie.aina@justspeak.co.id',NULL,'tutor',NULL,'$2y$12$TuILZPPaU1/Kxr17/RWLN.9QR4cFa4JA4ihLPHoM/tW3ku64UpF4K',NULL,'2026-05-11 23:13:23','2026-05-11 23:13:23'),(32,'Rafayfa Chayyira Meysun','rafayfa.chayyira.meysun@justspeak.co.id',NULL,'tutor',NULL,'$2y$12$OfC/B2fDJEwod3GldGnu8uQQ57T7Ey.RXKoBZv8qVPKfNpmC7sYs.',NULL,'2026-05-11 23:13:23','2026-05-11 23:13:23'),(33,'Rasyiq Zahi Nugraha','rasyiq.zahi.nugraha@justspeak.co.id',NULL,'tutor',NULL,'$2y$12$9Kp7mkmBbQ.hpiXDX/.PbuYFbyukmr6KhKBvgUAoUAVSxCN7kGkqq',NULL,'2026-05-11 23:13:23','2026-05-11 23:13:23'),(34,'Raya Febriyan Syaifullah','raya.febriyan.syaifullah@justspeak.co.id',NULL,'tutor',NULL,'$2y$12$nOU/erFtSN8l5YWSiOx5sed37G9k8e6UAkWsLjQiQHDypNMaxk1rS',NULL,'2026-05-11 23:13:24','2026-05-11 23:13:24'),(35,'Reinaldy Aulia Kurniawan','reinaldy@justspeak.co.id',NULL,'tutor',NULL,'$2y$12$9N55i0Jw4BqeCGKGlc.he.Pl9wr7SQaV0MatmZnprT69XCtXVhPCu',NULL,'2026-05-11 23:13:24','2026-05-11 23:55:14'),(36,'Rizal Alamsyah','rizal.alamsyah@justspeak.co.id',NULL,'tutor',NULL,'$2y$12$7iFgf745ij0YWFyGU/3BJONwgkc69iwyFIKWcu.otlaobXyOVSs6C',NULL,'2026-05-11 23:13:25','2026-05-11 23:13:25'),(37,'Sabrina Octariani','sabrina.octariani@justspeak.co.id',NULL,'tutor',NULL,'$2y$12$dg/8aulF5mZla./UZJG7NO/J3eeImkkQXVQYx63M31muQnxhQ84Se',NULL,'2026-05-11 23:13:25','2026-05-11 23:13:25'),(38,'Salsabila Firdaus','salsabila.firdaus@justspeak.co.id',NULL,'tutor',NULL,'$2y$12$ZlqqKMjdpArRAfPDaHAUVOLi3zAwmswZ/geCet.Pwu8ZYhb3xRSam',NULL,'2026-05-11 23:13:25','2026-05-11 23:13:25'),(39,'Salsabilla Adinda','salsabilla.adinda@justspeak.co.id',NULL,'tutor',NULL,'$2y$12$J2EW00qw/uYnF9fTprbd3.VGUKHlePRn2WIJOQVZfDubpnBLQWMyy',NULL,'2026-05-11 23:13:26','2026-05-11 23:13:26'),(40,'Sandrina Wahyuning Dias','sandrina.wahyuning.dias@justspeak.co.id',NULL,'tutor',NULL,'$2y$12$sau2EHhKS.X4dgaTXGLyoeSDYCpYZJUnChNfXpedTGQMBPcL/LR8C',NULL,'2026-05-11 23:13:26','2026-05-11 23:13:26'),(41,'Shine Rahma Dilla','shine.rahma.dilla@justspeak.co.id',NULL,'tutor',NULL,'$2y$12$yZ0UsJlVC9c06EXSf.a6EuYi.YwQzBLGngh/yX4jrrbLSuwPXCyha',NULL,'2026-05-11 23:13:27','2026-05-11 23:13:27'),(42,'Sugesti Aprilia','sugesti.aprilia@justspeak.co.id',NULL,'tutor',NULL,'$2y$12$juqdDGj13Y4rKpO49nCRo.LOdDPmHS5JM5ZODcQaZrhDQ2j484mR2',NULL,'2026-05-11 23:13:27','2026-05-11 23:13:27'),(43,'Tiara Ika Putri Christianingrum','tiara.ika.putri.christianingrum@justspeak.co.id',NULL,'tutor',NULL,'$2y$12$bZPqcaJBc4xYt0TyVGrxDeND8c807mVBMXJ7sMc2zzRk.Bey3CJpm',NULL,'2026-05-11 23:13:27','2026-05-11 23:13:27'),(44,'Tiur Paulina Manik','tiur.paulina.manik@justspeak.co.id',NULL,'tutor',NULL,'$2y$12$b6I/Vd3rrQrLPhJK2jXdNecDg9w0tWmTSXgNopFVil54q1zYTIMEm',NULL,'2026-05-11 23:13:28','2026-05-11 23:13:28'),(226,'Andi Pratama','student100@justspeak.test','08671311760','student',NULL,'$2y$12$SGJO7t/BmlkrFCyhGqm.huUO5cwxlihLaCIzgfQwmmZJ0vV3mMkz6',NULL,'2026-06-03 04:29:56','2026-06-03 04:29:56'),(227,'Budi Santoso','student101@justspeak.test','08487727529','student',NULL,'$2y$12$hTIBUNUy4goUNeVf4aHKE.RnU/7ehN0HYjtIWxzdpgKpabX57x02G',NULL,'2026-06-03 04:29:56','2026-06-03 04:29:56'),(228,'Citra Dewi','student102@justspeak.test','08139729314','student',NULL,'$2y$12$5Kx034e0oesfDWx8CQhG3OBUoh4rBo/dqfvsq/KA3lYTRip0AgKVK',NULL,'2026-06-03 04:29:56','2026-06-03 04:29:56'),(229,'Dian Rahayu','student103@justspeak.test','08250254012','student',NULL,'$2y$12$uCdwnOt2ijpXUd9tzhxWSenY7GMSf2SE9cMNzRToErvAGKhhSgpw2',NULL,'2026-06-03 04:29:56','2026-06-03 04:29:56'),(230,'Eka Putra','student104@justspeak.test','08940267296','student',NULL,'$2y$12$cXJGClUBCLbzoacpKVwL/uKBW8TCm0SrPiURP9xm3KFV4v5KiFeLu',NULL,'2026-06-03 04:29:56','2026-06-03 04:29:56'),(231,'Fajar Nugroho','student105@justspeak.test','08763345732','student',NULL,'$2y$12$Fu5oAYVdXYB.juYMtn.UROb32mRLnF7TNl8r4YEVa0.IVfMqRuDM.',NULL,'2026-06-03 04:29:56','2026-06-03 04:29:56'),(232,'Gita Lestari','student106@justspeak.test','08314378626','student',NULL,'$2y$12$giOuLsauSfzvh2A1UcIiguZ0f5JvMw.tPK36uSfHLjOU5n8gAeb5G',NULL,'2026-06-03 04:29:56','2026-06-03 04:29:56'),(233,'Hendra Wijaya','student107@justspeak.test','08513761494','student',NULL,'$2y$12$UKhBFlxENnzVdMSL2xLgievSON79ukmNmy5kdQP6hUQ3rdUnvbbNO',NULL,'2026-06-03 04:29:56','2026-06-03 04:29:56'),(234,'Indah Permata','student108@justspeak.test','08576718792','student',NULL,'$2y$12$lPhvNOsdsx656m1phVQk2ur6aG2SGk5loKHvFfQOGICpE/8V36sZe',NULL,'2026-06-03 04:29:56','2026-06-03 04:29:56'),(235,'Joko Susilo','student109@justspeak.test','08364059014','student',NULL,'$2y$12$G2NnlCMt0vygcluycyMX/.sedUq51WuVI3LPHTK6iEwTRR0oFz71W',NULL,'2026-06-03 04:29:56','2026-06-03 04:29:56'),(236,'Kartika Sari','student110@justspeak.test','08243485910','student',NULL,'$2y$12$3vi4wNAUI1kq0//e2PRJv.aNfpG60RA5FM41ahV3ufVt0D36lhbQO',NULL,'2026-06-03 04:29:56','2026-06-03 04:29:56'),(237,'Lukman Hakim','student111@justspeak.test','08435382903','student',NULL,'$2y$12$bOlCl49TEs2r7jOt0rpPluJiWfT03jTTcz7xj/UUt6/QIIKqLW6vq',NULL,'2026-06-03 04:29:56','2026-06-03 04:29:56'),(238,'Maya Anggraini','student112@justspeak.test','08657099060','student',NULL,'$2y$12$IMD4qkC9o3Js2hH9M4TJ0e9mNX6.OBQPbSB.8hkIHlucl6wAZvkgS',NULL,'2026-06-03 04:29:56','2026-06-03 04:29:56'),(239,'Nanda Kusuma','student113@justspeak.test','08602144215','student',NULL,'$2y$12$CzWQerZ0t5.4TNyeOo8IgeWgtXHj3XMQ9m32.i6TFbJdXqfKDp6xW',NULL,'2026-06-03 04:29:56','2026-06-03 04:29:56'),(240,'Omar Fauzi','student114@justspeak.test','08530172780','student',NULL,'$2y$12$TH.v/2mt1GkciG5wwLueBuLfYo.kHL/o9LySPF3lFQsUlRBrn/Dt6',NULL,'2026-06-03 04:29:56','2026-06-03 04:29:56'),(241,'Putri Handayani','student115@justspeak.test','08220217920','student',NULL,'$2y$12$2zWQEbiiQIPVucUiJBg1I.wHNhqOqeb76Ni9JpAL76cTBIJw8qOPO',NULL,'2026-06-03 04:29:56','2026-06-03 04:29:56'),(242,'Rizky Maulana','student116@justspeak.test','08492275661','student',NULL,'$2y$12$VwiCWsaZR4eWTWf80ajjhe/2PiMGRM7weFtxXKjRzpcGKaRj0QgQG',NULL,'2026-06-03 04:29:56','2026-06-03 04:29:56'),(243,'Sari Wahyuni','student117@justspeak.test','08442957617','student',NULL,'$2y$12$5LZgCjq3dJtR.oJgbbs4GOUnL14WyefDhHcCnXXmiWShDsHjykb.m',NULL,'2026-06-03 04:29:56','2026-06-03 04:29:56'),(244,'Taufik Hidayat','student118@justspeak.test','08391247138','student',NULL,'$2y$12$jL7frKwBoQTvj8XKSblmTePcjAWABNPwxs6lrSUZ2zM7g4FwhXyLS',NULL,'2026-06-03 04:29:56','2026-06-03 04:29:56'),(245,'Umar Bakri','student119@justspeak.test','08954490206','student',NULL,'$2y$12$eATMqGD7fBM1WfKNwV4tJeXvLkmbDTKFCpehSWGeO/yYBT88P.3My',NULL,'2026-06-03 04:29:56','2026-06-03 04:29:56');
/*!40000 ALTER TABLE `users` ENABLE KEYS */;
UNLOCK TABLES;
/*!40103 SET TIME_ZONE=@OLD_TIME_ZONE */;

/*!40101 SET SQL_MODE=@OLD_SQL_MODE */;
/*!40014 SET FOREIGN_KEY_CHECKS=@OLD_FOREIGN_KEY_CHECKS */;
/*!40014 SET UNIQUE_CHECKS=@OLD_UNIQUE_CHECKS */;
/*!40101 SET CHARACTER_SET_CLIENT=@OLD_CHARACTER_SET_CLIENT */;
/*!40101 SET CHARACTER_SET_RESULTS=@OLD_CHARACTER_SET_RESULTS */;
/*!40101 SET COLLATION_CONNECTION=@OLD_COLLATION_CONNECTION */;
/*!40111 SET SQL_NOTES=@OLD_SQL_NOTES */;

-- Dump completed on 2026-06-03 11:53:47
